# Blender 4.0.2
# www.blender.org
o back_platform
v 0.406467 0.113588 0.012068
v 0.406467 0.226025 0.012068
v 0.481621 0.235508 0.099573
v 0.481621 0.104105 0.099573
v 0.397803 0.107304 0.013391
v 0.397803 0.232310 0.013391
v 0.481108 0.243863 0.110232
v 0.481108 0.095751 0.110232
v 0.403313 0.169807 0.009363
v 0.456816 0.238971 0.063374
v 0.478435 0.169807 0.094414
v 0.456816 0.100643 0.063374
v 0.455673 0.169807 0.060707
v 0.391803 0.169807 0.008992
v 0.400717 0.232310 0.011171
v 0.400717 0.107304 0.011171
v 0.394706 0.169807 0.006764
v 0.451683 0.251779 0.067984
v 0.484131 0.243863 0.108127
v 0.454698 0.251779 0.065867
v 0.477477 0.169807 0.105019
v 0.484131 0.095751 0.108127
v 0.480500 0.169807 0.102914
v 0.451683 0.087834 0.067984
v 0.454698 0.087834 0.065867
v 0.446835 0.169807 0.066968
v 0.432497 0.104216 0.032681
v 0.432978 0.169807 0.032346
v 0.432497 0.235398 0.032681
v 0.426931 0.247545 0.036661
v 0.429902 0.247545 0.034489
v 0.426931 0.092069 0.036661
v 0.429902 0.092069 0.034489
v 0.424428 0.169807 0.038971
v 0.399492 0.113588 0.017789
v 0.399492 0.226025 0.017789
v 0.474160 0.235508 0.104770
v 0.474160 0.104105 0.104770
v 0.395909 0.169807 0.015530
v 0.448879 0.238971 0.068991
v 0.470456 0.169807 0.099971
v 0.448879 0.100643 0.068991
v 0.424802 0.235398 0.038605
v 0.424802 0.104216 0.038605
v 0.445760 0.186921 0.060786
v 0.452676 0.181908 0.070717
v 0.455541 0.169807 0.074830
v 0.452676 0.157705 0.070717
v 0.445760 0.152693 0.060786
v 0.438843 0.157705 0.050855
v 0.435978 0.169807 0.046742
v 0.438843 0.181908 0.050855
v 0.472194 0.186921 0.042375
v 0.479110 0.181908 0.052306
v 0.481975 0.169807 0.056419
v 0.479110 0.157705 0.052306
v 0.472194 0.152693 0.042375
v 0.465277 0.157705 0.032444
v 0.462412 0.169807 0.028331
v 0.465277 0.181908 0.032444
v 0.453046 0.186023 0.055712
v 0.459599 0.181273 0.065121
v 0.462313 0.169807 0.069018
v 0.459599 0.158340 0.065121
v 0.453046 0.153591 0.055712
v 0.446492 0.158340 0.046302
v 0.443778 0.169807 0.042405
v 0.446492 0.181273 0.046302
v 0.464908 0.186023 0.047450
v 0.471461 0.181273 0.056859
v 0.474175 0.169807 0.060757
v 0.471461 0.158340 0.056859
v 0.464908 0.153591 0.047450
v 0.458354 0.158340 0.038041
v 0.455640 0.169807 0.034144
v 0.458354 0.181273 0.038041
v 0.455827 0.182070 0.053775
v 0.460783 0.178478 0.060891
v 0.462836 0.169807 0.063838
v 0.460783 0.161135 0.060891
v 0.455827 0.157543 0.053775
v 0.450870 0.161135 0.046659
v 0.448818 0.169807 0.043711
v 0.450870 0.178478 0.046659
v 0.462126 0.182070 0.049387
v 0.467083 0.178478 0.056503
v 0.469135 0.169807 0.059450
v 0.467083 0.161135 0.056503
v 0.462126 0.157543 0.049387
v 0.457170 0.161135 0.042271
v 0.455118 0.169807 0.039324
v 0.457170 0.178478 0.042271
v 0.446444 0.135651 0.060310
v 0.452474 0.130806 0.066696
v 0.454604 0.121118 0.065212
v 0.450704 0.116273 0.057342
v 0.444675 0.121118 0.050956
v 0.442545 0.130806 0.052440
v 0.474712 0.144881 0.040622
v 0.480741 0.140037 0.047008
v 0.482872 0.130348 0.045524
v 0.478972 0.125504 0.037654
v 0.472943 0.130348 0.031268
v 0.470812 0.140037 0.032752
v 0.446444 0.203963 0.060310
v 0.452474 0.208807 0.066696
v 0.454604 0.218496 0.065212
v 0.450704 0.223340 0.057342
v 0.444675 0.218496 0.050956
v 0.442545 0.208807 0.052440
v 0.474712 0.194733 0.040622
v 0.480741 0.199577 0.047008
v 0.482872 0.209266 0.045524
v 0.478972 0.214110 0.037654
v 0.472943 0.209266 0.031268
v 0.470812 0.199577 0.032752
v 0.473403 0.239462 0.045028
v 0.470126 0.239462 0.040322
v 0.470126 0.100152 0.040322
v 0.473403 0.100152 0.045028
v 0.482035 0.239462 0.039016
v 0.478757 0.239462 0.034310
v 0.478757 0.100152 0.034310
v 0.482035 0.100152 0.039016
v 0.483917 0.169807 0.056937
v 0.462600 0.169807 0.026330
v 0.469159 0.169807 0.021762
v 0.490476 0.169807 0.052369
v 0.484860 0.222220 0.038692
v 0.480040 0.222220 0.031772
v 0.480040 0.117394 0.031772
v 0.484860 0.117394 0.038692
v 0.475050 0.169807 0.024647
v 0.489812 0.169807 0.045843
v 0.472928 0.222220 0.047002
v 0.468109 0.222220 0.040082
v 0.468109 0.117394 0.040082
v 0.472928 0.117394 0.047002
v 0.478160 0.169807 0.053959
v 0.463398 0.169807 0.032763
v 0.476127 0.261100 0.044176
v 0.471869 0.261100 0.038062
v 0.471869 0.078514 0.038062
v 0.476127 0.078514 0.044176
v 0.479987 0.261100 0.041487
v 0.475729 0.261100 0.035374
v 0.475729 0.078514 0.035374
v 0.479987 0.078514 0.041487
v 0.461158 0.241696 0.018803
v 0.451667 0.241696 0.031333
v 0.451353 0.241696 0.047048
v 0.460337 0.241696 0.059947
v 0.475187 0.241696 0.065102
v 0.490230 0.241696 0.060544
v 0.499721 0.241696 0.048014
v 0.500035 0.241696 0.032299
v 0.491051 0.241696 0.019400
v 0.476202 0.241696 0.014245
v 0.461158 0.254578 0.018803
v 0.451667 0.254578 0.031333
v 0.451353 0.254578 0.047048
v 0.460337 0.254578 0.059947
v 0.475187 0.254578 0.065102
v 0.490230 0.254578 0.060544
v 0.499721 0.254578 0.048014
v 0.500035 0.254578 0.032299
v 0.491051 0.254578 0.019400
v 0.476202 0.254578 0.014245
v 0.462453 0.236101 0.020662
v 0.453806 0.236101 0.032075
v 0.453521 0.236101 0.046392
v 0.461705 0.236101 0.058142
v 0.475232 0.236101 0.062838
v 0.488936 0.236101 0.058686
v 0.497582 0.236101 0.047272
v 0.497867 0.236101 0.032955
v 0.489684 0.236101 0.021206
v 0.476156 0.236101 0.016509
v 0.462453 0.260173 0.020662
v 0.453806 0.260173 0.032075
v 0.453521 0.260173 0.046392
v 0.461705 0.260173 0.058142
v 0.475232 0.260173 0.062838
v 0.488936 0.260173 0.058686
v 0.497582 0.260173 0.047272
v 0.497867 0.260173 0.032955
v 0.489684 0.260173 0.021206
v 0.476156 0.260173 0.016509
v 0.468148 0.235425 0.028839
v 0.463221 0.235425 0.035344
v 0.463058 0.235425 0.043503
v 0.467721 0.235425 0.050199
v 0.475431 0.235425 0.052875
v 0.483240 0.235425 0.050509
v 0.488168 0.235425 0.044004
v 0.488331 0.235425 0.035845
v 0.483667 0.235425 0.029149
v 0.475958 0.235425 0.026473
v 0.468148 0.260849 0.028839
v 0.463221 0.260849 0.035344
v 0.463058 0.260849 0.043503
v 0.467721 0.260849 0.050199
v 0.475431 0.260849 0.052875
v 0.483240 0.260849 0.050509
v 0.488168 0.260849 0.044004
v 0.488331 0.260849 0.035845
v 0.483667 0.260849 0.029149
v 0.475958 0.260849 0.026473
v 0.469719 0.236692 0.031094
v 0.465818 0.236692 0.036246
v 0.465689 0.236692 0.042705
v 0.469382 0.236692 0.048007
v 0.475486 0.236692 0.050126
v 0.481669 0.236692 0.048252
v 0.485570 0.236692 0.043102
v 0.485699 0.236692 0.036642
v 0.482007 0.236692 0.031340
v 0.475903 0.236692 0.029222
v 0.469719 0.259582 0.031094
v 0.465818 0.259582 0.036246
v 0.465689 0.259582 0.042705
v 0.469382 0.259582 0.048007
v 0.475486 0.259582 0.050126
v 0.481669 0.259582 0.048252
v 0.485570 0.259582 0.043102
v 0.485699 0.259582 0.036642
v 0.482007 0.259582 0.031340
v 0.475903 0.259582 0.029222
v 0.471550 0.241548 0.033723
v 0.468843 0.241548 0.037295
v 0.468754 0.241548 0.041777
v 0.471315 0.241548 0.045454
v 0.475549 0.241548 0.046924
v 0.479839 0.241548 0.045624
v 0.482545 0.241548 0.042052
v 0.482634 0.241548 0.037571
v 0.480073 0.241548 0.033893
v 0.475839 0.241548 0.032423
v 0.471550 0.254726 0.033723
v 0.468843 0.254726 0.037295
v 0.468754 0.254726 0.041777
v 0.471315 0.254726 0.045454
v 0.475549 0.254726 0.046924
v 0.479839 0.254726 0.045624
v 0.482545 0.254726 0.042052
v 0.482634 0.254726 0.037571
v 0.480073 0.254726 0.033893
v 0.475839 0.254726 0.032423
v 0.461158 0.097917 0.018803
v 0.451667 0.097917 0.031333
v 0.451353 0.097917 0.047048
v 0.460337 0.097917 0.059947
v 0.475187 0.097917 0.065102
v 0.490230 0.097917 0.060544
v 0.499721 0.097917 0.048014
v 0.500035 0.097917 0.032299
v 0.491051 0.097917 0.019400
v 0.476202 0.097917 0.014245
v 0.461158 0.085036 0.018803
v 0.451667 0.085036 0.031333
v 0.451353 0.085036 0.047048
v 0.460337 0.085036 0.059947
v 0.475187 0.085036 0.065102
v 0.490230 0.085036 0.060544
v 0.499721 0.085036 0.048014
v 0.500035 0.085036 0.032299
v 0.491051 0.085036 0.019400
v 0.476202 0.085036 0.014245
v 0.462453 0.103513 0.020662
v 0.453806 0.103513 0.032075
v 0.453521 0.103513 0.046392
v 0.461705 0.103513 0.058142
v 0.475232 0.103513 0.062838
v 0.488936 0.103513 0.058686
v 0.497582 0.103513 0.047272
v 0.497867 0.103513 0.032955
v 0.489684 0.103513 0.021206
v 0.476156 0.103513 0.016509
v 0.462453 0.079440 0.020662
v 0.453806 0.079440 0.032075
v 0.453521 0.079440 0.046392
v 0.461705 0.079440 0.058142
v 0.475232 0.079440 0.062838
v 0.488936 0.079440 0.058686
v 0.497582 0.079440 0.047272
v 0.497867 0.079440 0.032955
v 0.489684 0.079440 0.021206
v 0.476156 0.079440 0.016509
v 0.468148 0.104189 0.028839
v 0.463221 0.104189 0.035344
v 0.463058 0.104189 0.043503
v 0.467721 0.104189 0.050199
v 0.475431 0.104189 0.052875
v 0.483240 0.104189 0.050509
v 0.488168 0.104189 0.044004
v 0.488331 0.104189 0.035845
v 0.483667 0.104189 0.029149
v 0.475958 0.104189 0.026473
v 0.468148 0.078764 0.028839
v 0.463221 0.078764 0.035344
v 0.463058 0.078764 0.043503
v 0.467721 0.078764 0.050199
v 0.475431 0.078764 0.052875
v 0.483240 0.078764 0.050509
v 0.488168 0.078764 0.044004
v 0.488331 0.078764 0.035845
v 0.483667 0.078764 0.029149
v 0.475958 0.078764 0.026473
v 0.469719 0.102921 0.031094
v 0.465818 0.102921 0.036246
v 0.465689 0.102921 0.042705
v 0.469382 0.102921 0.048007
v 0.475486 0.102921 0.050126
v 0.481669 0.102921 0.048252
v 0.485570 0.102921 0.043102
v 0.485699 0.102921 0.036642
v 0.482007 0.102921 0.031340
v 0.475903 0.102921 0.029222
v 0.469719 0.080032 0.031094
v 0.465818 0.080032 0.036246
v 0.465689 0.080032 0.042705
v 0.469382 0.080032 0.048007
v 0.475486 0.080032 0.050126
v 0.481669 0.080032 0.048252
v 0.485570 0.080032 0.043102
v 0.485699 0.080032 0.036642
v 0.482007 0.080032 0.031340
v 0.475903 0.080032 0.029222
v 0.471550 0.098066 0.033723
v 0.468843 0.098066 0.037295
v 0.468754 0.098066 0.041777
v 0.471315 0.098066 0.045454
v 0.475549 0.098066 0.046924
v 0.479839 0.098066 0.045624
v 0.482545 0.098066 0.042052
v 0.482634 0.098066 0.037571
v 0.480073 0.098066 0.033893
v 0.475839 0.098066 0.032423
v 0.471550 0.084887 0.033723
v 0.468843 0.084887 0.037295
v 0.468754 0.084887 0.041777
v 0.471315 0.084887 0.045454
v 0.475549 0.084887 0.046924
v 0.479839 0.084887 0.045624
v 0.482545 0.084887 0.042052
v 0.482634 0.084887 0.037571
v 0.480073 0.084887 0.033893
v 0.475839 0.084887 0.032423
v 0.393786 0.134280 0.008284
v 0.391871 0.134358 0.011074
v 0.392402 0.134280 0.009431
v 0.393786 0.205333 0.008284
v 0.393186 0.169807 0.007844
v 0.397377 0.134358 0.006599
v 0.395307 0.134280 0.007205
v 0.412692 0.095315 0.022338
v 0.399195 0.107304 0.012250
v 0.412692 0.244299 0.022338
v 0.399195 0.232310 0.012250
v 0.397377 0.205256 0.006599
v 0.395307 0.205333 0.007205
v 0.391871 0.205256 0.011074
v 0.392402 0.205333 0.009431
v 0.470197 0.253602 0.091389
v 0.482265 0.212915 0.108716
v 0.482598 0.243862 0.109194
v 0.473009 0.252299 0.088991
v 0.471730 0.253602 0.090322
v 0.440469 0.249459 0.049128
v 0.453166 0.251779 0.066936
v 0.467135 0.252299 0.093087
v 0.468708 0.253602 0.092428
v 0.478871 0.212724 0.109938
v 0.480775 0.212915 0.109754
v 0.482265 0.126698 0.108716
v 0.478968 0.169807 0.103982
v 0.484748 0.212724 0.105846
v 0.483798 0.212915 0.107649
v 0.470197 0.086011 0.091389
v 0.482598 0.095751 0.109194
v 0.484748 0.126890 0.105846
v 0.483798 0.126698 0.107649
v 0.478871 0.126890 0.109938
v 0.480775 0.126698 0.109754
v 0.467135 0.087314 0.093087
v 0.468708 0.086011 0.092428
v 0.440469 0.090155 0.049128
v 0.453166 0.087834 0.066936
v 0.473009 0.087314 0.088991
v 0.471730 0.086011 0.090322
v 0.443484 0.248215 0.047012
v 0.441999 0.249459 0.048057
v 0.428374 0.247545 0.035563
v 0.437682 0.248215 0.051228
v 0.439002 0.249459 0.050198
v 0.410150 0.243155 0.024667
v 0.411277 0.244299 0.023462
v 0.415760 0.243155 0.020269
v 0.414217 0.244299 0.021261
v 0.437682 0.091399 0.051228
v 0.439002 0.090155 0.050198
v 0.428374 0.092069 0.035563
v 0.443484 0.091399 0.047012
v 0.441999 0.090155 0.048057
v 0.415760 0.096458 0.020269
v 0.414217 0.095315 0.021261
v 0.410150 0.096458 0.024667
v 0.411277 0.095315 0.023462
v 0.425675 0.093284 0.037768
v 0.409063 0.133276 0.025881
v 0.409654 0.106761 0.025752
v 0.397109 0.108083 0.014883
v 0.450280 0.089115 0.068896
v 0.436246 0.131225 0.052090
v 0.436707 0.102600 0.051934
v 0.479154 0.096791 0.110300
v 0.461484 0.128689 0.087821
v 0.464570 0.098980 0.091455
v 0.475639 0.169807 0.105306
v 0.473204 0.128074 0.103852
v 0.479154 0.242822 0.110300
v 0.461484 0.210925 0.087821
v 0.473204 0.211540 0.103852
v 0.450280 0.250498 0.068896
v 0.464570 0.240634 0.091455
v 0.425675 0.246330 0.037768
v 0.436246 0.208388 0.052090
v 0.436707 0.237013 0.051934
v 0.397109 0.231531 0.014883
v 0.409063 0.206338 0.025881
v 0.409654 0.232853 0.025752
v 0.391286 0.169807 0.010652
v 0.396354 0.205001 0.015811
v 0.396354 0.134612 0.015811
v 0.459548 0.169807 0.085129
v 0.447498 0.130101 0.067829
v 0.447498 0.209512 0.067829
v 0.436144 0.169807 0.052035
v 0.424465 0.132153 0.038933
v 0.408973 0.169807 0.025878
v 0.424465 0.207461 0.038933
v 0.470187 0.210925 0.081749
v 0.481118 0.211540 0.098340
v 0.470187 0.128689 0.081749
v 0.468339 0.169807 0.078996
v 0.444879 0.208388 0.045735
v 0.456245 0.209512 0.061632
v 0.472480 0.240634 0.085937
v 0.472480 0.098980 0.085937
v 0.444879 0.131225 0.045735
v 0.456245 0.130101 0.061632
v 0.481118 0.128074 0.098340
v 0.417256 0.206338 0.019227
v 0.403705 0.205001 0.009699
v 0.396797 0.169807 0.006167
v 0.402605 0.231531 0.010465
v 0.402605 0.108083 0.010465
v 0.417256 0.133276 0.019227
v 0.403705 0.134612 0.009699
v 0.456140 0.250498 0.064761
v 0.484986 0.242822 0.106238
v 0.481524 0.169807 0.101207
v 0.484986 0.096791 0.106238
v 0.456140 0.089115 0.064761
v 0.444547 0.102600 0.046180
v 0.432930 0.132153 0.032380
v 0.444865 0.169807 0.045612
v 0.417129 0.106761 0.019734
v 0.417245 0.169807 0.019152
v 0.432930 0.207461 0.032380
v 0.444547 0.237013 0.046180
v 0.417129 0.232853 0.019734
v 0.431392 0.246330 0.033451
v 0.431392 0.093284 0.033451
v 0.475931 0.154021 0.047741
v 0.471728 0.154104 0.050626
v 0.476985 0.163303 0.058174
v 0.474891 0.157769 0.055167
v 0.466659 0.156673 0.052860
v 0.468448 0.154850 0.052534
v 0.464294 0.154104 0.039952
v 0.468011 0.152782 0.045289
v 0.454781 0.163268 0.073740
v 0.458917 0.163303 0.070758
v 0.453660 0.154104 0.063210
v 0.456822 0.157769 0.067751
v 0.461910 0.164366 0.065544
v 0.461594 0.163611 0.067985
v 0.458917 0.176311 0.070758
v 0.459672 0.169807 0.071843
v 0.463172 0.176345 0.029423
v 0.459036 0.176311 0.032403
v 0.459036 0.163303 0.032403
v 0.458281 0.169807 0.031319
v 0.456044 0.175247 0.037618
v 0.456359 0.176002 0.035176
v 0.464294 0.185509 0.039952
v 0.461131 0.181845 0.035410
v 0.449496 0.154021 0.066152
v 0.446225 0.154104 0.052536
v 0.449942 0.152782 0.057873
v 0.457512 0.156673 0.059230
v 0.456586 0.154850 0.060796
v 0.463172 0.163268 0.029423
v 0.461131 0.157769 0.035410
v 0.456044 0.164366 0.037618
v 0.456359 0.163611 0.035176
v 0.442023 0.154021 0.055421
v 0.440968 0.163303 0.044987
v 0.443062 0.157769 0.047995
v 0.451294 0.156673 0.050302
v 0.449505 0.154850 0.050628
v 0.468457 0.154021 0.037010
v 0.460441 0.156673 0.043932
v 0.461367 0.154850 0.042366
v 0.436738 0.176345 0.047834
v 0.440968 0.176311 0.044987
v 0.446225 0.185509 0.052536
v 0.443062 0.181845 0.047995
v 0.446897 0.175247 0.043989
v 0.444497 0.176002 0.043438
v 0.440213 0.169807 0.043903
v 0.475931 0.185592 0.047741
v 0.471728 0.185509 0.050626
v 0.468011 0.186831 0.045289
v 0.466659 0.182941 0.052860
v 0.468448 0.184764 0.052534
v 0.476985 0.176311 0.058174
v 0.474891 0.181845 0.055167
v 0.481215 0.176345 0.055329
v 0.471056 0.175247 0.059173
v 0.473456 0.176002 0.059723
v 0.477741 0.169807 0.059259
v 0.442023 0.185592 0.055421
v 0.453660 0.185509 0.063210
v 0.449942 0.186831 0.057873
v 0.451294 0.182941 0.050302
v 0.449505 0.184764 0.050628
v 0.481215 0.163268 0.055329
v 0.471056 0.164366 0.059173
v 0.473456 0.163611 0.059723
v 0.468457 0.185592 0.037010
v 0.460441 0.182941 0.043932
v 0.461367 0.184764 0.042366
v 0.436738 0.163268 0.047834
v 0.446897 0.164366 0.043989
v 0.444497 0.163611 0.043438
v 0.449496 0.185592 0.066152
v 0.456822 0.181845 0.067751
v 0.457512 0.182941 0.059230
v 0.456586 0.184764 0.060796
v 0.454781 0.176345 0.073740
v 0.461910 0.175247 0.065544
v 0.461594 0.176002 0.067985
v 0.448648 0.159738 0.046503
v 0.456455 0.159158 0.047961
v 0.453149 0.158495 0.049931
v 0.454403 0.155567 0.054766
v 0.454403 0.184047 0.054766
v 0.456455 0.180455 0.047961
v 0.453149 0.181118 0.049931
v 0.448648 0.179876 0.046503
v 0.461498 0.159158 0.055200
v 0.458504 0.158495 0.057619
v 0.460158 0.159738 0.063029
v 0.465063 0.165396 0.060319
v 0.462291 0.165121 0.063057
v 0.462542 0.169807 0.066451
v 0.455411 0.169807 0.036710
v 0.452890 0.174218 0.042842
v 0.455662 0.174492 0.040105
v 0.457795 0.179876 0.040133
v 0.465063 0.174218 0.060319
v 0.462291 0.174492 0.063057
v 0.460158 0.179876 0.063029
v 0.457795 0.159738 0.040133
v 0.452890 0.165396 0.042842
v 0.455662 0.165121 0.040105
v 0.461498 0.180455 0.055200
v 0.458504 0.181118 0.057619
v 0.463550 0.155567 0.048396
v 0.459449 0.158495 0.045543
v 0.459449 0.181118 0.045543
v 0.463550 0.184047 0.048396
v 0.469305 0.159738 0.056658
v 0.464804 0.158495 0.053232
v 0.471688 0.169807 0.060081
v 0.468591 0.165121 0.058669
v 0.469305 0.179876 0.056658
v 0.468591 0.174492 0.058669
v 0.464804 0.181118 0.053232
v 0.449362 0.174492 0.044492
v 0.446264 0.169807 0.043081
v 0.449362 0.165121 0.044492
v 0.458977 0.181352 0.051581
v 0.463642 0.177970 0.058280
v 0.465575 0.169807 0.061055
v 0.463642 0.161643 0.058280
v 0.458977 0.158262 0.051581
v 0.454311 0.161643 0.044881
v 0.452378 0.169807 0.042107
v 0.454311 0.177970 0.044881
v 0.455434 0.248137 0.024327
v 0.468324 0.248137 0.015349
v 0.461158 0.248137 0.018803
v 0.455615 0.237850 0.024464
v 0.455434 0.241696 0.024327
v 0.450283 0.248137 0.039167
v 0.451667 0.248137 0.031333
v 0.455615 0.258423 0.024464
v 0.455434 0.254578 0.024327
v 0.450509 0.237850 0.039171
v 0.450283 0.241696 0.039167
v 0.454838 0.248137 0.054200
v 0.451353 0.248137 0.047048
v 0.450509 0.258423 0.039171
v 0.450283 0.254578 0.039167
v 0.455023 0.237850 0.054071
v 0.454838 0.241696 0.054200
v 0.467359 0.248137 0.063685
v 0.460337 0.248137 0.059947
v 0.455023 0.258423 0.054071
v 0.454838 0.254578 0.054200
v 0.467433 0.237850 0.063471
v 0.467359 0.241696 0.063685
v 0.483064 0.248137 0.063998
v 0.475187 0.248137 0.065102
v 0.467433 0.258423 0.063471
v 0.467359 0.254578 0.063685
v 0.482999 0.237850 0.063782
v 0.483064 0.241696 0.063998
v 0.495955 0.248137 0.055021
v 0.490230 0.248137 0.060544
v 0.482999 0.258423 0.063782
v 0.483064 0.254578 0.063998
v 0.495774 0.237850 0.054884
v 0.495955 0.241696 0.055021
v 0.501106 0.248137 0.040181
v 0.499721 0.248137 0.048014
v 0.495774 0.258423 0.054884
v 0.495955 0.254578 0.055021
v 0.500880 0.237850 0.040176
v 0.501106 0.241696 0.040181
v 0.496551 0.248137 0.025147
v 0.500035 0.248137 0.032299
v 0.500880 0.258423 0.040176
v 0.501106 0.254578 0.040181
v 0.496365 0.237850 0.025277
v 0.496551 0.241696 0.025147
v 0.484030 0.248137 0.015663
v 0.491051 0.248137 0.019400
v 0.496365 0.258423 0.025277
v 0.496551 0.254578 0.025147
v 0.483955 0.237850 0.015876
v 0.484030 0.241696 0.015663
v 0.476202 0.248137 0.014245
v 0.483955 0.258423 0.015876
v 0.484030 0.254578 0.015663
v 0.468390 0.237850 0.015566
v 0.468324 0.241696 0.015349
v 0.468390 0.258423 0.015566
v 0.468324 0.254578 0.015349
v 0.461288 0.237850 0.018989
v 0.461207 0.235492 0.028700
v 0.457238 0.236101 0.025694
v 0.451881 0.237850 0.031408
v 0.475191 0.258423 0.064876
v 0.469734 0.260782 0.056843
v 0.468101 0.260173 0.061547
v 0.460474 0.258423 0.059767
v 0.457523 0.235492 0.039310
v 0.452545 0.236101 0.039212
v 0.451570 0.237850 0.046983
v 0.461288 0.258423 0.018989
v 0.470424 0.260782 0.022280
v 0.468980 0.260173 0.017515
v 0.476197 0.258423 0.014472
v 0.490101 0.258423 0.060358
v 0.480964 0.260782 0.057067
v 0.482408 0.260173 0.061832
v 0.460780 0.235492 0.050061
v 0.456695 0.236101 0.052907
v 0.460474 0.237850 0.059767
v 0.499507 0.258423 0.047940
v 0.490181 0.260782 0.050648
v 0.494150 0.260173 0.053654
v 0.469734 0.235492 0.056843
v 0.468101 0.236101 0.061547
v 0.475191 0.237850 0.064876
v 0.499818 0.258423 0.032364
v 0.493865 0.260782 0.040036
v 0.498843 0.260173 0.040136
v 0.480964 0.235492 0.057067
v 0.482408 0.236101 0.061832
v 0.490101 0.237850 0.060358
v 0.476197 0.237850 0.014472
v 0.470424 0.235492 0.022280
v 0.468980 0.236101 0.017515
v 0.490914 0.258423 0.019580
v 0.490608 0.260782 0.029287
v 0.494694 0.260173 0.026441
v 0.490181 0.235492 0.050648
v 0.494150 0.236101 0.053654
v 0.499507 0.237850 0.047940
v 0.481654 0.260782 0.022504
v 0.483287 0.260173 0.017801
v 0.493865 0.235492 0.040036
v 0.498843 0.236101 0.040136
v 0.499818 0.237850 0.032364
v 0.490608 0.235492 0.029287
v 0.494694 0.236101 0.026441
v 0.490914 0.237850 0.019580
v 0.481654 0.235492 0.022504
v 0.483287 0.236101 0.017801
v 0.451881 0.258423 0.031408
v 0.461207 0.260782 0.028700
v 0.457238 0.260173 0.025694
v 0.451570 0.258423 0.046983
v 0.457523 0.260782 0.039310
v 0.452545 0.260173 0.039212
v 0.460780 0.260782 0.050061
v 0.456695 0.260173 0.052907
v 0.464713 0.235492 0.054170
v 0.472051 0.235551 0.050169
v 0.471367 0.235425 0.052139
v 0.475331 0.235492 0.057856
v 0.486675 0.235492 0.025177
v 0.479338 0.235551 0.029179
v 0.480021 0.235425 0.027208
v 0.476057 0.235492 0.021492
v 0.472472 0.235551 0.029041
v 0.471867 0.235425 0.027045
v 0.465301 0.235492 0.024751
v 0.493099 0.235492 0.034400
v 0.484811 0.235551 0.033324
v 0.486522 0.235425 0.032132
v 0.466838 0.235551 0.032965
v 0.465175 0.235425 0.031706
v 0.458514 0.235492 0.033710
v 0.492875 0.235492 0.045638
v 0.486802 0.235551 0.039895
v 0.488887 0.235425 0.039937
v 0.476057 0.260782 0.021492
v 0.479338 0.260723 0.029179
v 0.480021 0.260849 0.027208
v 0.486675 0.260782 0.025177
v 0.486088 0.235492 0.054597
v 0.484550 0.235551 0.046382
v 0.486212 0.235425 0.047641
v 0.484811 0.260723 0.033324
v 0.486522 0.260849 0.032132
v 0.493099 0.260782 0.034400
v 0.486802 0.260723 0.039895
v 0.488887 0.260849 0.039937
v 0.492875 0.260782 0.045638
v 0.478916 0.235551 0.050306
v 0.479520 0.235425 0.052302
v 0.458289 0.235492 0.044948
v 0.466578 0.235551 0.046023
v 0.464866 0.235425 0.047215
v 0.484550 0.260723 0.046382
v 0.486212 0.260849 0.047641
v 0.486088 0.260782 0.054597
v 0.478916 0.260723 0.050306
v 0.479520 0.260849 0.052302
v 0.475331 0.260782 0.057856
v 0.465301 0.260782 0.024751
v 0.472472 0.260723 0.029041
v 0.471867 0.260849 0.027045
v 0.472051 0.260723 0.050169
v 0.471367 0.260849 0.052139
v 0.464713 0.260782 0.054170
v 0.466578 0.260723 0.046023
v 0.464866 0.260849 0.047215
v 0.458289 0.260782 0.044948
v 0.464587 0.235551 0.039452
v 0.462501 0.235425 0.039410
v 0.464587 0.260723 0.039452
v 0.462501 0.260849 0.039410
v 0.458514 0.260782 0.033710
v 0.466838 0.260723 0.032965
v 0.465175 0.260849 0.031706
v 0.468982 0.260723 0.048535
v 0.468166 0.256817 0.044917
v 0.467121 0.259582 0.045645
v 0.465055 0.260723 0.042898
v 0.482407 0.235551 0.030812
v 0.478702 0.239457 0.031007
v 0.479120 0.236692 0.029803
v 0.475916 0.235551 0.028559
v 0.475916 0.260723 0.028559
v 0.478702 0.256817 0.031007
v 0.479120 0.259582 0.029803
v 0.482407 0.260723 0.030812
v 0.475472 0.260723 0.050789
v 0.472686 0.256817 0.048340
v 0.472268 0.259582 0.049544
v 0.482048 0.260723 0.048796
v 0.478354 0.256817 0.048453
v 0.478724 0.259582 0.049672
v 0.469340 0.235551 0.030551
v 0.468381 0.239457 0.034134
v 0.467366 0.236692 0.033365
v 0.465192 0.235551 0.036028
v 0.469340 0.260723 0.030551
v 0.473034 0.256817 0.030893
v 0.472665 0.259582 0.029675
v 0.466522 0.239457 0.039490
v 0.465248 0.236692 0.039465
v 0.465055 0.235551 0.042898
v 0.486196 0.260723 0.043319
v 0.483007 0.256817 0.045213
v 0.484022 0.259582 0.045982
v 0.468166 0.239457 0.044917
v 0.467121 0.236692 0.045645
v 0.468982 0.235551 0.048535
v 0.472686 0.239457 0.048340
v 0.472268 0.236692 0.049544
v 0.475472 0.235551 0.050789
v 0.478354 0.239457 0.048453
v 0.478724 0.236692 0.049672
v 0.482048 0.235551 0.048796
v 0.473034 0.239457 0.030893
v 0.472665 0.236692 0.029675
v 0.483007 0.239457 0.045213
v 0.484022 0.236692 0.045982
v 0.486196 0.235551 0.043319
v 0.465192 0.260723 0.036028
v 0.468381 0.256817 0.034134
v 0.467366 0.259582 0.033365
v 0.484866 0.239457 0.039857
v 0.486140 0.236692 0.039882
v 0.486334 0.235551 0.036450
v 0.486334 0.260723 0.036450
v 0.484866 0.256817 0.039857
v 0.486140 0.259582 0.039882
v 0.466522 0.256817 0.039490
v 0.465248 0.259582 0.039465
v 0.483222 0.239457 0.034431
v 0.484267 0.236692 0.033703
v 0.483222 0.256817 0.034431
v 0.484267 0.259582 0.033703
v 0.466833 0.239408 0.042358
v 0.475694 0.243342 0.039674
v 0.470567 0.242091 0.043245
v 0.470104 0.239408 0.047054
v 0.466947 0.256866 0.036637
v 0.475694 0.252932 0.039674
v 0.470714 0.254183 0.035901
v 0.470402 0.256866 0.032076
v 0.475878 0.239408 0.030416
v 0.473882 0.242091 0.033694
v 0.470402 0.239408 0.032076
v 0.466947 0.239408 0.036637
v 0.469447 0.242091 0.039549
v 0.466833 0.256866 0.042358
v 0.469447 0.254183 0.039549
v 0.470714 0.242091 0.035901
v 0.484441 0.256866 0.042710
v 0.480675 0.254183 0.043447
v 0.480986 0.256866 0.047271
v 0.473882 0.254183 0.033694
v 0.475878 0.256866 0.030416
v 0.470104 0.256866 0.047054
v 0.470567 0.254183 0.043245
v 0.477743 0.254183 0.033771
v 0.481284 0.256866 0.032293
v 0.477506 0.254183 0.045654
v 0.475509 0.256866 0.048930
v 0.480822 0.254183 0.036102
v 0.484555 0.256866 0.036989
v 0.484441 0.239408 0.042710
v 0.481941 0.242091 0.039798
v 0.484555 0.239408 0.036989
v 0.480822 0.242091 0.036102
v 0.481284 0.239408 0.032293
v 0.480986 0.239408 0.047271
v 0.480675 0.242091 0.043447
v 0.473645 0.254183 0.045577
v 0.475509 0.239408 0.048930
v 0.477506 0.242091 0.045654
v 0.477743 0.242091 0.033771
v 0.473645 0.242091 0.045577
v 0.481941 0.254183 0.039798
v 0.455434 0.091477 0.024327
v 0.455615 0.081190 0.024464
v 0.455434 0.085036 0.024327
v 0.450283 0.091477 0.039167
v 0.451667 0.091477 0.031333
v 0.455615 0.101763 0.024464
v 0.455434 0.097917 0.024327
v 0.468324 0.091477 0.015349
v 0.461158 0.091477 0.018803
v 0.450509 0.081190 0.039171
v 0.450283 0.085036 0.039167
v 0.454838 0.091477 0.054200
v 0.451353 0.091477 0.047048
v 0.450509 0.101763 0.039171
v 0.450283 0.097917 0.039167
v 0.455023 0.081190 0.054071
v 0.454838 0.085036 0.054200
v 0.467359 0.091477 0.063685
v 0.460337 0.091477 0.059947
v 0.455023 0.101763 0.054071
v 0.454838 0.097917 0.054200
v 0.467433 0.081190 0.063471
v 0.467359 0.085036 0.063685
v 0.483064 0.091477 0.063998
v 0.475187 0.091477 0.065102
v 0.467433 0.101763 0.063471
v 0.467359 0.097917 0.063685
v 0.482999 0.081190 0.063782
v 0.483064 0.085036 0.063998
v 0.495955 0.091477 0.055021
v 0.490230 0.091477 0.060544
v 0.482999 0.101763 0.063782
v 0.483064 0.097917 0.063998
v 0.495774 0.081190 0.054884
v 0.495955 0.085036 0.055021
v 0.501106 0.091477 0.040181
v 0.499721 0.091477 0.048014
v 0.495774 0.101763 0.054884
v 0.495955 0.097917 0.055021
v 0.500880 0.081190 0.040176
v 0.501106 0.085036 0.040181
v 0.496551 0.091477 0.025147
v 0.500035 0.091477 0.032299
v 0.500880 0.101763 0.040176
v 0.501106 0.097917 0.040181
v 0.496365 0.081190 0.025277
v 0.496551 0.085036 0.025147
v 0.484030 0.091477 0.015663
v 0.491051 0.091477 0.019400
v 0.496365 0.101763 0.025277
v 0.496551 0.097917 0.025147
v 0.483955 0.081190 0.015876
v 0.484030 0.085036 0.015663
v 0.476202 0.091477 0.014245
v 0.483955 0.101763 0.015876
v 0.484030 0.097917 0.015663
v 0.468390 0.081190 0.015566
v 0.468324 0.085036 0.015349
v 0.468390 0.101763 0.015566
v 0.468324 0.097917 0.015349
v 0.451881 0.101763 0.031408
v 0.461207 0.104121 0.028700
v 0.457238 0.103513 0.025694
v 0.461288 0.101763 0.018989
v 0.460474 0.081190 0.059767
v 0.469734 0.078832 0.056843
v 0.468101 0.079440 0.061547
v 0.475191 0.081190 0.064876
v 0.451570 0.101763 0.046983
v 0.457523 0.104121 0.039310
v 0.452545 0.103513 0.039212
v 0.476197 0.081190 0.014472
v 0.470424 0.078832 0.022280
v 0.468980 0.079440 0.017515
v 0.461288 0.081190 0.018989
v 0.480964 0.078832 0.057067
v 0.482408 0.079440 0.061832
v 0.490101 0.081190 0.060358
v 0.460474 0.101763 0.059767
v 0.460780 0.104121 0.050061
v 0.456695 0.103513 0.052907
v 0.490181 0.078832 0.050648
v 0.494150 0.079440 0.053654
v 0.499507 0.081190 0.047940
v 0.475191 0.101763 0.064876
v 0.469734 0.104121 0.056843
v 0.468101 0.103513 0.061547
v 0.493865 0.078832 0.040036
v 0.498843 0.079440 0.040136
v 0.499818 0.081190 0.032364
v 0.490101 0.101763 0.060358
v 0.480964 0.104121 0.057067
v 0.482408 0.103513 0.061832
v 0.470424 0.104121 0.022280
v 0.468980 0.103513 0.017515
v 0.476197 0.101763 0.014472
v 0.490608 0.078832 0.029287
v 0.494694 0.079440 0.026441
v 0.490914 0.081190 0.019580
v 0.499507 0.101763 0.047940
v 0.490181 0.104121 0.050648
v 0.494150 0.103513 0.053654
v 0.481654 0.078832 0.022504
v 0.483287 0.079440 0.017801
v 0.499818 0.101763 0.032364
v 0.493865 0.104121 0.040036
v 0.498843 0.103513 0.040136
v 0.490914 0.101763 0.019580
v 0.490608 0.104121 0.029287
v 0.494694 0.103513 0.026441
v 0.481654 0.104121 0.022504
v 0.483287 0.103513 0.017801
v 0.461207 0.078832 0.028700
v 0.457238 0.079440 0.025694
v 0.451881 0.081190 0.031408
v 0.457523 0.078832 0.039310
v 0.452545 0.079440 0.039212
v 0.451570 0.081190 0.046983
v 0.460780 0.078832 0.050061
v 0.456695 0.079440 0.052907
v 0.475331 0.104121 0.057856
v 0.472051 0.104062 0.050169
v 0.471367 0.104189 0.052139
v 0.464713 0.104121 0.054170
v 0.476057 0.104121 0.021492
v 0.479338 0.104062 0.029179
v 0.480021 0.104189 0.027208
v 0.486675 0.104121 0.025177
v 0.465301 0.104121 0.024751
v 0.472472 0.104062 0.029041
v 0.471867 0.104189 0.027045
v 0.484811 0.104062 0.033324
v 0.486522 0.104189 0.032132
v 0.493099 0.104121 0.034400
v 0.458514 0.104121 0.033710
v 0.466838 0.104062 0.032965
v 0.465175 0.104189 0.031706
v 0.486802 0.104062 0.039895
v 0.488887 0.104189 0.039937
v 0.492875 0.104121 0.045638
v 0.486675 0.078832 0.025177
v 0.479338 0.078891 0.029179
v 0.480021 0.078764 0.027208
v 0.476057 0.078832 0.021492
v 0.484550 0.104062 0.046382
v 0.486212 0.104189 0.047641
v 0.486088 0.104121 0.054597
v 0.493099 0.078832 0.034400
v 0.484811 0.078891 0.033324
v 0.486522 0.078764 0.032132
v 0.492875 0.078832 0.045638
v 0.486802 0.078891 0.039895
v 0.488887 0.078764 0.039937
v 0.478916 0.104062 0.050306
v 0.479520 0.104189 0.052302
v 0.466578 0.104062 0.046023
v 0.464866 0.104189 0.047215
v 0.458289 0.104121 0.044948
v 0.486088 0.078832 0.054597
v 0.484550 0.078891 0.046382
v 0.486212 0.078764 0.047641
v 0.475331 0.078832 0.057856
v 0.478916 0.078891 0.050306
v 0.479520 0.078764 0.052302
v 0.472472 0.078891 0.029041
v 0.471867 0.078764 0.027045
v 0.465301 0.078832 0.024751
v 0.464713 0.078832 0.054170
v 0.472051 0.078891 0.050169
v 0.471367 0.078764 0.052139
v 0.458289 0.078832 0.044948
v 0.466578 0.078891 0.046023
v 0.464866 0.078764 0.047215
v 0.464587 0.104062 0.039452
v 0.462501 0.104189 0.039410
v 0.458514 0.078832 0.033710
v 0.464587 0.078891 0.039452
v 0.462501 0.078764 0.039410
v 0.466838 0.078891 0.032965
v 0.465175 0.078764 0.031706
v 0.465055 0.078891 0.042898
v 0.468166 0.082797 0.044917
v 0.467121 0.080032 0.045645
v 0.468982 0.078891 0.048535
v 0.475916 0.104062 0.028559
v 0.478702 0.100157 0.031007
v 0.479120 0.102921 0.029803
v 0.482407 0.104062 0.030812
v 0.482407 0.078891 0.030812
v 0.478702 0.082797 0.031007
v 0.479120 0.080032 0.029803
v 0.475916 0.078891 0.028559
v 0.472686 0.082797 0.048340
v 0.472268 0.080032 0.049544
v 0.475472 0.078891 0.050789
v 0.478354 0.082797 0.048453
v 0.478724 0.080032 0.049672
v 0.482048 0.078891 0.048796
v 0.465192 0.104062 0.036028
v 0.468381 0.100157 0.034134
v 0.467366 0.102921 0.033365
v 0.469340 0.104062 0.030551
v 0.473034 0.082797 0.030893
v 0.472665 0.080032 0.029675
v 0.469340 0.078891 0.030551
v 0.465055 0.104062 0.042898
v 0.466522 0.100157 0.039490
v 0.465248 0.102921 0.039465
v 0.483007 0.082797 0.045213
v 0.484022 0.080032 0.045982
v 0.486196 0.078891 0.043319
v 0.468982 0.104062 0.048535
v 0.468166 0.100157 0.044917
v 0.467121 0.102921 0.045645
v 0.475472 0.104062 0.050789
v 0.472686 0.100157 0.048340
v 0.472268 0.102921 0.049544
v 0.482048 0.104062 0.048796
v 0.478354 0.100157 0.048453
v 0.478724 0.102921 0.049672
v 0.473034 0.100157 0.030893
v 0.472665 0.102921 0.029675
v 0.486196 0.104062 0.043319
v 0.483007 0.100157 0.045213
v 0.484022 0.102921 0.045982
v 0.468381 0.082797 0.034134
v 0.467366 0.080032 0.033365
v 0.465192 0.078891 0.036028
v 0.486334 0.104062 0.036450
v 0.484866 0.100157 0.039857
v 0.486140 0.102921 0.039882
v 0.484866 0.082797 0.039857
v 0.486140 0.080032 0.039882
v 0.486334 0.078891 0.036450
v 0.466522 0.082797 0.039490
v 0.465248 0.080032 0.039465
v 0.483222 0.100157 0.034431
v 0.484267 0.102921 0.033703
v 0.483222 0.082797 0.034431
v 0.484267 0.080032 0.033703
v 0.470104 0.100206 0.047054
v 0.475694 0.096272 0.039674
v 0.470567 0.097522 0.043245
v 0.466833 0.100206 0.042358
v 0.470402 0.082747 0.032076
v 0.475694 0.086681 0.039674
v 0.470714 0.085431 0.035901
v 0.466947 0.082747 0.036637
v 0.470402 0.100206 0.032076
v 0.473882 0.097522 0.033694
v 0.475878 0.100206 0.030416
v 0.469447 0.097522 0.039549
v 0.466947 0.100206 0.036637
v 0.469447 0.085431 0.039549
v 0.466833 0.082747 0.042358
v 0.470714 0.097522 0.035901
v 0.480986 0.082747 0.047271
v 0.480675 0.085431 0.043447
v 0.484441 0.082747 0.042710
v 0.475878 0.082747 0.030416
v 0.473882 0.085431 0.033694
v 0.470567 0.085431 0.043245
v 0.470104 0.082747 0.047054
v 0.481284 0.082747 0.032293
v 0.477743 0.085431 0.033771
v 0.475509 0.082747 0.048930
v 0.477506 0.085431 0.045654
v 0.484555 0.082747 0.036989
v 0.480822 0.085431 0.036102
v 0.484555 0.100206 0.036989
v 0.481941 0.097522 0.039798
v 0.484441 0.100206 0.042710
v 0.481284 0.100206 0.032293
v 0.480822 0.097522 0.036102
v 0.480675 0.097522 0.043447
v 0.480986 0.100206 0.047271
v 0.473645 0.085431 0.045577
v 0.477506 0.097522 0.045654
v 0.475509 0.100206 0.048930
v 0.477743 0.097522 0.033771
v 0.473645 0.097522 0.045577
v 0.481941 0.085431 0.039798
v 0.463724 0.138920 0.054352
v 0.458024 0.138920 0.046168
v 0.460578 0.140266 0.050466
v 0.449590 0.134305 0.064196
v 0.468408 0.130577 0.057166
v 0.466607 0.135421 0.056852
v 0.477857 0.143535 0.044508
v 0.454274 0.125962 0.067010
v 0.467392 0.122234 0.051796
v 0.468738 0.125733 0.055368
v 0.482542 0.135192 0.047322
v 0.453259 0.117619 0.061640
v 0.461692 0.122234 0.043613
v 0.464838 0.120889 0.047498
v 0.481526 0.126849 0.041952
v 0.447559 0.117619 0.053457
v 0.457008 0.130577 0.040798
v 0.458809 0.125733 0.041112
v 0.475826 0.126849 0.033769
v 0.442874 0.125962 0.050642
v 0.456678 0.135421 0.042596
v 0.471142 0.135192 0.030954
v 0.443890 0.134305 0.056012
v 0.472158 0.143535 0.036324
v 0.477857 0.196078 0.044508
v 0.463724 0.200693 0.054352
v 0.468408 0.209036 0.057166
v 0.466608 0.204192 0.056852
v 0.449590 0.205309 0.064196
v 0.458024 0.200693 0.046168
v 0.460578 0.199348 0.050466
v 0.482542 0.204421 0.047322
v 0.467392 0.217379 0.051796
v 0.468738 0.213881 0.055368
v 0.454274 0.213652 0.067010
v 0.481526 0.212764 0.041952
v 0.461693 0.217379 0.043613
v 0.464838 0.218725 0.047498
v 0.453259 0.221995 0.061640
v 0.475826 0.212764 0.033769
v 0.457008 0.209036 0.040798
v 0.458809 0.213881 0.041112
v 0.447559 0.221995 0.053457
v 0.471142 0.204421 0.030954
v 0.456678 0.204192 0.042596
v 0.442874 0.213652 0.050642
v 0.472158 0.196078 0.036324
v 0.443890 0.205309 0.056012
v 0.469051 0.132415 0.028993
v 0.464041 0.135074 0.032873
v 0.465577 0.132870 0.031533
v 0.469051 0.207199 0.028993
v 0.465883 0.169807 0.024077
v 0.474684 0.135074 0.025461
v 0.472698 0.132870 0.026573
v 0.473245 0.084639 0.035894
v 0.473420 0.101742 0.035881
v 0.474684 0.204539 0.025461
v 0.472698 0.206744 0.026573
v 0.464041 0.204539 0.032873
v 0.465577 0.206744 0.031533
v 0.473245 0.254975 0.035894
v 0.473420 0.237872 0.035881
v 0.483656 0.207199 0.049963
v 0.478280 0.204539 0.053317
v 0.480069 0.206744 0.052341
v 0.483656 0.132415 0.049963
v 0.487169 0.169807 0.054639
v 0.488922 0.204539 0.045904
v 0.487191 0.206744 0.047381
v 0.478638 0.254975 0.043637
v 0.478711 0.237872 0.043477
v 0.488922 0.135074 0.045904
v 0.487191 0.132870 0.047381
v 0.478280 0.135074 0.053317
v 0.480069 0.132870 0.052341
v 0.478638 0.084639 0.043637
v 0.478711 0.101742 0.043477
v 0.482192 0.238717 0.035412
v 0.479954 0.255757 0.036971
v 0.481304 0.246475 0.036030
v 0.484132 0.230200 0.038513
v 0.482653 0.202224 0.035090
v 0.482549 0.226324 0.035163
v 0.479956 0.230200 0.032517
v 0.492038 0.169807 0.050656
v 0.487658 0.202377 0.042678
v 0.482192 0.100897 0.035412
v 0.484132 0.109414 0.038513
v 0.482653 0.137390 0.035090
v 0.487658 0.137237 0.042678
v 0.479954 0.083857 0.036971
v 0.481304 0.093139 0.036030
v 0.479956 0.109414 0.032517
v 0.482549 0.113290 0.035163
v 0.471307 0.169807 0.020891
v 0.477271 0.137237 0.027765
v 0.477271 0.202377 0.027765
v 0.482657 0.169807 0.035088
v 0.470375 0.100897 0.043642
v 0.471925 0.083857 0.042562
v 0.470782 0.093139 0.043359
v 0.472705 0.109414 0.046472
v 0.470551 0.137390 0.043520
v 0.470460 0.113290 0.043583
v 0.468529 0.109414 0.040476
v 0.481837 0.169807 0.057761
v 0.475871 0.137237 0.050888
v 0.470375 0.238717 0.043642
v 0.472705 0.230200 0.046472
v 0.470551 0.202224 0.043520
v 0.475871 0.202377 0.050888
v 0.471925 0.255757 0.042562
v 0.470782 0.246475 0.043359
v 0.468529 0.230200 0.040476
v 0.470460 0.226324 0.043583
v 0.461106 0.169807 0.027996
v 0.465484 0.202377 0.035975
v 0.465484 0.137237 0.035975
v 0.470577 0.169807 0.043501
v 0.474841 0.084509 0.044573
v 0.475928 0.074942 0.039775
v 0.479001 0.077217 0.044188
v 0.480833 0.084509 0.040400
v 0.474841 0.255105 0.044573
v 0.475928 0.264672 0.039775
v 0.473650 0.262396 0.041361
v 0.471050 0.255105 0.039131
v 0.471050 0.084509 0.039131
v 0.473650 0.077217 0.041361
v 0.477043 0.255105 0.034957
v 0.478205 0.262396 0.038189
v 0.480833 0.255105 0.040400
v 0.478205 0.077217 0.038189
v 0.477043 0.084509 0.034957
v 0.479002 0.262396 0.044188
v 0.472853 0.262396 0.035361
v 0.472853 0.077217 0.035361
v 0.394871 0.119189 0.010167
v 0.393602 0.119189 0.011369
v 0.394203 0.119189 0.010752
v 0.392468 0.151509 0.008405
v 0.393069 0.134280 0.008846
v 0.396342 0.119189 0.009063
v 0.395589 0.119189 0.009607
v 0.404483 0.099694 0.017214
v 0.398476 0.107304 0.012810
v 0.392468 0.188105 0.008405
v 0.392468 0.169807 0.008405
v 0.393937 0.151509 0.007300
v 0.393186 0.151509 0.007844
v 0.391206 0.151509 0.009612
v 0.391803 0.151509 0.008992
v 0.395475 0.151509 0.006228
v 0.394706 0.151509 0.006764
v 0.394538 0.134280 0.007741
v 0.393937 0.188105 0.007300
v 0.393937 0.169807 0.007300
v 0.405960 0.099694 0.016115
v 0.399948 0.107304 0.011707
v 0.397880 0.119189 0.007992
v 0.397111 0.119189 0.008528
v 0.394871 0.220425 0.010167
v 0.404483 0.239920 0.017214
v 0.398476 0.232310 0.012810
v 0.396342 0.220425 0.009063
v 0.395589 0.220425 0.009607
v 0.393069 0.205333 0.008846
v 0.393602 0.220425 0.011369
v 0.394203 0.220425 0.010752
v 0.397880 0.220425 0.007992
v 0.397111 0.220425 0.008528
v 0.394538 0.205333 0.007741
v 0.405960 0.239920 0.016115
v 0.399948 0.232310 0.011707
v 0.393186 0.188105 0.007844
v 0.395475 0.188105 0.006228
v 0.394706 0.188105 0.006764
v 0.391206 0.188105 0.009612
v 0.391803 0.188105 0.008992
v 0.476916 0.250975 0.102642
v 0.482846 0.230669 0.111156
v 0.481845 0.243862 0.109719
v 0.478433 0.250975 0.101585
v 0.477669 0.250975 0.102117
v 0.460816 0.253339 0.079525
v 0.469445 0.253602 0.091914
v 0.475463 0.250975 0.103654
v 0.476179 0.250975 0.103155
v 0.479971 0.250975 0.100514
v 0.479202 0.250975 0.101050
v 0.462331 0.253339 0.078467
v 0.470961 0.253602 0.090857
v 0.484363 0.230669 0.110099
v 0.483362 0.243862 0.108662
v 0.447139 0.250519 0.056654
v 0.453929 0.251779 0.066403
v 0.461568 0.253339 0.078999
v 0.463869 0.253339 0.077396
v 0.463100 0.253339 0.077932
v 0.459368 0.253339 0.080544
v 0.460081 0.253339 0.080041
v 0.445628 0.250519 0.057719
v 0.452415 0.251779 0.067464
v 0.481393 0.230669 0.112168
v 0.482109 0.230669 0.111669
v 0.479437 0.192121 0.106262
v 0.481512 0.212915 0.109241
v 0.483599 0.230669 0.110631
v 0.479437 0.147492 0.106262
v 0.478215 0.169807 0.104506
v 0.480954 0.192121 0.105205
v 0.480190 0.192121 0.105737
v 0.477985 0.192121 0.107274
v 0.478700 0.192121 0.106775
v 0.482492 0.192121 0.104134
v 0.481723 0.192121 0.104670
v 0.483029 0.212915 0.108185
v 0.480954 0.147492 0.105205
v 0.479731 0.169807 0.103450
v 0.485901 0.230669 0.109028
v 0.485132 0.230669 0.109564
v 0.482846 0.108944 0.111156
v 0.476916 0.088638 0.102642
v 0.481845 0.095751 0.109719
v 0.484363 0.108944 0.110099
v 0.483599 0.108944 0.110631
v 0.481512 0.126698 0.109241
v 0.481393 0.108944 0.112168
v 0.482109 0.108944 0.111669
v 0.485901 0.108944 0.109028
v 0.485132 0.108944 0.109564
v 0.483029 0.126698 0.108185
v 0.478433 0.088638 0.101585
v 0.483362 0.095751 0.108662
v 0.480190 0.147492 0.105737
v 0.482492 0.147492 0.104134
v 0.481723 0.147492 0.104670
v 0.477985 0.147492 0.107274
v 0.478700 0.147492 0.106775
v 0.475463 0.088638 0.103654
v 0.476179 0.088638 0.103155
v 0.460816 0.086275 0.079525
v 0.469445 0.086011 0.091914
v 0.477669 0.088638 0.102117
v 0.445628 0.089095 0.057719
v 0.452415 0.087834 0.067464
v 0.462331 0.086275 0.078467
v 0.461568 0.086275 0.078999
v 0.459368 0.086275 0.080544
v 0.460081 0.086275 0.080041
v 0.463869 0.086275 0.077396
v 0.463100 0.086275 0.077932
v 0.470961 0.086011 0.090857
v 0.447139 0.089095 0.056654
v 0.453929 0.087834 0.066403
v 0.479971 0.088638 0.100514
v 0.479202 0.088638 0.101050
v 0.448677 0.250519 0.055583
v 0.447908 0.250519 0.056119
v 0.435471 0.248501 0.041591
v 0.441230 0.249459 0.048593
v 0.446376 0.250519 0.057188
v 0.421481 0.246492 0.028263
v 0.429133 0.247545 0.035025
v 0.433970 0.248501 0.042668
v 0.434711 0.248501 0.042128
v 0.437009 0.248501 0.040520
v 0.436240 0.248501 0.041056
v 0.432579 0.248501 0.043764
v 0.433257 0.248501 0.043214
v 0.439724 0.249459 0.049664
v 0.419992 0.246492 0.029353
v 0.427636 0.247545 0.036107
v 0.444201 0.250519 0.058767
v 0.444901 0.250519 0.058246
v 0.403186 0.239920 0.018396
v 0.403804 0.239920 0.017790
v 0.411964 0.244299 0.022892
v 0.405206 0.239920 0.016658
v 0.420725 0.246492 0.028803
v 0.418648 0.246492 0.030496
v 0.419296 0.246492 0.029915
v 0.423019 0.246492 0.027191
v 0.422250 0.246492 0.027727
v 0.413447 0.244299 0.021796
v 0.407498 0.239920 0.015044
v 0.406729 0.239920 0.015579
v 0.446376 0.089095 0.057188
v 0.435471 0.091113 0.041591
v 0.441230 0.090155 0.048593
v 0.448677 0.089095 0.055583
v 0.447908 0.089095 0.056119
v 0.444201 0.089095 0.058767
v 0.444901 0.089095 0.058246
v 0.433970 0.091113 0.042668
v 0.439724 0.090155 0.049664
v 0.419992 0.093121 0.029353
v 0.427636 0.092069 0.036107
v 0.434711 0.091113 0.042128
v 0.432579 0.091113 0.043764
v 0.433257 0.091113 0.043214
v 0.437009 0.091113 0.040520
v 0.436240 0.091113 0.041056
v 0.421481 0.093121 0.028263
v 0.429133 0.092069 0.035025
v 0.407498 0.099694 0.015044
v 0.406729 0.099694 0.015579
v 0.413447 0.095315 0.021796
v 0.405206 0.099694 0.016658
v 0.420725 0.093121 0.028803
v 0.423019 0.093121 0.027192
v 0.422250 0.093121 0.027727
v 0.418648 0.093121 0.030496
v 0.419296 0.093121 0.029915
v 0.411964 0.095315 0.022892
v 0.403186 0.099694 0.018396
v 0.403804 0.099694 0.017790
v 0.410645 0.095315 0.024056
v 0.403176 0.103752 0.020113
v 0.402889 0.100708 0.019134
v 0.397196 0.107304 0.014005
v 0.426268 0.092069 0.037228
v 0.417594 0.097914 0.031542
v 0.418073 0.094319 0.031053
v 0.417020 0.117086 0.032150
v 0.417235 0.105103 0.031923
v 0.409872 0.099889 0.025287
v 0.431453 0.096031 0.044737
v 0.425177 0.096928 0.038239
v 0.394823 0.120810 0.013988
v 0.397996 0.110419 0.016264
v 0.402710 0.120136 0.020675
v 0.403349 0.109877 0.020802
v 0.438312 0.090155 0.050733
v 0.431968 0.092343 0.044284
v 0.450975 0.087834 0.068493
v 0.442944 0.094139 0.059559
v 0.443543 0.090356 0.059223
v 0.441979 0.114317 0.059631
v 0.442417 0.101706 0.059714
v 0.437137 0.095133 0.051641
v 0.457776 0.091496 0.080854
v 0.449585 0.092958 0.069094
v 0.430831 0.115705 0.045296
v 0.431065 0.103409 0.045087
v 0.467993 0.086011 0.092928
v 0.458619 0.087580 0.080870
v 0.480392 0.095751 0.110730
v 0.472615 0.093611 0.102018
v 0.474399 0.089881 0.103490
v 0.469265 0.112508 0.098485
v 0.470706 0.100822 0.100072
v 0.465968 0.091224 0.092582
v 0.477803 0.111379 0.109468
v 0.476849 0.099912 0.108026
v 0.455569 0.112379 0.079143
v 0.456778 0.099327 0.080333
v 0.480060 0.126698 0.110253
v 0.480143 0.109553 0.111738
v 0.476762 0.169807 0.105518
v 0.474826 0.147618 0.105335
v 0.476842 0.147524 0.107034
v 0.466378 0.148120 0.094663
v 0.471487 0.147806 0.101452
v 0.476717 0.127464 0.108014
v 0.474826 0.191996 0.105335
v 0.473680 0.169807 0.103689
v 0.474226 0.112878 0.105127
v 0.480060 0.212915 0.110253
v 0.476842 0.192090 0.107034
v 0.480392 0.243862 0.110730
v 0.477803 0.228235 0.109468
v 0.480143 0.230061 0.111738
v 0.469265 0.227105 0.098485
v 0.474227 0.226735 0.105127
v 0.476717 0.212150 0.108014
v 0.472615 0.246002 0.102018
v 0.476849 0.239702 0.108026
v 0.466378 0.191493 0.094663
v 0.471487 0.191807 0.101452
v 0.467993 0.253602 0.092928
v 0.474399 0.249732 0.103490
v 0.450975 0.251779 0.068493
v 0.457776 0.248118 0.080854
v 0.458619 0.252033 0.080870
v 0.455569 0.227235 0.079143
v 0.456778 0.240287 0.080333
v 0.465968 0.248390 0.092582
v 0.442944 0.245474 0.059559
v 0.449585 0.246656 0.069094
v 0.470706 0.238792 0.100072
v 0.438312 0.249459 0.050733
v 0.443543 0.249258 0.059223
v 0.426268 0.247545 0.037228
v 0.431453 0.243582 0.044737
v 0.431968 0.247271 0.044284
v 0.430831 0.223909 0.045296
v 0.431065 0.236205 0.045087
v 0.437137 0.244481 0.051641
v 0.417594 0.241699 0.031542
v 0.425177 0.242686 0.038239
v 0.441979 0.225296 0.059631
v 0.442417 0.237908 0.059714
v 0.410645 0.244299 0.024056
v 0.418073 0.245294 0.031053
v 0.397196 0.232310 0.014005
v 0.403176 0.235862 0.020113
v 0.402889 0.238905 0.019134
v 0.402710 0.219477 0.020675
v 0.403349 0.229737 0.020802
v 0.409872 0.239724 0.025287
v 0.394823 0.218804 0.013988
v 0.397996 0.229194 0.016264
v 0.417020 0.222528 0.032150
v 0.417235 0.234510 0.031923
v 0.391805 0.205333 0.010051
v 0.393624 0.220020 0.012340
v 0.391206 0.169807 0.009612
v 0.392652 0.188179 0.012497
v 0.391286 0.188123 0.010652
v 0.401666 0.188479 0.020139
v 0.395909 0.188292 0.015530
v 0.393194 0.205022 0.012869
v 0.392652 0.151434 0.012497
v 0.392652 0.169807 0.012497
v 0.397688 0.218162 0.016652
v 0.391805 0.134280 0.010051
v 0.391286 0.151490 0.010652
v 0.393624 0.119594 0.012340
v 0.397688 0.121452 0.016652
v 0.393194 0.134592 0.012869
v 0.401666 0.151135 0.020139
v 0.395909 0.151322 0.015530
v 0.467941 0.128374 0.096826
v 0.463015 0.111824 0.089753
v 0.465538 0.169807 0.093456
v 0.453488 0.148924 0.076521
v 0.460159 0.148509 0.086007
v 0.441432 0.149629 0.059210
v 0.447026 0.149314 0.067242
v 0.454391 0.129346 0.077725
v 0.453488 0.190690 0.076521
v 0.453106 0.169807 0.075972
v 0.448149 0.113451 0.068491
v 0.463015 0.227790 0.089753
v 0.467941 0.211240 0.096826
v 0.448149 0.226163 0.068491
v 0.454391 0.210267 0.077725
v 0.460159 0.191104 0.086007
v 0.441432 0.189985 0.059210
v 0.447026 0.190300 0.067242
v 0.441356 0.169807 0.059100
v 0.430675 0.150133 0.045436
v 0.436163 0.149894 0.052062
v 0.441646 0.130712 0.059426
v 0.416876 0.150635 0.032303
v 0.424428 0.150372 0.038971
v 0.430714 0.131689 0.045401
v 0.430675 0.189480 0.045436
v 0.430675 0.169807 0.045436
v 0.436419 0.115046 0.052065
v 0.424577 0.116362 0.038824
v 0.416912 0.132662 0.032264
v 0.409338 0.118227 0.025895
v 0.416876 0.188978 0.032303
v 0.416876 0.169807 0.032303
v 0.408973 0.150898 0.025878
v 0.401927 0.134049 0.020273
v 0.401666 0.169807 0.020139
v 0.441646 0.208902 0.059426
v 0.436163 0.189720 0.052062
v 0.436419 0.224568 0.052065
v 0.424577 0.223252 0.038824
v 0.430714 0.207924 0.045401
v 0.424428 0.189241 0.038971
v 0.416912 0.206951 0.032264
v 0.408973 0.188716 0.025878
v 0.409338 0.221387 0.025895
v 0.401927 0.205564 0.020273
v 0.477466 0.227105 0.092773
v 0.484733 0.228235 0.104641
v 0.481948 0.226735 0.099749
v 0.474902 0.191493 0.088727
v 0.476384 0.211240 0.090945
v 0.464074 0.227235 0.073180
v 0.471453 0.227790 0.083866
v 0.479545 0.246002 0.097192
v 0.478427 0.238792 0.094694
v 0.474902 0.148120 0.088727
v 0.474061 0.169807 0.087520
v 0.462356 0.190690 0.070303
v 0.468950 0.191104 0.079874
v 0.481897 0.191996 0.100410
v 0.479466 0.191807 0.095895
v 0.450220 0.189985 0.052878
v 0.455864 0.190300 0.060982
v 0.463167 0.210267 0.071570
v 0.462356 0.148924 0.070303
v 0.461973 0.169807 0.069754
v 0.464833 0.248118 0.075910
v 0.464741 0.240287 0.074752
v 0.450410 0.225296 0.053561
v 0.456627 0.226163 0.062487
v 0.477466 0.112508 0.092773
v 0.479545 0.093611 0.097192
v 0.478427 0.100822 0.094694
v 0.464074 0.112379 0.073180
v 0.471453 0.111824 0.083866
v 0.476384 0.128374 0.090945
v 0.484733 0.111379 0.104641
v 0.481948 0.112878 0.099749
v 0.450410 0.114317 0.053561
v 0.456627 0.113451 0.062487
v 0.463167 0.129346 0.071570
v 0.464833 0.091496 0.075910
v 0.464741 0.099327 0.074752
v 0.468950 0.148509 0.079874
v 0.450220 0.149629 0.052878
v 0.455864 0.149314 0.060982
v 0.481897 0.147618 0.100410
v 0.479466 0.147806 0.095895
v 0.401288 0.218804 0.008673
v 0.410378 0.219477 0.014375
v 0.404880 0.218162 0.010708
v 0.399226 0.188179 0.007055
v 0.399741 0.205022 0.007459
v 0.399116 0.220020 0.007894
v 0.409705 0.235862 0.014844
v 0.404424 0.229194 0.011026
v 0.399226 0.151434 0.007055
v 0.399226 0.169807 0.007055
v 0.396797 0.188123 0.006167
v 0.409613 0.188479 0.013571
v 0.403313 0.188292 0.009363
v 0.396077 0.205333 0.006670
v 0.395475 0.169807 0.006228
v 0.401486 0.232310 0.010635
v 0.401288 0.120810 0.008673
v 0.409705 0.103752 0.014844
v 0.404424 0.110419 0.011026
v 0.399116 0.119594 0.007894
v 0.399741 0.134592 0.007459
v 0.410378 0.120136 0.014375
v 0.404880 0.121452 0.010708
v 0.396077 0.134280 0.006670
v 0.401486 0.107304 0.010635
v 0.396797 0.151490 0.006167
v 0.409613 0.151135 0.013571
v 0.403313 0.151322 0.009363
v 0.473001 0.248390 0.087677
v 0.480249 0.249732 0.099416
v 0.483708 0.239702 0.103249
v 0.449946 0.245474 0.054536
v 0.456622 0.246656 0.064120
v 0.464495 0.252033 0.076757
v 0.472499 0.253602 0.089786
v 0.455467 0.251779 0.065332
v 0.484900 0.243862 0.107591
v 0.483752 0.127464 0.103114
v 0.485993 0.109553 0.107664
v 0.483708 0.099912 0.103249
v 0.480751 0.169807 0.098764
v 0.482728 0.147524 0.102935
v 0.484567 0.126698 0.107113
v 0.481269 0.169807 0.102378
v 0.484900 0.095751 0.107591
v 0.485993 0.230061 0.107664
v 0.483752 0.212150 0.103114
v 0.484567 0.212915 0.107113
v 0.482728 0.192090 0.102935
v 0.480249 0.089881 0.099416
v 0.473001 0.091224 0.087677
v 0.472499 0.086011 0.089786
v 0.455467 0.087834 0.065332
v 0.464495 0.087580 0.076757
v 0.449946 0.094139 0.054536
v 0.456622 0.092958 0.064120
v 0.450312 0.101706 0.054036
v 0.439124 0.115705 0.039047
v 0.444788 0.115046 0.045911
v 0.450344 0.130712 0.053159
v 0.425134 0.117086 0.025718
v 0.432786 0.116362 0.032480
v 0.439317 0.150133 0.038913
v 0.439269 0.131689 0.038947
v 0.438355 0.096031 0.039583
v 0.438836 0.103409 0.039248
v 0.439317 0.189480 0.038913
v 0.439317 0.169807 0.038913
v 0.444884 0.149894 0.045640
v 0.425327 0.150635 0.025585
v 0.432978 0.150372 0.032346
v 0.450144 0.169807 0.052769
v 0.424365 0.097914 0.026254
v 0.424846 0.105103 0.025919
v 0.417292 0.118227 0.019454
v 0.425278 0.132662 0.025618
v 0.409805 0.134049 0.013772
v 0.410591 0.109877 0.014894
v 0.409613 0.169807 0.013571
v 0.417245 0.150898 0.019152
v 0.425327 0.188978 0.025585
v 0.425327 0.169807 0.025585
v 0.444884 0.189720 0.045640
v 0.450344 0.208902 0.053159
v 0.432978 0.189241 0.032346
v 0.439124 0.223909 0.039047
v 0.439269 0.207924 0.038947
v 0.438355 0.243582 0.039583
v 0.438836 0.236205 0.039248
v 0.444788 0.224568 0.045911
v 0.425134 0.222528 0.025718
v 0.432786 0.223252 0.032480
v 0.450312 0.237908 0.054036
v 0.425278 0.206951 0.025618
v 0.417292 0.221387 0.019454
v 0.424365 0.241699 0.026254
v 0.424846 0.234510 0.025919
v 0.417245 0.188716 0.019152
v 0.409805 0.205564 0.013772
v 0.410591 0.229737 0.014894
v 0.449379 0.249258 0.055053
v 0.442769 0.249459 0.047522
v 0.444095 0.244481 0.046557
v 0.432017 0.242686 0.033016
v 0.437730 0.247271 0.040018
v 0.430671 0.247545 0.033953
v 0.414985 0.244299 0.020725
v 0.408435 0.238905 0.014726
v 0.423740 0.245294 0.026689
v 0.416547 0.239724 0.019973
v 0.442769 0.090155 0.047522
v 0.449379 0.090356 0.055053
v 0.430671 0.092069 0.033953
v 0.437730 0.092343 0.040018
v 0.444095 0.095133 0.046557
v 0.432017 0.096928 0.033016
v 0.416547 0.099889 0.019973
v 0.408435 0.100708 0.014726
v 0.423740 0.094319 0.026689
v 0.414985 0.095315 0.020725
v 0.474097 0.153037 0.045108
v 0.471938 0.153037 0.046612
v 0.475466 0.155594 0.051677
v 0.473772 0.154021 0.049244
v 0.468120 0.153389 0.049186
v 0.469904 0.153125 0.048007
v 0.468131 0.153037 0.041146
v 0.470035 0.152693 0.043879
v 0.478158 0.160304 0.055542
v 0.476951 0.157705 0.053809
v 0.471574 0.155893 0.054145
v 0.473414 0.155669 0.053046
v 0.477625 0.155594 0.050173
v 0.468959 0.157086 0.054993
v 0.470054 0.156340 0.054839
v 0.469915 0.154353 0.051763
v 0.474209 0.160503 0.057928
v 0.473028 0.157959 0.056232
v 0.464394 0.153389 0.043835
v 0.466257 0.153052 0.046510
v 0.465801 0.154798 0.050460
v 0.466711 0.153918 0.050039
v 0.455344 0.166477 0.074547
v 0.457502 0.166477 0.073043
v 0.456041 0.160304 0.070945
v 0.456940 0.163268 0.072236
v 0.461079 0.166546 0.070123
v 0.459476 0.166494 0.071562
v 0.457502 0.173137 0.073043
v 0.457699 0.169807 0.073326
v 0.453349 0.155594 0.067081
v 0.454835 0.157705 0.069213
v 0.459649 0.160503 0.068069
v 0.458022 0.160354 0.069474
v 0.453882 0.160304 0.072449
v 0.461125 0.161301 0.065586
v 0.460742 0.160803 0.066762
v 0.460529 0.163406 0.069333
v 0.457014 0.155893 0.064286
v 0.458468 0.157959 0.066373
v 0.461079 0.173067 0.070123
v 0.461272 0.169807 0.070400
v 0.462433 0.166826 0.067464
v 0.462127 0.166651 0.068750
v 0.464071 0.179310 0.030712
v 0.461912 0.179310 0.032216
v 0.460450 0.173137 0.030118
v 0.461014 0.176345 0.030926
v 0.458304 0.179110 0.035092
v 0.459931 0.179260 0.033687
v 0.464604 0.184019 0.036081
v 0.463118 0.181908 0.033948
v 0.460450 0.166477 0.030118
v 0.460253 0.169807 0.029835
v 0.456874 0.173067 0.033039
v 0.458477 0.173120 0.031599
v 0.462609 0.173137 0.028614
v 0.455520 0.172787 0.035698
v 0.455827 0.172962 0.034412
v 0.457424 0.176208 0.033829
v 0.456874 0.166546 0.033039
v 0.456681 0.169807 0.032761
v 0.460940 0.183721 0.038877
v 0.459485 0.181654 0.036788
v 0.456828 0.178312 0.037576
v 0.457211 0.178811 0.036400
v 0.451191 0.155594 0.068584
v 0.449822 0.153037 0.062015
v 0.451655 0.154021 0.064648
v 0.455345 0.155669 0.065630
v 0.446015 0.153037 0.056550
v 0.447918 0.152693 0.059283
v 0.453560 0.153389 0.059327
v 0.451836 0.153125 0.060591
v 0.447663 0.153037 0.063519
v 0.455559 0.154798 0.057594
v 0.454849 0.153918 0.058301
v 0.455355 0.154353 0.061904
v 0.449833 0.153389 0.053976
v 0.451696 0.153052 0.056651
v 0.458716 0.157086 0.062127
v 0.458192 0.156340 0.063100
v 0.462609 0.166477 0.028614
v 0.461912 0.160304 0.032216
v 0.461014 0.163268 0.030926
v 0.458477 0.166494 0.031599
v 0.464604 0.155594 0.036081
v 0.463118 0.157705 0.033948
v 0.458304 0.160503 0.035092
v 0.459931 0.160354 0.033687
v 0.464071 0.160304 0.030712
v 0.456828 0.161301 0.037576
v 0.457211 0.160803 0.036400
v 0.457424 0.163406 0.033829
v 0.460940 0.155893 0.038877
v 0.459485 0.157959 0.036788
v 0.455520 0.166826 0.035698
v 0.455827 0.166651 0.034412
v 0.443856 0.153037 0.058053
v 0.442487 0.155594 0.051485
v 0.444181 0.154021 0.053917
v 0.448049 0.153125 0.055155
v 0.439795 0.160304 0.047620
v 0.441002 0.157705 0.049352
v 0.446380 0.155893 0.049018
v 0.444540 0.155669 0.050116
v 0.440329 0.155594 0.052989
v 0.448994 0.157086 0.048168
v 0.447900 0.156340 0.048323
v 0.448038 0.154353 0.051399
v 0.443744 0.160503 0.045233
v 0.444925 0.157959 0.046929
v 0.452152 0.154798 0.052702
v 0.451243 0.153918 0.053123
v 0.466763 0.155594 0.034578
v 0.466298 0.154021 0.038513
v 0.462608 0.155669 0.037532
v 0.466118 0.153125 0.042570
v 0.470290 0.153037 0.039642
v 0.462394 0.154798 0.045568
v 0.463105 0.153918 0.044861
v 0.462598 0.154353 0.041258
v 0.459237 0.157086 0.041034
v 0.459761 0.156340 0.040061
v 0.436175 0.173137 0.047025
v 0.438334 0.173137 0.045522
v 0.439795 0.179310 0.047620
v 0.438897 0.176345 0.046330
v 0.442314 0.173067 0.043180
v 0.440408 0.173120 0.044184
v 0.438334 0.166477 0.045522
v 0.438137 0.169807 0.045239
v 0.442487 0.184019 0.051485
v 0.441002 0.181908 0.049352
v 0.443744 0.179110 0.045233
v 0.441862 0.179260 0.046271
v 0.437636 0.179310 0.049123
v 0.446585 0.178312 0.044710
v 0.445350 0.178811 0.044662
v 0.442864 0.176208 0.043970
v 0.446380 0.183721 0.049018
v 0.444925 0.181654 0.046929
v 0.442314 0.166546 0.043180
v 0.442120 0.169807 0.042902
v 0.445277 0.172787 0.042832
v 0.443965 0.172962 0.042674
v 0.477625 0.184019 0.050173
v 0.475466 0.184019 0.051677
v 0.471938 0.186576 0.046612
v 0.473772 0.185592 0.049244
v 0.471574 0.183721 0.054145
v 0.473414 0.183945 0.053046
v 0.478158 0.179310 0.055542
v 0.476951 0.181908 0.053809
v 0.468131 0.186576 0.041146
v 0.470035 0.186921 0.043879
v 0.468120 0.186224 0.049186
v 0.469904 0.186488 0.048007
v 0.474097 0.186576 0.045108
v 0.465801 0.184816 0.050460
v 0.466711 0.185696 0.050039
v 0.469915 0.185261 0.051763
v 0.464394 0.186224 0.043835
v 0.466257 0.186562 0.046510
v 0.474209 0.179110 0.057928
v 0.473028 0.181654 0.056232
v 0.468959 0.182527 0.054993
v 0.470054 0.183273 0.054839
v 0.481778 0.173137 0.056136
v 0.479619 0.173137 0.057640
v 0.479057 0.176345 0.056832
v 0.475640 0.173067 0.059982
v 0.477545 0.173120 0.058977
v 0.479619 0.166477 0.057640
v 0.479816 0.169807 0.057923
v 0.476091 0.179260 0.056890
v 0.480317 0.179310 0.054038
v 0.471368 0.178312 0.058452
v 0.472604 0.178811 0.058501
v 0.475089 0.176208 0.059192
v 0.475640 0.166546 0.059982
v 0.475833 0.169807 0.060259
v 0.472676 0.172787 0.060330
v 0.473989 0.172962 0.060489
v 0.440329 0.184019 0.052989
v 0.446015 0.186576 0.056550
v 0.444181 0.185592 0.053917
v 0.444540 0.183945 0.050116
v 0.449822 0.186576 0.062015
v 0.447918 0.186921 0.059283
v 0.449833 0.186224 0.053976
v 0.448049 0.186488 0.055155
v 0.443856 0.186576 0.058053
v 0.452152 0.184816 0.052702
v 0.451243 0.185696 0.053123
v 0.448038 0.185261 0.051399
v 0.453560 0.186224 0.059327
v 0.451696 0.186562 0.056651
v 0.448994 0.182527 0.048168
v 0.447900 0.183273 0.048323
v 0.480317 0.160304 0.054038
v 0.479057 0.163268 0.056832
v 0.476091 0.160354 0.056890
v 0.477545 0.166494 0.058977
v 0.481778 0.166477 0.056136
v 0.472676 0.166826 0.060330
v 0.473989 0.166651 0.060489
v 0.475089 0.163406 0.059192
v 0.471368 0.161301 0.058452
v 0.472604 0.160803 0.058501
v 0.470290 0.186576 0.039642
v 0.466298 0.185592 0.038513
v 0.466118 0.186488 0.042570
v 0.462608 0.183945 0.037532
v 0.466763 0.184019 0.034578
v 0.459237 0.182527 0.041034
v 0.459761 0.183273 0.040061
v 0.462598 0.185261 0.041258
v 0.462394 0.184816 0.045568
v 0.463105 0.185696 0.044861
v 0.437636 0.160304 0.049123
v 0.438897 0.163268 0.046330
v 0.441862 0.160354 0.046271
v 0.440408 0.166494 0.044184
v 0.436175 0.166477 0.047025
v 0.445277 0.166826 0.042832
v 0.443965 0.166651 0.042674
v 0.442864 0.163406 0.043970
v 0.446585 0.161301 0.044710
v 0.445350 0.160803 0.044662
v 0.447663 0.186576 0.063519
v 0.453349 0.184019 0.067081
v 0.451655 0.185592 0.064648
v 0.451836 0.186488 0.060591
v 0.456041 0.179310 0.070945
v 0.454835 0.181908 0.069213
v 0.457014 0.183721 0.064286
v 0.455345 0.183945 0.065630
v 0.451191 0.184019 0.068584
v 0.458716 0.182527 0.062127
v 0.458192 0.183273 0.063100
v 0.455355 0.185261 0.061904
v 0.459649 0.179110 0.068069
v 0.458468 0.181654 0.066373
v 0.455559 0.184816 0.057594
v 0.454849 0.185696 0.058301
v 0.453882 0.179310 0.072449
v 0.456940 0.176345 0.072236
v 0.458022 0.179260 0.069474
v 0.459476 0.173120 0.071562
v 0.455344 0.173137 0.074547
v 0.462433 0.172787 0.067464
v 0.462127 0.172962 0.068750
v 0.460529 0.176208 0.069333
v 0.461125 0.178312 0.065586
v 0.460742 0.178811 0.066762
v 0.450511 0.155678 0.050346
v 0.453504 0.156910 0.052272
v 0.452819 0.155854 0.052492
v 0.453855 0.154489 0.055148
v 0.447665 0.158976 0.046260
v 0.450791 0.158876 0.048376
v 0.449884 0.157981 0.048278
v 0.453538 0.160070 0.047436
v 0.451935 0.159622 0.048186
v 0.452094 0.157667 0.050247
v 0.448721 0.162498 0.045404
v 0.449648 0.160500 0.046735
v 0.456431 0.156910 0.056475
v 0.454968 0.156645 0.054373
v 0.455955 0.158318 0.050906
v 0.454463 0.157790 0.051816
v 0.450511 0.183935 0.050346
v 0.450791 0.180737 0.048376
v 0.449884 0.181632 0.048278
v 0.447665 0.180638 0.046260
v 0.453855 0.185125 0.055148
v 0.453504 0.182703 0.052272
v 0.452819 0.183760 0.052492
v 0.455955 0.181295 0.050906
v 0.454463 0.181823 0.051816
v 0.452094 0.181947 0.050247
v 0.456431 0.182703 0.056475
v 0.454968 0.182969 0.054373
v 0.448721 0.177115 0.045404
v 0.449648 0.179114 0.046735
v 0.453538 0.179544 0.047436
v 0.451935 0.179991 0.048186
v 0.457200 0.155678 0.059950
v 0.459145 0.158876 0.060370
v 0.458922 0.157981 0.061254
v 0.460045 0.158976 0.064036
v 0.455987 0.155854 0.057040
v 0.458562 0.158318 0.054650
v 0.457190 0.157790 0.055733
v 0.457842 0.157667 0.058499
v 0.461215 0.162498 0.063342
v 0.460287 0.160500 0.062010
v 0.460979 0.160070 0.058120
v 0.459718 0.159622 0.059363
v 0.461930 0.163955 0.066741
v 0.462338 0.167246 0.064956
v 0.462378 0.167036 0.066216
v 0.462610 0.169807 0.067717
v 0.461162 0.161900 0.064470
v 0.462823 0.163297 0.060767
v 0.461647 0.162997 0.062132
v 0.461906 0.164778 0.064335
v 0.462338 0.172368 0.064956
v 0.462490 0.169807 0.065173
v 0.463824 0.167525 0.062205
v 0.462694 0.167420 0.063635
v 0.456023 0.175659 0.036420
v 0.456739 0.177115 0.039820
v 0.456791 0.177714 0.038691
v 0.457908 0.180638 0.039126
v 0.455343 0.169807 0.035444
v 0.455615 0.172368 0.038207
v 0.455575 0.172578 0.036946
v 0.454128 0.172088 0.040957
v 0.455259 0.172193 0.039527
v 0.456047 0.174835 0.038826
v 0.455615 0.167246 0.038207
v 0.455463 0.169807 0.037988
v 0.458809 0.180737 0.042792
v 0.457666 0.179114 0.041151
v 0.455130 0.176317 0.042394
v 0.456306 0.176616 0.041030
v 0.461930 0.175659 0.066741
v 0.461215 0.177115 0.063342
v 0.461162 0.177714 0.064470
v 0.460045 0.180638 0.064036
v 0.462378 0.172578 0.066216
v 0.463824 0.172088 0.062205
v 0.462694 0.172193 0.063635
v 0.461906 0.174835 0.064335
v 0.459145 0.180737 0.060370
v 0.460287 0.179114 0.062010
v 0.462823 0.176317 0.060767
v 0.461647 0.176616 0.062132
v 0.456023 0.163955 0.036420
v 0.455575 0.167036 0.036946
v 0.457908 0.158976 0.039126
v 0.456739 0.162498 0.039820
v 0.456791 0.161900 0.038691
v 0.455130 0.163297 0.042394
v 0.456306 0.162997 0.041030
v 0.456047 0.164778 0.038826
v 0.458809 0.158876 0.042792
v 0.457666 0.160500 0.041151
v 0.454128 0.167525 0.040957
v 0.455259 0.167420 0.039527
v 0.457200 0.183935 0.059950
v 0.455987 0.183760 0.057040
v 0.458922 0.181632 0.061254
v 0.460979 0.179544 0.058120
v 0.459718 0.179991 0.059363
v 0.457842 0.181947 0.058499
v 0.458562 0.181295 0.054650
v 0.457190 0.181823 0.055733
v 0.460753 0.155678 0.043212
v 0.459031 0.157981 0.041907
v 0.464098 0.154489 0.048014
v 0.461522 0.156910 0.046687
v 0.461966 0.155854 0.046121
v 0.459391 0.158318 0.048512
v 0.460762 0.157790 0.047429
v 0.460112 0.157667 0.044663
v 0.464449 0.156910 0.050890
v 0.462986 0.156645 0.048789
v 0.456974 0.160070 0.045042
v 0.458234 0.159622 0.043799
v 0.460753 0.183935 0.043212
v 0.461522 0.182703 0.046687
v 0.461966 0.183760 0.046121
v 0.464098 0.185125 0.048014
v 0.459031 0.181632 0.041907
v 0.456974 0.179544 0.045042
v 0.458234 0.179991 0.043799
v 0.460112 0.181947 0.044663
v 0.464449 0.182703 0.050890
v 0.462986 0.182969 0.048789
v 0.459391 0.181295 0.048512
v 0.460762 0.181823 0.047429
v 0.467443 0.155678 0.052816
v 0.465134 0.155854 0.050669
v 0.470288 0.158976 0.056902
v 0.467162 0.158876 0.054786
v 0.468069 0.157981 0.054884
v 0.464415 0.160070 0.055726
v 0.466018 0.159622 0.054975
v 0.465859 0.157667 0.052915
v 0.469232 0.162498 0.057758
v 0.468305 0.160500 0.056426
v 0.461999 0.158318 0.052256
v 0.463490 0.157790 0.051345
v 0.472173 0.163955 0.059607
v 0.470308 0.161900 0.058099
v 0.472852 0.169807 0.060583
v 0.470356 0.167246 0.059371
v 0.471524 0.167036 0.059845
v 0.467261 0.167525 0.059811
v 0.468994 0.167420 0.059248
v 0.469924 0.164778 0.058750
v 0.470356 0.172368 0.059371
v 0.470508 0.169807 0.059589
v 0.466259 0.163297 0.058374
v 0.467947 0.162997 0.057744
v 0.472173 0.175659 0.059607
v 0.471524 0.172578 0.059845
v 0.470288 0.180638 0.056902
v 0.469232 0.177115 0.057758
v 0.470308 0.177714 0.058099
v 0.466259 0.176317 0.058374
v 0.467947 0.176616 0.057744
v 0.469924 0.174835 0.058750
v 0.467162 0.180737 0.054786
v 0.468305 0.179114 0.056426
v 0.467261 0.172088 0.059811
v 0.468994 0.172193 0.059248
v 0.467443 0.183935 0.052816
v 0.468069 0.181632 0.054884
v 0.465134 0.183760 0.050669
v 0.461999 0.181295 0.052256
v 0.463490 0.181823 0.051345
v 0.465859 0.181947 0.052915
v 0.464415 0.179544 0.055726
v 0.466018 0.179991 0.054975
v 0.445780 0.175659 0.043554
v 0.447597 0.172368 0.043791
v 0.446429 0.172578 0.043316
v 0.445100 0.169807 0.042578
v 0.447644 0.177714 0.045062
v 0.451693 0.176317 0.044787
v 0.450006 0.176616 0.045418
v 0.448029 0.174835 0.044411
v 0.447597 0.167246 0.043791
v 0.447445 0.169807 0.043572
v 0.450692 0.172088 0.043350
v 0.448959 0.172193 0.043915
v 0.445780 0.163955 0.043554
v 0.447644 0.161900 0.045062
v 0.446429 0.167036 0.043316
v 0.450692 0.167525 0.043350
v 0.448959 0.167420 0.043915
v 0.448029 0.164778 0.044411
v 0.451693 0.163297 0.044787
v 0.450006 0.162997 0.045418
v 0.460695 0.181531 0.050384
v 0.460261 0.181119 0.053424
v 0.463255 0.180621 0.054060
v 0.459818 0.180621 0.056453
v 0.457258 0.181531 0.052777
v 0.461997 0.178097 0.059581
v 0.462640 0.179394 0.056841
v 0.465433 0.178097 0.057187
v 0.464456 0.176217 0.059448
v 0.466875 0.174286 0.059258
v 0.463439 0.174286 0.061652
v 0.463959 0.169807 0.062399
v 0.465442 0.172053 0.060864
v 0.467396 0.169807 0.060005
v 0.465442 0.167560 0.060864
v 0.466875 0.165327 0.059258
v 0.463439 0.165327 0.061652
v 0.461997 0.161516 0.059581
v 0.464456 0.163396 0.059448
v 0.465433 0.161516 0.057187
v 0.462640 0.160219 0.056841
v 0.463255 0.158993 0.054060
v 0.459818 0.158993 0.056453
v 0.457258 0.158082 0.052777
v 0.460261 0.158494 0.053424
v 0.460695 0.158082 0.050384
v 0.457693 0.158494 0.049738
v 0.458134 0.158993 0.046708
v 0.454698 0.158993 0.049101
v 0.452520 0.161516 0.045975
v 0.455313 0.160219 0.046320
v 0.455957 0.161516 0.043581
v 0.453497 0.163396 0.043714
v 0.454515 0.165327 0.041511
v 0.451078 0.165327 0.043904
v 0.450557 0.169807 0.043156
v 0.452512 0.167560 0.042299
v 0.453993 0.169807 0.040763
v 0.452512 0.172053 0.042299
v 0.454515 0.174286 0.041511
v 0.451078 0.174286 0.043904
v 0.452520 0.178097 0.045975
v 0.453497 0.176217 0.043714
v 0.455957 0.178097 0.043581
v 0.455313 0.179394 0.046320
v 0.458134 0.180621 0.046708
v 0.454698 0.180621 0.049101
v 0.457693 0.181119 0.049738
v 0.458082 0.251552 0.021340
v 0.464605 0.251552 0.016797
v 0.461158 0.251552 0.018803
v 0.458082 0.244722 0.021340
v 0.458082 0.248137 0.021340
v 0.453276 0.251552 0.027685
v 0.455434 0.251552 0.024327
v 0.458082 0.256826 0.021340
v 0.458082 0.254578 0.021340
v 0.458082 0.239448 0.021340
v 0.458082 0.241696 0.021340
v 0.453276 0.244722 0.027685
v 0.455434 0.244722 0.024327
v 0.464605 0.244722 0.016797
v 0.461158 0.244722 0.018803
v 0.450669 0.244722 0.035194
v 0.451667 0.244722 0.031333
v 0.453276 0.248137 0.027685
v 0.453276 0.239448 0.027685
v 0.453276 0.241696 0.027685
v 0.453276 0.256826 0.027685
v 0.453276 0.254578 0.027685
v 0.450669 0.251552 0.035194
v 0.451667 0.251552 0.031333
v 0.450669 0.248137 0.035194
v 0.450510 0.251552 0.043152
v 0.450283 0.251552 0.039167
v 0.450669 0.256826 0.035194
v 0.450669 0.254578 0.035194
v 0.450669 0.239448 0.035194
v 0.450669 0.241696 0.035194
v 0.450510 0.244722 0.043152
v 0.450283 0.244722 0.039167
v 0.452815 0.244722 0.050759
v 0.451353 0.244722 0.047048
v 0.450510 0.248137 0.043152
v 0.450510 0.239448 0.043152
v 0.450510 0.241696 0.043152
v 0.450510 0.256826 0.043152
v 0.450510 0.254578 0.043152
v 0.452815 0.251552 0.050759
v 0.451353 0.251552 0.047048
v 0.452815 0.248137 0.050759
v 0.457364 0.251552 0.057290
v 0.454838 0.251552 0.054200
v 0.452815 0.256826 0.050759
v 0.452815 0.254578 0.050759
v 0.452815 0.239448 0.050759
v 0.452815 0.241696 0.050759
v 0.457364 0.244722 0.057290
v 0.454838 0.244722 0.054200
v 0.463700 0.244722 0.062090
v 0.460337 0.244722 0.059947
v 0.457364 0.248137 0.057290
v 0.457364 0.239448 0.057290
v 0.457364 0.241696 0.057290
v 0.457364 0.256826 0.057290
v 0.457364 0.254578 0.057290
v 0.463700 0.251552 0.062090
v 0.460337 0.251552 0.059947
v 0.463700 0.248137 0.062090
v 0.471219 0.251552 0.064700
v 0.467359 0.251552 0.063685
v 0.463700 0.256826 0.062090
v 0.463700 0.254578 0.062090
v 0.463700 0.239448 0.062090
v 0.463700 0.241696 0.062090
v 0.471219 0.244722 0.064700
v 0.467359 0.244722 0.063685
v 0.479167 0.244722 0.064859
v 0.475187 0.244722 0.065102
v 0.471219 0.248137 0.064700
v 0.471219 0.239448 0.064700
v 0.471219 0.241696 0.064700
v 0.471219 0.256826 0.064700
v 0.471219 0.254578 0.064700
v 0.479167 0.251552 0.064859
v 0.475187 0.251552 0.065102
v 0.479167 0.248137 0.064859
v 0.486784 0.251552 0.062551
v 0.483064 0.251552 0.063998
v 0.479167 0.256826 0.064859
v 0.479167 0.254578 0.064859
v 0.479167 0.239448 0.064859
v 0.479167 0.241696 0.064859
v 0.486784 0.244722 0.062551
v 0.483064 0.244722 0.063998
v 0.493307 0.244722 0.058008
v 0.490230 0.244722 0.060544
v 0.486784 0.248137 0.062551
v 0.486784 0.239448 0.062551
v 0.486784 0.241696 0.062551
v 0.486784 0.256826 0.062551
v 0.486784 0.254578 0.062551
v 0.493307 0.251552 0.058008
v 0.490230 0.251552 0.060544
v 0.493307 0.248137 0.058008
v 0.498113 0.251552 0.051663
v 0.495955 0.251552 0.055021
v 0.493307 0.256826 0.058008
v 0.493307 0.254578 0.058008
v 0.493307 0.239448 0.058008
v 0.493307 0.241696 0.058008
v 0.498113 0.244722 0.051663
v 0.495955 0.244722 0.055021
v 0.500719 0.244722 0.044154
v 0.499721 0.244722 0.048014
v 0.498113 0.248137 0.051663
v 0.498113 0.239448 0.051663
v 0.498113 0.241696 0.051663
v 0.498113 0.256826 0.051663
v 0.498113 0.254578 0.051663
v 0.500719 0.251552 0.044154
v 0.499721 0.251552 0.048014
v 0.500719 0.248137 0.044154
v 0.500878 0.251552 0.036196
v 0.501106 0.251552 0.040181
v 0.500719 0.256826 0.044154
v 0.500719 0.254578 0.044154
v 0.500719 0.239448 0.044154
v 0.500719 0.241696 0.044154
v 0.500878 0.244722 0.036196
v 0.501106 0.244722 0.040181
v 0.498573 0.244722 0.028588
v 0.500035 0.244722 0.032299
v 0.500878 0.248137 0.036196
v 0.500878 0.239448 0.036196
v 0.500878 0.241696 0.036196
v 0.500878 0.256826 0.036196
v 0.500878 0.254578 0.036196
v 0.498573 0.251552 0.028588
v 0.500035 0.251552 0.032299
v 0.498573 0.248137 0.028588
v 0.494025 0.251552 0.022057
v 0.496551 0.251552 0.025147
v 0.498573 0.256826 0.028588
v 0.498573 0.254578 0.028588
v 0.498573 0.239448 0.028588
v 0.498573 0.241696 0.028588
v 0.494025 0.244722 0.022057
v 0.496551 0.244722 0.025147
v 0.487688 0.244722 0.017258
v 0.491051 0.244722 0.019400
v 0.494025 0.248137 0.022057
v 0.494025 0.239448 0.022057
v 0.494025 0.241696 0.022057
v 0.494025 0.256826 0.022057
v 0.494025 0.254578 0.022057
v 0.487688 0.251552 0.017258
v 0.491051 0.251552 0.019400
v 0.487688 0.248137 0.017258
v 0.480169 0.251552 0.014648
v 0.484030 0.251552 0.015663
v 0.487688 0.256826 0.017258
v 0.487688 0.254578 0.017258
v 0.487688 0.239448 0.017258
v 0.487688 0.241696 0.017258
v 0.480169 0.244722 0.014648
v 0.484030 0.244722 0.015663
v 0.472222 0.244722 0.014489
v 0.476202 0.244722 0.014245
v 0.480169 0.248137 0.014648
v 0.480169 0.239448 0.014648
v 0.480169 0.241696 0.014648
v 0.480169 0.256826 0.014648
v 0.480169 0.254578 0.014648
v 0.472222 0.251552 0.014489
v 0.476202 0.251552 0.014245
v 0.472222 0.248137 0.014489
v 0.468324 0.251552 0.015349
v 0.472222 0.256826 0.014489
v 0.472222 0.254578 0.014489
v 0.472222 0.239448 0.014489
v 0.472222 0.241696 0.014489
v 0.468324 0.244722 0.015349
v 0.464605 0.248137 0.016797
v 0.464605 0.239448 0.016797
v 0.464605 0.241696 0.016797
v 0.464605 0.256826 0.016797
v 0.464605 0.254578 0.016797
v 0.455434 0.239448 0.024327
v 0.454074 0.236777 0.028111
v 0.453475 0.237850 0.027791
v 0.451667 0.239448 0.031333
v 0.461158 0.239448 0.018803
v 0.458709 0.236777 0.021993
v 0.458239 0.237850 0.021504
v 0.461218 0.235695 0.024605
v 0.459650 0.236101 0.022973
v 0.456155 0.236777 0.024873
v 0.465000 0.236777 0.017612
v 0.461676 0.236777 0.019547
v 0.451561 0.236777 0.035354
v 0.452523 0.236777 0.031630
v 0.457268 0.235695 0.029820
v 0.455272 0.236101 0.028752
v 0.467359 0.256826 0.063685
v 0.464127 0.259497 0.061291
v 0.463807 0.258423 0.061890
v 0.460337 0.256826 0.059947
v 0.475187 0.256826 0.065102
v 0.471379 0.259497 0.063808
v 0.471259 0.258423 0.064477
v 0.472016 0.260579 0.060243
v 0.471618 0.260173 0.062472
v 0.467656 0.259497 0.062830
v 0.479043 0.259497 0.063962
v 0.475205 0.259497 0.064196
v 0.458017 0.259497 0.056663
v 0.460884 0.259497 0.059225
v 0.465836 0.260579 0.058098
v 0.464768 0.260173 0.060094
v 0.450283 0.239448 0.039167
v 0.451407 0.236777 0.043027
v 0.450734 0.237850 0.043120
v 0.451353 0.239448 0.047048
v 0.450892 0.237850 0.035234
v 0.455126 0.235695 0.035992
v 0.452897 0.236101 0.035593
v 0.451188 0.236777 0.039185
v 0.453630 0.236777 0.050364
v 0.452221 0.236777 0.046786
v 0.454995 0.235695 0.042532
v 0.452752 0.236101 0.042841
v 0.468324 0.256826 0.015349
v 0.472345 0.259497 0.015386
v 0.472252 0.258423 0.014713
v 0.476202 0.256826 0.014245
v 0.461158 0.256826 0.018803
v 0.465000 0.259497 0.017612
v 0.464703 0.258423 0.017001
v 0.466579 0.260579 0.020871
v 0.465592 0.260173 0.018834
v 0.468586 0.259497 0.016215
v 0.458709 0.259497 0.021993
v 0.461676 0.259497 0.019547
v 0.480010 0.259497 0.015539
v 0.476184 0.259497 0.015151
v 0.472840 0.260579 0.018974
v 0.472531 0.260173 0.016732
v 0.483064 0.256826 0.063998
v 0.479136 0.258423 0.064634
v 0.490230 0.256826 0.060544
v 0.486389 0.259497 0.061736
v 0.486685 0.258423 0.062347
v 0.484809 0.260579 0.058476
v 0.485796 0.260173 0.060514
v 0.482802 0.259497 0.063132
v 0.492680 0.259497 0.057354
v 0.489712 0.259497 0.059801
v 0.478548 0.260579 0.060373
v 0.478858 0.260173 0.062616
v 0.454838 0.239448 0.054200
v 0.458017 0.236777 0.056663
v 0.457527 0.237850 0.057133
v 0.460337 0.239448 0.059947
v 0.453019 0.237850 0.050660
v 0.456890 0.235695 0.048785
v 0.454852 0.236101 0.049772
v 0.455580 0.236777 0.053683
v 0.464127 0.236777 0.061291
v 0.460884 0.236777 0.059225
v 0.460628 0.235695 0.054153
v 0.458996 0.236101 0.055721
v 0.495955 0.256826 0.055021
v 0.493150 0.258423 0.057844
v 0.499721 0.256826 0.048014
v 0.497314 0.259497 0.051236
v 0.497913 0.258423 0.051556
v 0.494120 0.260579 0.049528
v 0.496116 0.260173 0.050595
v 0.495233 0.259497 0.054474
v 0.499828 0.259497 0.043994
v 0.498865 0.259497 0.047717
v 0.490170 0.260579 0.054742
v 0.491739 0.260173 0.056375
v 0.467359 0.239448 0.063685
v 0.471379 0.236777 0.063808
v 0.471259 0.237850 0.064477
v 0.475187 0.239448 0.065102
v 0.463807 0.237850 0.061890
v 0.465836 0.235695 0.058098
v 0.464768 0.236101 0.060094
v 0.467656 0.236777 0.062830
v 0.479043 0.236777 0.063962
v 0.475205 0.236777 0.064196
v 0.472016 0.235695 0.060243
v 0.471618 0.236101 0.062472
v 0.501106 0.256826 0.040181
v 0.500497 0.258423 0.044114
v 0.500035 0.256826 0.032299
v 0.499981 0.259497 0.036320
v 0.500654 0.258423 0.036227
v 0.496393 0.260579 0.036815
v 0.498636 0.260173 0.036506
v 0.500201 0.259497 0.040163
v 0.497758 0.259497 0.028983
v 0.499168 0.259497 0.032561
v 0.496263 0.260579 0.043356
v 0.498491 0.260173 0.043755
v 0.483064 0.239448 0.063998
v 0.486389 0.236777 0.061736
v 0.486685 0.237850 0.062347
v 0.490230 0.239448 0.060544
v 0.479136 0.237850 0.064634
v 0.478548 0.235695 0.060373
v 0.478858 0.236101 0.062616
v 0.482802 0.236777 0.063132
v 0.492680 0.236777 0.057354
v 0.489712 0.236777 0.059801
v 0.484809 0.235695 0.058477
v 0.485796 0.236101 0.060514
v 0.468324 0.239448 0.015349
v 0.464703 0.237850 0.017001
v 0.476202 0.239448 0.014245
v 0.472345 0.236777 0.015386
v 0.472252 0.237850 0.014713
v 0.472840 0.235695 0.018974
v 0.472531 0.236101 0.016732
v 0.468586 0.236777 0.016215
v 0.480010 0.236777 0.015539
v 0.476184 0.236777 0.015151
v 0.466579 0.235695 0.020871
v 0.465592 0.236101 0.018834
v 0.496551 0.256826 0.025147
v 0.498370 0.258423 0.028687
v 0.491051 0.256826 0.019400
v 0.493372 0.259497 0.022685
v 0.493861 0.258423 0.022214
v 0.490760 0.260579 0.025195
v 0.492392 0.260173 0.023626
v 0.495808 0.259497 0.025665
v 0.487261 0.259497 0.018056
v 0.490504 0.259497 0.020123
v 0.494499 0.260579 0.030563
v 0.496536 0.260173 0.029575
v 0.495955 0.239448 0.055021
v 0.497314 0.236777 0.051236
v 0.497913 0.237850 0.051556
v 0.499721 0.239448 0.048014
v 0.493150 0.237850 0.057844
v 0.490170 0.235695 0.054742
v 0.491739 0.236101 0.056375
v 0.495233 0.236777 0.054474
v 0.499828 0.236777 0.043994
v 0.498865 0.236777 0.047717
v 0.494120 0.235695 0.049528
v 0.496116 0.236101 0.050595
v 0.484030 0.256826 0.015663
v 0.487581 0.258423 0.017457
v 0.480129 0.258423 0.014870
v 0.479372 0.260579 0.019105
v 0.479770 0.260173 0.016876
v 0.483732 0.259497 0.016518
v 0.485552 0.260579 0.021250
v 0.486620 0.260173 0.019253
v 0.501106 0.239448 0.040181
v 0.499981 0.236777 0.036320
v 0.500654 0.237850 0.036227
v 0.500035 0.239448 0.032299
v 0.500497 0.237850 0.044114
v 0.496263 0.235695 0.043356
v 0.498491 0.236101 0.043755
v 0.500201 0.236777 0.040163
v 0.497758 0.236777 0.028983
v 0.499168 0.236777 0.032561
v 0.496393 0.235695 0.036815
v 0.498636 0.236101 0.036506
v 0.496551 0.239448 0.025147
v 0.493372 0.236777 0.022685
v 0.493861 0.237850 0.022214
v 0.491051 0.239448 0.019400
v 0.498370 0.237850 0.028687
v 0.494499 0.235695 0.030563
v 0.496536 0.236101 0.029575
v 0.495808 0.236777 0.025665
v 0.487261 0.236777 0.018056
v 0.490504 0.236777 0.020123
v 0.490760 0.235695 0.025195
v 0.492392 0.236101 0.023626
v 0.484030 0.239448 0.015663
v 0.480129 0.237850 0.014870
v 0.487581 0.237850 0.017457
v 0.485552 0.235695 0.021250
v 0.486620 0.236101 0.019253
v 0.483732 0.236777 0.016518
v 0.479372 0.235695 0.019105
v 0.479770 0.236101 0.016876
v 0.455434 0.256826 0.024327
v 0.458239 0.258423 0.021504
v 0.451667 0.256826 0.031333
v 0.454074 0.259497 0.028111
v 0.453475 0.258423 0.027791
v 0.457268 0.260579 0.029820
v 0.455272 0.260173 0.028752
v 0.456155 0.259497 0.024873
v 0.451561 0.259497 0.035354
v 0.452523 0.259497 0.031630
v 0.461218 0.260579 0.024605
v 0.459650 0.260173 0.022973
v 0.450283 0.256826 0.039167
v 0.450892 0.258423 0.035234
v 0.451353 0.256826 0.047048
v 0.451407 0.259497 0.043027
v 0.450734 0.258423 0.043120
v 0.454995 0.260579 0.042532
v 0.452752 0.260173 0.042841
v 0.451188 0.259497 0.039185
v 0.453630 0.259497 0.050364
v 0.452221 0.259497 0.046786
v 0.455126 0.260579 0.035992
v 0.452897 0.260173 0.035593
v 0.454838 0.256826 0.054200
v 0.453019 0.258423 0.050660
v 0.457527 0.258423 0.057133
v 0.460628 0.260579 0.054153
v 0.458996 0.260173 0.055721
v 0.455580 0.259497 0.053683
v 0.456890 0.260579 0.048785
v 0.454852 0.260173 0.049772
v 0.468843 0.235695 0.059409
v 0.472973 0.235425 0.054895
v 0.472494 0.235492 0.057569
v 0.475277 0.235695 0.060573
v 0.463072 0.235695 0.056337
v 0.468400 0.235425 0.053307
v 0.467118 0.235492 0.055702
v 0.470108 0.235425 0.050113
v 0.469467 0.235425 0.051311
v 0.470625 0.235425 0.054277
v 0.464546 0.235425 0.050388
v 0.466354 0.235425 0.052004
v 0.477806 0.235425 0.054991
v 0.475385 0.235425 0.055139
v 0.473610 0.235425 0.051329
v 0.473371 0.235425 0.052666
v 0.482545 0.235695 0.019939
v 0.478416 0.235425 0.024453
v 0.478894 0.235492 0.021779
v 0.476112 0.235695 0.018774
v 0.488316 0.235695 0.023011
v 0.482989 0.235425 0.026040
v 0.484271 0.235492 0.023645
v 0.481280 0.235425 0.029234
v 0.481920 0.235425 0.028036
v 0.480763 0.235425 0.025070
v 0.486842 0.235425 0.028959
v 0.485035 0.235425 0.027344
v 0.473582 0.235425 0.024356
v 0.476002 0.235425 0.024208
v 0.477779 0.235425 0.028019
v 0.478017 0.235425 0.026681
v 0.469637 0.235695 0.019681
v 0.468949 0.235425 0.025759
v 0.467764 0.235492 0.023315
v 0.463747 0.235695 0.022520
v 0.473211 0.235492 0.021664
v 0.474077 0.235425 0.027944
v 0.473891 0.235425 0.026599
v 0.471212 0.235425 0.024880
v 0.464982 0.235425 0.028522
v 0.466853 0.235425 0.026980
v 0.470530 0.235425 0.029020
v 0.469937 0.235425 0.027798
v 0.492836 0.235695 0.027734
v 0.488801 0.235492 0.027077
v 0.495700 0.235695 0.033612
v 0.489609 0.235425 0.032932
v 0.492054 0.235492 0.031747
v 0.486350 0.235425 0.034511
v 0.487572 0.235425 0.033919
v 0.488379 0.235425 0.030839
v 0.491011 0.235425 0.037559
v 0.490498 0.235425 0.035188
v 0.484231 0.235425 0.031469
v 0.485210 0.235425 0.030528
v 0.459042 0.235695 0.027060
v 0.462059 0.235425 0.032382
v 0.459663 0.235492 0.031100
v 0.455946 0.235695 0.032819
v 0.463100 0.235492 0.026564
v 0.467492 0.235425 0.031135
v 0.466551 0.235425 0.030156
v 0.463372 0.235425 0.030340
v 0.460474 0.235425 0.036949
v 0.461081 0.235425 0.034600
v 0.465253 0.235425 0.034090
v 0.464055 0.235425 0.033449
v 0.496580 0.235695 0.040091
v 0.493702 0.235492 0.037187
v 0.495442 0.235695 0.046529
v 0.490915 0.235425 0.042398
v 0.493589 0.235492 0.042877
v 0.487349 0.235425 0.041760
v 0.488686 0.235425 0.041999
v 0.491150 0.235425 0.039982
v 0.489329 0.235425 0.046966
v 0.490307 0.235425 0.044746
v 0.487423 0.235425 0.038054
v 0.488769 0.235425 0.037868
v 0.482545 0.260579 0.019939
v 0.482989 0.260849 0.026040
v 0.484271 0.260782 0.023645
v 0.488316 0.260579 0.023011
v 0.476112 0.260579 0.018774
v 0.478416 0.260849 0.024453
v 0.478894 0.260782 0.021779
v 0.477779 0.260849 0.028019
v 0.478017 0.260849 0.026681
v 0.480763 0.260849 0.025070
v 0.473582 0.260849 0.024356
v 0.476002 0.260849 0.024208
v 0.486842 0.260849 0.028959
v 0.485035 0.260849 0.027344
v 0.481280 0.260849 0.029234
v 0.481920 0.260849 0.028036
v 0.492346 0.235695 0.052287
v 0.491725 0.235492 0.048247
v 0.487641 0.235695 0.056827
v 0.486406 0.235425 0.050824
v 0.488288 0.235492 0.052783
v 0.483897 0.235425 0.048212
v 0.484838 0.235425 0.049192
v 0.488017 0.235425 0.049008
v 0.482439 0.235425 0.053587
v 0.484535 0.235425 0.052367
v 0.486135 0.235425 0.045257
v 0.487333 0.235425 0.045898
v 0.492836 0.260579 0.027734
v 0.489609 0.260849 0.032932
v 0.492054 0.260782 0.031747
v 0.495700 0.260579 0.033612
v 0.488801 0.260782 0.027077
v 0.484231 0.260849 0.031469
v 0.485210 0.260849 0.030528
v 0.488379 0.260849 0.030839
v 0.491011 0.260849 0.037559
v 0.490498 0.260849 0.035188
v 0.486350 0.260849 0.034511
v 0.487572 0.260849 0.033919
v 0.496580 0.260579 0.040091
v 0.490915 0.260849 0.042398
v 0.493589 0.260782 0.042877
v 0.495442 0.260579 0.046529
v 0.493702 0.260782 0.037187
v 0.487423 0.260849 0.038054
v 0.488769 0.260849 0.037868
v 0.491150 0.260849 0.039982
v 0.489329 0.260849 0.046966
v 0.490307 0.260849 0.044746
v 0.487349 0.260849 0.041760
v 0.488686 0.260849 0.041999
v 0.481752 0.235695 0.059666
v 0.483624 0.235492 0.056032
v 0.478177 0.235492 0.057682
v 0.477312 0.235425 0.051403
v 0.477497 0.235425 0.052748
v 0.480177 0.235425 0.054468
v 0.480859 0.235425 0.050328
v 0.481451 0.235425 0.051550
v 0.458552 0.235695 0.051613
v 0.462587 0.235492 0.052270
v 0.455688 0.235695 0.045736
v 0.461779 0.235425 0.046415
v 0.459334 0.235492 0.047600
v 0.465038 0.235425 0.044836
v 0.463816 0.235425 0.045428
v 0.463009 0.235425 0.048509
v 0.460377 0.235425 0.041789
v 0.460890 0.235425 0.044160
v 0.467157 0.235425 0.047878
v 0.466178 0.235425 0.048819
v 0.492346 0.260579 0.052287
v 0.486406 0.260849 0.050824
v 0.488288 0.260782 0.052783
v 0.487641 0.260579 0.056827
v 0.491725 0.260782 0.048247
v 0.486135 0.260849 0.045257
v 0.487333 0.260849 0.045898
v 0.488017 0.260849 0.049008
v 0.482439 0.260849 0.053587
v 0.484535 0.260849 0.052367
v 0.483897 0.260849 0.048212
v 0.484838 0.260849 0.049192
v 0.481752 0.260579 0.059666
v 0.477806 0.260849 0.054991
v 0.478177 0.260782 0.057682
v 0.475277 0.260579 0.060573
v 0.483624 0.260782 0.056032
v 0.480859 0.260849 0.050328
v 0.481451 0.260849 0.051550
v 0.480177 0.260849 0.054468
v 0.472973 0.260849 0.054895
v 0.475385 0.260849 0.055139
v 0.477311 0.260849 0.051403
v 0.477497 0.260849 0.052748
v 0.469637 0.260579 0.019681
v 0.473211 0.260782 0.021664
v 0.463747 0.260579 0.022520
v 0.468949 0.260849 0.025759
v 0.467764 0.260782 0.023315
v 0.470530 0.260849 0.029020
v 0.469937 0.260849 0.027798
v 0.471212 0.260849 0.024880
v 0.464982 0.260849 0.028522
v 0.466853 0.260849 0.026980
v 0.474077 0.260849 0.027944
v 0.473891 0.260849 0.026599
v 0.468843 0.260579 0.059409
v 0.468400 0.260849 0.053307
v 0.467118 0.260782 0.055702
v 0.463072 0.260579 0.056337
v 0.472494 0.260782 0.057569
v 0.473610 0.260849 0.051329
v 0.473371 0.260849 0.052666
v 0.470625 0.260849 0.054277
v 0.464546 0.260849 0.050388
v 0.466354 0.260849 0.052004
v 0.470108 0.260849 0.050113
v 0.469467 0.260849 0.051311
v 0.458552 0.260579 0.051613
v 0.461779 0.260849 0.046415
v 0.459334 0.260782 0.047600
v 0.455688 0.260579 0.045736
v 0.462587 0.260782 0.052270
v 0.467157 0.260849 0.047878
v 0.466178 0.260849 0.048819
v 0.463009 0.260849 0.048509
v 0.460377 0.260849 0.041789
v 0.460890 0.260849 0.044160
v 0.465038 0.260849 0.044836
v 0.463816 0.260849 0.045428
v 0.454808 0.235695 0.039257
v 0.457686 0.235492 0.042161
v 0.457800 0.235492 0.036471
v 0.464039 0.235425 0.037588
v 0.462702 0.235425 0.037348
v 0.460239 0.235425 0.039365
v 0.463966 0.235425 0.041294
v 0.462619 0.235425 0.041478
v 0.454808 0.260579 0.039257
v 0.460474 0.260849 0.036949
v 0.457800 0.260782 0.036471
v 0.455946 0.260579 0.032819
v 0.457686 0.260782 0.042161
v 0.463966 0.260849 0.041294
v 0.462619 0.260849 0.041478
v 0.460239 0.260849 0.039365
v 0.462059 0.260849 0.032382
v 0.461081 0.260849 0.034600
v 0.464039 0.260849 0.037588
v 0.462702 0.260849 0.037348
v 0.459042 0.260579 0.027060
v 0.463100 0.260782 0.026564
v 0.459663 0.260782 0.031100
v 0.465253 0.260849 0.034090
v 0.464055 0.260849 0.033449
v 0.463372 0.260849 0.030340
v 0.467492 0.260849 0.031135
v 0.466551 0.260849 0.030156
v 0.465981 0.260849 0.046439
v 0.466028 0.260342 0.044357
v 0.465694 0.260723 0.044519
v 0.464358 0.260849 0.043109
v 0.468542 0.260849 0.049116
v 0.467950 0.260342 0.047116
v 0.467682 0.260723 0.047374
v 0.468509 0.258314 0.046579
v 0.468160 0.259582 0.046915
v 0.466882 0.260342 0.045811
v 0.470627 0.260342 0.049144
v 0.469206 0.260342 0.048239
v 0.465054 0.260342 0.041143
v 0.465411 0.260342 0.042790
v 0.466726 0.258314 0.044019
v 0.466290 0.259582 0.044231
v 0.479576 0.235425 0.028491
v 0.477584 0.235932 0.029100
v 0.477650 0.235551 0.028735
v 0.475930 0.235425 0.027831
v 0.482846 0.235425 0.030232
v 0.480761 0.235932 0.030203
v 0.480936 0.235551 0.029875
v 0.480395 0.237960 0.030886
v 0.480624 0.236692 0.030460
v 0.479216 0.235932 0.029530
v 0.483438 0.235932 0.032231
v 0.482183 0.235932 0.031109
v 0.474227 0.235932 0.029033
v 0.475908 0.235932 0.028930
v 0.477448 0.237960 0.029864
v 0.477533 0.236692 0.029386
v 0.479576 0.260849 0.028491
v 0.480761 0.260342 0.030203
v 0.480936 0.260723 0.029875
v 0.482846 0.260849 0.030232
v 0.475930 0.260849 0.027831
v 0.477584 0.260342 0.029100
v 0.477650 0.260723 0.028735
v 0.477448 0.258314 0.029864
v 0.477533 0.259582 0.029386
v 0.479216 0.260342 0.029530
v 0.474227 0.260342 0.029033
v 0.475908 0.260342 0.028930
v 0.483438 0.260342 0.032231
v 0.482183 0.260342 0.031109
v 0.480395 0.258314 0.030886
v 0.480624 0.259582 0.030460
v 0.471812 0.260849 0.050856
v 0.470452 0.260723 0.049472
v 0.475458 0.260849 0.051516
v 0.473804 0.260342 0.050247
v 0.473738 0.260723 0.050613
v 0.473940 0.258314 0.049484
v 0.473855 0.259582 0.049961
v 0.472173 0.260342 0.049818
v 0.477161 0.260342 0.050314
v 0.475480 0.260342 0.050417
v 0.470993 0.258314 0.048461
v 0.470764 0.259582 0.048888
v 0.479127 0.260849 0.051002
v 0.477212 0.260723 0.050682
v 0.482464 0.260849 0.049393
v 0.480379 0.260342 0.049339
v 0.480542 0.260723 0.049673
v 0.480041 0.258314 0.048641
v 0.480253 0.259582 0.049077
v 0.478808 0.260342 0.049951
v 0.483135 0.260342 0.047419
v 0.481835 0.260342 0.048491
v 0.477055 0.258314 0.049546
v 0.477122 0.259582 0.050026
v 0.466258 0.235425 0.032526
v 0.466222 0.235932 0.034608
v 0.465895 0.235551 0.034433
v 0.464504 0.235425 0.035789
v 0.468925 0.235425 0.029954
v 0.468253 0.235932 0.031928
v 0.467996 0.235551 0.031660
v 0.468790 0.237960 0.032487
v 0.468454 0.236692 0.032137
v 0.467135 0.235932 0.033190
v 0.471009 0.235932 0.030009
v 0.469553 0.235932 0.030856
v 0.465121 0.235932 0.037780
v 0.465543 0.235932 0.036150
v 0.466906 0.237960 0.034974
v 0.466479 0.236692 0.034746
v 0.472261 0.260849 0.028345
v 0.474176 0.260723 0.028665
v 0.468925 0.260849 0.029954
v 0.471009 0.260342 0.030009
v 0.470847 0.260723 0.029674
v 0.471347 0.258314 0.030706
v 0.471135 0.259582 0.030269
v 0.472580 0.260342 0.029397
v 0.468253 0.260342 0.031928
v 0.469553 0.260342 0.030856
v 0.474333 0.258314 0.029802
v 0.474267 0.259582 0.029322
v 0.463859 0.235425 0.039437
v 0.465054 0.235932 0.041143
v 0.464686 0.235551 0.041193
v 0.464358 0.235425 0.043109
v 0.464756 0.235551 0.037716
v 0.465885 0.237960 0.037918
v 0.465407 0.236692 0.037832
v 0.464959 0.235932 0.039460
v 0.466028 0.235932 0.044357
v 0.465411 0.235932 0.042790
v 0.465822 0.237960 0.041036
v 0.465343 0.236692 0.041104
v 0.485130 0.260849 0.046821
v 0.483393 0.260723 0.047688
v 0.486884 0.260849 0.043558
v 0.485166 0.260342 0.044739
v 0.485493 0.260723 0.044914
v 0.484482 0.258314 0.044373
v 0.484909 0.259582 0.044602
v 0.484254 0.260342 0.046158
v 0.486267 0.260342 0.041566
v 0.485845 0.260342 0.043197
v 0.482598 0.258314 0.046860
v 0.482934 0.259582 0.047210
v 0.465981 0.235425 0.046439
v 0.467950 0.235932 0.047116
v 0.467682 0.235551 0.047374
v 0.468542 0.235425 0.049116
v 0.465694 0.235551 0.044519
v 0.466726 0.237960 0.044019
v 0.466290 0.236692 0.044231
v 0.466882 0.235932 0.045811
v 0.470627 0.235932 0.049144
v 0.469206 0.235932 0.048239
v 0.468509 0.237960 0.046579
v 0.468160 0.236692 0.046915
v 0.471812 0.235425 0.050856
v 0.473804 0.235932 0.050247
v 0.473738 0.235551 0.050613
v 0.475458 0.235425 0.051516
v 0.470452 0.235551 0.049472
v 0.470993 0.237960 0.048461
v 0.470764 0.236692 0.048888
v 0.472173 0.235932 0.049818
v 0.477161 0.235932 0.050314
v 0.475480 0.235932 0.050417
v 0.473940 0.237960 0.049484
v 0.473855 0.236692 0.049961
v 0.479127 0.235425 0.051002
v 0.480379 0.235932 0.049339
v 0.480542 0.235551 0.049673
v 0.482464 0.235425 0.049393
v 0.477212 0.235551 0.050682
v 0.477055 0.237960 0.049546
v 0.477122 0.236692 0.050026
v 0.478808 0.235932 0.049951
v 0.483135 0.235932 0.047419
v 0.481835 0.235932 0.048491
v 0.480041 0.237960 0.048641
v 0.480253 0.236692 0.049077
v 0.472261 0.235425 0.028345
v 0.470847 0.235551 0.029674
v 0.474176 0.235551 0.028665
v 0.474333 0.237960 0.029802
v 0.474267 0.236692 0.029322
v 0.472580 0.235932 0.029397
v 0.471347 0.237960 0.030706
v 0.471135 0.236692 0.030269
v 0.485130 0.235425 0.046821
v 0.485166 0.235932 0.044739
v 0.485493 0.235551 0.044914
v 0.486884 0.235425 0.043558
v 0.483393 0.235551 0.047688
v 0.482598 0.237960 0.046860
v 0.482934 0.236692 0.047210
v 0.484254 0.235932 0.046158
v 0.486267 0.235932 0.041566
v 0.485845 0.235932 0.043197
v 0.484482 0.237960 0.044373
v 0.484909 0.236692 0.044602
v 0.466258 0.260849 0.032526
v 0.467996 0.260723 0.031660
v 0.464504 0.260849 0.035789
v 0.466222 0.260342 0.034608
v 0.465895 0.260723 0.034433
v 0.466906 0.258314 0.034974
v 0.466479 0.259582 0.034746
v 0.467135 0.260342 0.033190
v 0.465121 0.260342 0.037780
v 0.465543 0.260342 0.036150
v 0.468790 0.258314 0.032487
v 0.468454 0.259582 0.032137
v 0.487529 0.235425 0.039910
v 0.486334 0.235932 0.038204
v 0.486702 0.235551 0.038154
v 0.487030 0.235425 0.036239
v 0.486633 0.235551 0.041632
v 0.485504 0.237960 0.041430
v 0.485981 0.236692 0.041515
v 0.486430 0.235932 0.039888
v 0.485360 0.235932 0.034990
v 0.485978 0.235932 0.036558
v 0.485566 0.237960 0.038310
v 0.486046 0.236692 0.038244
v 0.487529 0.260849 0.039910
v 0.486633 0.260723 0.041632
v 0.487030 0.260849 0.036239
v 0.486334 0.260342 0.038204
v 0.486702 0.260723 0.038154
v 0.485566 0.258314 0.038310
v 0.486046 0.259582 0.038244
v 0.486430 0.260342 0.039888
v 0.485360 0.260342 0.034990
v 0.485978 0.260342 0.036558
v 0.485504 0.258314 0.041430
v 0.485981 0.259582 0.041515
v 0.463859 0.260849 0.039437
v 0.464756 0.260723 0.037716
v 0.464686 0.260723 0.041193
v 0.465822 0.258314 0.041036
v 0.465343 0.259582 0.041104
v 0.464959 0.260342 0.039460
v 0.465885 0.258314 0.037918
v 0.465407 0.259582 0.037832
v 0.485408 0.235425 0.032908
v 0.483707 0.235551 0.031974
v 0.485695 0.235551 0.034828
v 0.484663 0.237960 0.035328
v 0.485099 0.236692 0.035117
v 0.484506 0.235932 0.033537
v 0.482879 0.237960 0.032768
v 0.483229 0.236692 0.032433
v 0.485408 0.260849 0.032908
v 0.485695 0.260723 0.034828
v 0.483707 0.260723 0.031974
v 0.482879 0.258314 0.032768
v 0.483229 0.259582 0.032433
v 0.484506 0.260342 0.033537
v 0.484663 0.258314 0.035328
v 0.485099 0.259582 0.035117
v 0.467519 0.237960 0.045368
v 0.469867 0.240806 0.045340
v 0.469058 0.239432 0.046068
v 0.469674 0.237960 0.047621
v 0.466153 0.237960 0.042565
v 0.468359 0.240806 0.043175
v 0.467395 0.239432 0.043681
v 0.470997 0.242581 0.041096
v 0.469573 0.241912 0.042359
v 0.469156 0.240905 0.044228
v 0.467650 0.240806 0.040833
v 0.467762 0.240707 0.042077
v 0.471817 0.240806 0.046817
v 0.470690 0.240707 0.046281
v 0.472731 0.242581 0.043586
v 0.471053 0.241912 0.044483
v 0.467752 0.258314 0.033657
v 0.470098 0.255468 0.033779
v 0.469319 0.256842 0.033020
v 0.469996 0.258314 0.031493
v 0.466276 0.258314 0.036404
v 0.468504 0.255468 0.035883
v 0.467562 0.256842 0.035338
v 0.471058 0.253693 0.038065
v 0.469685 0.254362 0.036746
v 0.469343 0.255369 0.034863
v 0.467702 0.255468 0.038194
v 0.467864 0.255567 0.036956
v 0.472105 0.255468 0.032381
v 0.470957 0.255567 0.032873
v 0.472890 0.253693 0.035647
v 0.471248 0.254362 0.034682
v 0.472805 0.237960 0.030138
v 0.472105 0.240806 0.032381
v 0.471663 0.239432 0.031386
v 0.469996 0.237960 0.031493
v 0.475893 0.237960 0.029706
v 0.474632 0.240806 0.031616
v 0.474447 0.239432 0.030543
v 0.475792 0.242581 0.034767
v 0.475031 0.241912 0.033022
v 0.473384 0.240905 0.032049
v 0.477077 0.240806 0.031664
v 0.475859 0.240707 0.031387
v 0.470098 0.240806 0.033779
v 0.470957 0.240707 0.032873
v 0.472890 0.242581 0.035647
v 0.472554 0.241912 0.033773
v 0.465733 0.237960 0.039475
v 0.466567 0.239432 0.040946
v 0.466276 0.237960 0.036404
v 0.467702 0.240806 0.038194
v 0.466625 0.239432 0.038038
v 0.471058 0.242581 0.038065
v 0.469164 0.241912 0.038249
v 0.467728 0.240905 0.039514
v 0.468504 0.240806 0.035883
v 0.467864 0.240707 0.036956
v 0.469112 0.241912 0.040837
v 0.465733 0.258314 0.039475
v 0.466625 0.256842 0.038038
v 0.466153 0.258314 0.042565
v 0.467650 0.255468 0.040833
v 0.466567 0.256842 0.040946
v 0.470997 0.253693 0.041096
v 0.469112 0.254362 0.040837
v 0.467728 0.255369 0.039514
v 0.468359 0.255468 0.043175
v 0.467762 0.255567 0.042077
v 0.469164 0.254362 0.038249
v 0.467752 0.237960 0.033657
v 0.467562 0.239432 0.035338
v 0.469319 0.239432 0.033020
v 0.471248 0.241912 0.034682
v 0.469343 0.240905 0.034863
v 0.469685 0.241912 0.036746
v 0.483636 0.258314 0.045690
v 0.481290 0.255468 0.045568
v 0.482070 0.256842 0.046328
v 0.481392 0.258314 0.047855
v 0.485113 0.258314 0.042943
v 0.482884 0.255468 0.043464
v 0.483826 0.256842 0.044009
v 0.480330 0.253693 0.041283
v 0.481703 0.254362 0.042601
v 0.482046 0.255369 0.044485
v 0.483686 0.255468 0.041153
v 0.483524 0.255567 0.042392
v 0.479283 0.255468 0.046966
v 0.480431 0.255567 0.046475
v 0.478499 0.253693 0.043701
v 0.480140 0.254362 0.044665
v 0.472805 0.258314 0.030138
v 0.474632 0.255468 0.031616
v 0.474447 0.256842 0.030543
v 0.475893 0.258314 0.029706
v 0.471663 0.256842 0.031386
v 0.472554 0.254362 0.033773
v 0.473384 0.255369 0.032049
v 0.477077 0.255468 0.031664
v 0.475859 0.255567 0.031387
v 0.475792 0.253693 0.034767
v 0.475031 0.254362 0.033023
v 0.467519 0.258314 0.045368
v 0.467395 0.256842 0.043681
v 0.469674 0.258314 0.047621
v 0.469867 0.255468 0.045340
v 0.469058 0.256842 0.046068
v 0.472731 0.253693 0.043586
v 0.471053 0.254362 0.044483
v 0.469156 0.255369 0.044228
v 0.471817 0.255468 0.046817
v 0.470690 0.255567 0.046281
v 0.469573 0.254362 0.042359
v 0.478962 0.258314 0.030262
v 0.479571 0.255468 0.032531
v 0.480052 0.256842 0.031553
v 0.481714 0.258314 0.031727
v 0.477305 0.256842 0.030600
v 0.476622 0.254362 0.033055
v 0.478307 0.255369 0.032146
v 0.481521 0.255468 0.034008
v 0.480699 0.255567 0.033067
v 0.478657 0.253693 0.035761
v 0.479067 0.254362 0.033903
v 0.478583 0.258314 0.049209
v 0.476757 0.255468 0.047732
v 0.476941 0.256842 0.048804
v 0.475495 0.258314 0.049641
v 0.479725 0.256842 0.047961
v 0.478834 0.254362 0.045574
v 0.478005 0.255369 0.047299
v 0.474311 0.255468 0.047683
v 0.475529 0.255567 0.047960
v 0.475596 0.253693 0.044580
v 0.476357 0.254362 0.046325
v 0.483870 0.258314 0.033979
v 0.483029 0.255468 0.036173
v 0.483993 0.256842 0.035666
v 0.485235 0.258314 0.036783
v 0.482330 0.256842 0.033279
v 0.480335 0.254362 0.034863
v 0.482233 0.255369 0.035120
v 0.483739 0.255468 0.038514
v 0.483626 0.255567 0.037270
v 0.480391 0.253693 0.038251
v 0.481815 0.254362 0.036988
v 0.485655 0.237960 0.039872
v 0.483739 0.240806 0.038514
v 0.484821 0.239432 0.038401
v 0.485235 0.237960 0.036783
v 0.485113 0.237960 0.042943
v 0.483686 0.240806 0.041153
v 0.484763 0.239432 0.041309
v 0.480330 0.242581 0.041283
v 0.482224 0.241912 0.041099
v 0.483661 0.240905 0.039833
v 0.482884 0.240806 0.043464
v 0.483524 0.240707 0.042392
v 0.483029 0.240806 0.036173
v 0.483626 0.240707 0.037270
v 0.480391 0.242581 0.038251
v 0.482276 0.241912 0.038511
v 0.483870 0.237960 0.033979
v 0.481521 0.240806 0.034008
v 0.482330 0.239432 0.033279
v 0.481714 0.237960 0.031727
v 0.483993 0.239432 0.035666
v 0.481815 0.241912 0.036988
v 0.482233 0.240905 0.035120
v 0.479571 0.240806 0.032531
v 0.480699 0.240707 0.033067
v 0.478657 0.242581 0.035761
v 0.480335 0.241912 0.034863
v 0.483636 0.237960 0.045690
v 0.483826 0.239432 0.044009
v 0.481392 0.237960 0.047855
v 0.481290 0.240806 0.045568
v 0.482070 0.239432 0.046328
v 0.478499 0.242581 0.043701
v 0.480140 0.241912 0.044665
v 0.482046 0.240905 0.044485
v 0.479283 0.240806 0.046966
v 0.480431 0.240707 0.046475
v 0.481703 0.241912 0.042601
v 0.472427 0.258314 0.049086
v 0.471336 0.256842 0.047794
v 0.474084 0.256842 0.048747
v 0.474767 0.254362 0.046293
v 0.473081 0.255369 0.047201
v 0.472321 0.254362 0.045444
v 0.478583 0.237960 0.049209
v 0.479725 0.239432 0.047961
v 0.475495 0.237960 0.049641
v 0.476757 0.240806 0.047732
v 0.476941 0.239432 0.048804
v 0.475596 0.242581 0.044580
v 0.476357 0.241912 0.046325
v 0.478005 0.240905 0.047299
v 0.474311 0.240806 0.047683
v 0.475529 0.240707 0.047960
v 0.478834 0.241912 0.045574
v 0.478962 0.237960 0.030262
v 0.477305 0.239432 0.030600
v 0.480052 0.239432 0.031553
v 0.479067 0.241912 0.033903
v 0.478307 0.240905 0.032146
v 0.476622 0.241912 0.033055
v 0.472427 0.237960 0.049086
v 0.474084 0.239432 0.048747
v 0.471336 0.239432 0.047794
v 0.472321 0.241912 0.045444
v 0.473081 0.240905 0.047201
v 0.474767 0.241912 0.046293
v 0.485655 0.258314 0.039872
v 0.484763 0.256842 0.041309
v 0.484821 0.256842 0.038401
v 0.482276 0.254362 0.038511
v 0.483661 0.255369 0.039833
v 0.482224 0.254362 0.041099
v 0.474558 0.242806 0.035925
v 0.472571 0.242806 0.037308
v 0.476979 0.242806 0.035972
v 0.478909 0.242806 0.037435
v 0.479611 0.242806 0.039752
v 0.478817 0.242806 0.042039
v 0.476830 0.242806 0.043423
v 0.474409 0.242806 0.043375
v 0.472479 0.242806 0.041913
v 0.471777 0.242806 0.039596
v 0.472571 0.253468 0.037308
v 0.474558 0.253468 0.035925
v 0.471777 0.253468 0.039596
v 0.472479 0.253468 0.041913
v 0.474409 0.253468 0.043375
v 0.476830 0.253468 0.043423
v 0.478817 0.253468 0.042039
v 0.479611 0.253468 0.039752
v 0.478909 0.253468 0.037435
v 0.476979 0.253468 0.035972
v 0.458082 0.088062 0.021340
v 0.458082 0.082788 0.021340
v 0.458082 0.085036 0.021340
v 0.453276 0.088062 0.027685
v 0.455434 0.088062 0.024327
v 0.458082 0.094891 0.021340
v 0.458082 0.091477 0.021340
v 0.464605 0.088062 0.016797
v 0.461158 0.088062 0.018803
v 0.450669 0.088062 0.035194
v 0.451667 0.088062 0.031333
v 0.453276 0.094891 0.027685
v 0.453276 0.091477 0.027685
v 0.453276 0.082788 0.027685
v 0.453276 0.085036 0.027685
v 0.453276 0.100166 0.027685
v 0.453276 0.097917 0.027685
v 0.455434 0.094891 0.024327
v 0.450669 0.094891 0.035194
v 0.451667 0.094891 0.031333
v 0.464605 0.094891 0.016797
v 0.461158 0.094891 0.018803
v 0.458082 0.100166 0.021340
v 0.458082 0.097917 0.021340
v 0.450669 0.082788 0.035194
v 0.450669 0.085036 0.035194
v 0.450510 0.088062 0.043152
v 0.450283 0.088062 0.039167
v 0.450669 0.091477 0.035194
v 0.452815 0.088062 0.050759
v 0.451353 0.088062 0.047048
v 0.450510 0.094891 0.043152
v 0.450510 0.091477 0.043152
v 0.450510 0.082788 0.043152
v 0.450510 0.085036 0.043152
v 0.450510 0.100166 0.043152
v 0.450510 0.097917 0.043152
v 0.450283 0.094891 0.039167
v 0.452815 0.094891 0.050759
v 0.451353 0.094891 0.047048
v 0.450669 0.100166 0.035194
v 0.450669 0.097917 0.035194
v 0.452815 0.082788 0.050759
v 0.452815 0.085036 0.050759
v 0.457364 0.088062 0.057290
v 0.454838 0.088062 0.054200
v 0.452815 0.091477 0.050759
v 0.463700 0.088062 0.062090
v 0.460337 0.088062 0.059947
v 0.457364 0.094891 0.057290
v 0.457364 0.091477 0.057290
v 0.457364 0.082788 0.057290
v 0.457364 0.085036 0.057290
v 0.457364 0.100166 0.057290
v 0.457364 0.097917 0.057290
v 0.454838 0.094891 0.054200
v 0.463700 0.094891 0.062090
v 0.460337 0.094891 0.059947
v 0.452815 0.100166 0.050759
v 0.452815 0.097917 0.050759
v 0.463700 0.082788 0.062090
v 0.463700 0.085036 0.062090
v 0.471219 0.088062 0.064700
v 0.467359 0.088062 0.063685
v 0.463700 0.091477 0.062090
v 0.479167 0.088062 0.064859
v 0.475187 0.088062 0.065102
v 0.471219 0.094891 0.064700
v 0.471219 0.091477 0.064700
v 0.471219 0.082788 0.064700
v 0.471219 0.085036 0.064700
v 0.471219 0.100166 0.064700
v 0.471219 0.097917 0.064700
v 0.467359 0.094891 0.063685
v 0.479167 0.094891 0.064859
v 0.475187 0.094891 0.065102
v 0.463700 0.100166 0.062090
v 0.463700 0.097917 0.062090
v 0.479167 0.082788 0.064859
v 0.479167 0.085036 0.064859
v 0.486784 0.088062 0.062551
v 0.483064 0.088062 0.063998
v 0.479167 0.091477 0.064859
v 0.493307 0.088062 0.058008
v 0.490230 0.088062 0.060544
v 0.486784 0.094891 0.062551
v 0.486784 0.091477 0.062551
v 0.486784 0.082788 0.062551
v 0.486784 0.085036 0.062551
v 0.486784 0.100166 0.062551
v 0.486784 0.097917 0.062551
v 0.483064 0.094891 0.063998
v 0.493307 0.094891 0.058008
v 0.490230 0.094891 0.060544
v 0.479167 0.100166 0.064859
v 0.479167 0.097917 0.064859
v 0.493307 0.082788 0.058008
v 0.493307 0.085036 0.058008
v 0.498113 0.088062 0.051663
v 0.495955 0.088062 0.055021
v 0.493307 0.091477 0.058008
v 0.500719 0.088062 0.044154
v 0.499721 0.088062 0.048014
v 0.498113 0.094891 0.051663
v 0.498113 0.091477 0.051663
v 0.498113 0.082788 0.051663
v 0.498113 0.085036 0.051663
v 0.498113 0.100166 0.051663
v 0.498113 0.097917 0.051663
v 0.495955 0.094891 0.055021
v 0.500719 0.094891 0.044154
v 0.499721 0.094891 0.048014
v 0.493307 0.100166 0.058008
v 0.493307 0.097917 0.058008
v 0.500719 0.082788 0.044154
v 0.500719 0.085036 0.044154
v 0.500878 0.088062 0.036196
v 0.501106 0.088062 0.040181
v 0.500719 0.091477 0.044154
v 0.498573 0.088062 0.028588
v 0.500035 0.088062 0.032299
v 0.500878 0.094891 0.036196
v 0.500878 0.091477 0.036196
v 0.500878 0.082788 0.036196
v 0.500878 0.085036 0.036196
v 0.500878 0.100166 0.036196
v 0.500878 0.097917 0.036196
v 0.501106 0.094891 0.040181
v 0.498573 0.094891 0.028588
v 0.500035 0.094891 0.032299
v 0.500719 0.100166 0.044154
v 0.500719 0.097917 0.044154
v 0.498573 0.082788 0.028588
v 0.498573 0.085036 0.028588
v 0.494025 0.088062 0.022057
v 0.496551 0.088062 0.025147
v 0.498573 0.091477 0.028588
v 0.487688 0.088062 0.017258
v 0.491051 0.088062 0.019400
v 0.494025 0.094891 0.022057
v 0.494025 0.091477 0.022057
v 0.494025 0.082788 0.022057
v 0.494025 0.085036 0.022057
v 0.494025 0.100166 0.022057
v 0.494025 0.097917 0.022057
v 0.496551 0.094891 0.025147
v 0.487688 0.094891 0.017258
v 0.491051 0.094891 0.019400
v 0.498573 0.100166 0.028588
v 0.498573 0.097917 0.028588
v 0.487688 0.082788 0.017258
v 0.487688 0.085036 0.017258
v 0.480169 0.088062 0.014648
v 0.484030 0.088062 0.015663
v 0.487688 0.091477 0.017258
v 0.472222 0.088062 0.014489
v 0.476202 0.088062 0.014245
v 0.480169 0.094891 0.014648
v 0.480169 0.091477 0.014648
v 0.480169 0.082788 0.014648
v 0.480169 0.085036 0.014648
v 0.480169 0.100166 0.014648
v 0.480169 0.097917 0.014648
v 0.484030 0.094891 0.015663
v 0.472222 0.094891 0.014489
v 0.476202 0.094891 0.014245
v 0.487688 0.100166 0.017258
v 0.487688 0.097917 0.017258
v 0.472222 0.082788 0.014489
v 0.472222 0.085036 0.014489
v 0.468324 0.088062 0.015349
v 0.472222 0.091477 0.014489
v 0.464605 0.091477 0.016797
v 0.464605 0.082788 0.016797
v 0.464605 0.085036 0.016797
v 0.464605 0.100166 0.016797
v 0.464605 0.097917 0.016797
v 0.468324 0.094891 0.015349
v 0.472222 0.100166 0.014489
v 0.472222 0.097917 0.014489
v 0.451667 0.100166 0.031333
v 0.454074 0.102837 0.028111
v 0.453475 0.101763 0.027791
v 0.455434 0.100166 0.024327
v 0.457268 0.103919 0.029820
v 0.455272 0.103513 0.028752
v 0.458709 0.102837 0.021993
v 0.456155 0.102837 0.024873
v 0.451561 0.102837 0.035354
v 0.452523 0.102837 0.031630
v 0.465000 0.102837 0.017612
v 0.461676 0.102837 0.019547
v 0.458239 0.101763 0.021504
v 0.461218 0.103919 0.024605
v 0.459650 0.103513 0.022973
v 0.461158 0.100166 0.018803
v 0.460337 0.082788 0.059947
v 0.464127 0.080117 0.061291
v 0.463807 0.081190 0.061890
v 0.467359 0.082788 0.063685
v 0.465836 0.079035 0.058098
v 0.464768 0.079440 0.060094
v 0.471379 0.080117 0.063808
v 0.467656 0.080117 0.062830
v 0.458017 0.080117 0.056663
v 0.460884 0.080117 0.059225
v 0.479043 0.080117 0.063962
v 0.475205 0.080117 0.064196
v 0.471259 0.081190 0.064477
v 0.472016 0.079035 0.060243
v 0.471618 0.079440 0.062472
v 0.475187 0.082788 0.065102
v 0.451353 0.100166 0.047048
v 0.451407 0.102837 0.043027
v 0.450734 0.101763 0.043120
v 0.450283 0.100166 0.039167
v 0.454995 0.103919 0.042532
v 0.452752 0.103513 0.042841
v 0.451188 0.102837 0.039185
v 0.453630 0.102837 0.050364
v 0.452221 0.102837 0.046786
v 0.450892 0.101763 0.035234
v 0.455126 0.103919 0.035992
v 0.452897 0.103513 0.035593
v 0.476202 0.082788 0.014245
v 0.472345 0.080117 0.015386
v 0.472252 0.081190 0.014713
v 0.468324 0.082788 0.015349
v 0.472840 0.079035 0.018974
v 0.472531 0.079440 0.016732
v 0.465000 0.080117 0.017612
v 0.468586 0.080117 0.016215
v 0.480010 0.080117 0.015539
v 0.476184 0.080117 0.015151
v 0.458709 0.080117 0.021993
v 0.461676 0.080117 0.019547
v 0.464703 0.081190 0.017001
v 0.466579 0.079035 0.020871
v 0.465592 0.079440 0.018834
v 0.461158 0.082788 0.018803
v 0.479136 0.081190 0.064634
v 0.483064 0.082788 0.063998
v 0.478548 0.079035 0.060373
v 0.478858 0.079440 0.062616
v 0.486389 0.080117 0.061736
v 0.482802 0.080117 0.063132
v 0.492680 0.080117 0.057354
v 0.489712 0.080117 0.059801
v 0.486685 0.081190 0.062347
v 0.484809 0.079035 0.058477
v 0.485796 0.079440 0.060514
v 0.490230 0.082788 0.060544
v 0.460337 0.100166 0.059947
v 0.458017 0.102837 0.056663
v 0.457527 0.101763 0.057133
v 0.454838 0.100166 0.054200
v 0.460628 0.103919 0.054153
v 0.458996 0.103513 0.055721
v 0.455580 0.102837 0.053683
v 0.464127 0.102837 0.061291
v 0.460884 0.102837 0.059225
v 0.453019 0.101763 0.050660
v 0.456890 0.103919 0.048785
v 0.454852 0.103513 0.049772
v 0.493150 0.081190 0.057844
v 0.495955 0.082788 0.055021
v 0.490170 0.079035 0.054742
v 0.491739 0.079440 0.056375
v 0.497314 0.080117 0.051236
v 0.495233 0.080117 0.054474
v 0.499828 0.080117 0.043994
v 0.498865 0.080117 0.047717
v 0.497913 0.081190 0.051556
v 0.494120 0.079035 0.049528
v 0.496116 0.079440 0.050595
v 0.499721 0.082788 0.048014
v 0.475187 0.100166 0.065102
v 0.471379 0.102837 0.063808
v 0.471259 0.101763 0.064477
v 0.467359 0.100166 0.063685
v 0.472016 0.103918 0.060243
v 0.471618 0.103513 0.062472
v 0.467656 0.102837 0.062830
v 0.479043 0.102837 0.063962
v 0.475205 0.102837 0.064196
v 0.463807 0.101763 0.061890
v 0.465836 0.103919 0.058098
v 0.464768 0.103513 0.060094
v 0.500497 0.081190 0.044114
v 0.501106 0.082788 0.040181
v 0.496263 0.079035 0.043356
v 0.498491 0.079440 0.043755
v 0.499981 0.080117 0.036320
v 0.500201 0.080117 0.040163
v 0.497758 0.080117 0.028983
v 0.499168 0.080117 0.032561
v 0.500654 0.081190 0.036227
v 0.496393 0.079035 0.036815
v 0.498636 0.079440 0.036506
v 0.500035 0.082788 0.032299
v 0.490230 0.100166 0.060544
v 0.486389 0.102837 0.061736
v 0.486685 0.101763 0.062347
v 0.483064 0.100166 0.063998
v 0.484809 0.103918 0.058476
v 0.485796 0.103513 0.060514
v 0.482802 0.102837 0.063132
v 0.492680 0.102837 0.057354
v 0.489712 0.102837 0.059801
v 0.479136 0.101763 0.064634
v 0.478548 0.103918 0.060373
v 0.478858 0.103513 0.062616
v 0.464703 0.101763 0.017001
v 0.468324 0.100166 0.015349
v 0.466579 0.103919 0.020871
v 0.465592 0.103513 0.018834
v 0.472345 0.102837 0.015386
v 0.468586 0.102837 0.016215
v 0.480010 0.102837 0.015539
v 0.476184 0.102837 0.015151
v 0.472252 0.101763 0.014713
v 0.472840 0.103919 0.018974
v 0.472531 0.103513 0.016732
v 0.476202 0.100166 0.014245
v 0.498370 0.081190 0.028687
v 0.496551 0.082788 0.025147
v 0.494499 0.079035 0.030563
v 0.496536 0.079440 0.029575
v 0.493372 0.080117 0.022685
v 0.495808 0.080117 0.025665
v 0.487261 0.080117 0.018056
v 0.490504 0.080117 0.020123
v 0.493861 0.081190 0.022214
v 0.490760 0.079035 0.025195
v 0.492392 0.079440 0.023626
v 0.491051 0.082788 0.019400
v 0.499721 0.100166 0.048014
v 0.497314 0.102837 0.051236
v 0.497913 0.101763 0.051556
v 0.495955 0.100166 0.055021
v 0.494120 0.103918 0.049528
v 0.496116 0.103513 0.050595
v 0.495233 0.102837 0.054474
v 0.499828 0.102837 0.043994
v 0.498865 0.102837 0.047717
v 0.493150 0.101763 0.057844
v 0.490170 0.103918 0.054742
v 0.491739 0.103513 0.056375
v 0.487581 0.081190 0.017457
v 0.484030 0.082788 0.015663
v 0.485552 0.079035 0.021250
v 0.486620 0.079440 0.019253
v 0.483732 0.080117 0.016518
v 0.480129 0.081190 0.014870
v 0.479372 0.079035 0.019105
v 0.479770 0.079440 0.016876
v 0.500035 0.100166 0.032299
v 0.499981 0.102837 0.036320
v 0.500654 0.101763 0.036227
v 0.501106 0.100166 0.040181
v 0.496393 0.103919 0.036815
v 0.498636 0.103513 0.036506
v 0.500201 0.102837 0.040163
v 0.497758 0.102837 0.028983
v 0.499168 0.102837 0.032561
v 0.500497 0.101763 0.044114
v 0.496263 0.103918 0.043356
v 0.498491 0.103513 0.043755
v 0.491051 0.100166 0.019400
v 0.493372 0.102837 0.022685
v 0.493861 0.101763 0.022214
v 0.496551 0.100166 0.025147
v 0.490760 0.103919 0.025195
v 0.492392 0.103513 0.023626
v 0.495808 0.102837 0.025665
v 0.487261 0.102837 0.018056
v 0.490504 0.102837 0.020123
v 0.498370 0.101763 0.028687
v 0.494499 0.103919 0.030563
v 0.496536 0.103513 0.029575
v 0.480129 0.101763 0.014870
v 0.484030 0.100166 0.015663
v 0.479372 0.103919 0.019105
v 0.479770 0.103513 0.016876
v 0.483732 0.102837 0.016518
v 0.487581 0.101763 0.017457
v 0.485552 0.103919 0.021250
v 0.486620 0.103513 0.019253
v 0.458239 0.081190 0.021504
v 0.455434 0.082788 0.024327
v 0.461218 0.079035 0.024605
v 0.459650 0.079440 0.022973
v 0.454074 0.080117 0.028111
v 0.456155 0.080117 0.024873
v 0.451561 0.080117 0.035354
v 0.452523 0.080117 0.031630
v 0.453475 0.081190 0.027791
v 0.457268 0.079035 0.029820
v 0.455272 0.079440 0.028752
v 0.451667 0.082788 0.031333
v 0.450892 0.081190 0.035234
v 0.450283 0.082788 0.039167
v 0.455126 0.079035 0.035992
v 0.452897 0.079440 0.035593
v 0.451407 0.080117 0.043027
v 0.451188 0.080117 0.039185
v 0.453630 0.080117 0.050364
v 0.452221 0.080117 0.046786
v 0.450734 0.081190 0.043120
v 0.454995 0.079035 0.042532
v 0.452752 0.079440 0.042841
v 0.451353 0.082788 0.047048
v 0.453019 0.081190 0.050660
v 0.454838 0.082788 0.054200
v 0.456890 0.079035 0.048785
v 0.454852 0.079440 0.049772
v 0.455580 0.080117 0.053683
v 0.457527 0.081190 0.057133
v 0.460628 0.079035 0.054153
v 0.458996 0.079440 0.055721
v 0.475277 0.103918 0.060573
v 0.472973 0.104189 0.054895
v 0.472494 0.104121 0.057569
v 0.468843 0.103918 0.059409
v 0.473610 0.104189 0.051329
v 0.473371 0.104189 0.052666
v 0.468400 0.104189 0.053307
v 0.470625 0.104189 0.054277
v 0.477806 0.104189 0.054991
v 0.475385 0.104189 0.055139
v 0.464546 0.104189 0.050388
v 0.466354 0.104189 0.052004
v 0.467118 0.104121 0.055702
v 0.470108 0.104189 0.050113
v 0.469467 0.104189 0.051311
v 0.463072 0.103919 0.056337
v 0.476112 0.103919 0.018774
v 0.478416 0.104189 0.024453
v 0.478894 0.104121 0.021779
v 0.482545 0.103919 0.019939
v 0.477779 0.104189 0.028019
v 0.478017 0.104189 0.026681
v 0.482989 0.104189 0.026040
v 0.480763 0.104189 0.025070
v 0.473582 0.104189 0.024356
v 0.476002 0.104189 0.024208
v 0.486842 0.104189 0.028959
v 0.485035 0.104189 0.027344
v 0.484271 0.104121 0.023645
v 0.481280 0.104189 0.029234
v 0.481920 0.104189 0.028036
v 0.488316 0.103919 0.023011
v 0.463747 0.103919 0.022520
v 0.468949 0.104189 0.025759
v 0.467764 0.104121 0.023315
v 0.469637 0.103919 0.019681
v 0.470530 0.104189 0.029020
v 0.469937 0.104189 0.027798
v 0.471212 0.104189 0.024880
v 0.464982 0.104189 0.028522
v 0.466853 0.104189 0.026980
v 0.473211 0.104121 0.021664
v 0.474077 0.104189 0.027944
v 0.473891 0.104189 0.026599
v 0.488801 0.104121 0.027077
v 0.492836 0.103919 0.027734
v 0.484231 0.104189 0.031469
v 0.485210 0.104189 0.030528
v 0.489609 0.104189 0.032932
v 0.488379 0.104189 0.030839
v 0.491011 0.104189 0.037559
v 0.490498 0.104189 0.035188
v 0.492054 0.104121 0.031747
v 0.486350 0.104189 0.034511
v 0.487572 0.104189 0.033919
v 0.495700 0.103919 0.033612
v 0.455946 0.103919 0.032819
v 0.462059 0.104189 0.032382
v 0.459663 0.104121 0.031100
v 0.459042 0.103919 0.027060
v 0.465253 0.104189 0.034090
v 0.464055 0.104189 0.033449
v 0.463372 0.104189 0.030340
v 0.460474 0.104189 0.036949
v 0.461081 0.104189 0.034600
v 0.463100 0.104121 0.026564
v 0.467492 0.104189 0.031135
v 0.466551 0.104189 0.030156
v 0.493702 0.104121 0.037187
v 0.496580 0.103918 0.040091
v 0.487423 0.104189 0.038054
v 0.488769 0.104189 0.037868
v 0.490915 0.104189 0.042398
v 0.491150 0.104189 0.039982
v 0.489329 0.104189 0.046966
v 0.490307 0.104189 0.044746
v 0.493589 0.104121 0.042877
v 0.487349 0.104189 0.041760
v 0.488686 0.104189 0.041999
v 0.495442 0.103918 0.046529
v 0.488316 0.079035 0.023011
v 0.482989 0.078764 0.026040
v 0.484271 0.078832 0.023645
v 0.482545 0.079035 0.019939
v 0.481280 0.078764 0.029234
v 0.481920 0.078764 0.028036
v 0.478416 0.078764 0.024453
v 0.480763 0.078764 0.025070
v 0.486842 0.078764 0.028959
v 0.485035 0.078764 0.027344
v 0.473582 0.078764 0.024356
v 0.476002 0.078764 0.024208
v 0.478894 0.078832 0.021779
v 0.477779 0.078764 0.028019
v 0.478017 0.078764 0.026681
v 0.476112 0.079035 0.018774
v 0.491725 0.104121 0.048247
v 0.492346 0.103918 0.052287
v 0.486135 0.104189 0.045257
v 0.487333 0.104189 0.045898
v 0.486406 0.104189 0.050824
v 0.488017 0.104189 0.049008
v 0.482439 0.104189 0.053587
v 0.484535 0.104189 0.052367
v 0.488288 0.104121 0.052783
v 0.483897 0.104189 0.048212
v 0.484838 0.104189 0.049192
v 0.487641 0.103918 0.056827
v 0.495700 0.079035 0.033612
v 0.489609 0.078764 0.032932
v 0.492054 0.078832 0.031747
v 0.492836 0.079035 0.027734
v 0.486350 0.078764 0.034511
v 0.487572 0.078764 0.033919
v 0.488379 0.078764 0.030839
v 0.491011 0.078764 0.037559
v 0.490498 0.078764 0.035188
v 0.488801 0.078832 0.027077
v 0.484231 0.078764 0.031469
v 0.485210 0.078764 0.030528
v 0.495442 0.079035 0.046529
v 0.490915 0.078764 0.042398
v 0.493589 0.078832 0.042877
v 0.496580 0.079035 0.040091
v 0.487349 0.078764 0.041760
v 0.488686 0.078764 0.041999
v 0.491150 0.078764 0.039982
v 0.489329 0.078764 0.046966
v 0.490307 0.078764 0.044746
v 0.493702 0.078832 0.037187
v 0.487423 0.078764 0.038054
v 0.488769 0.078764 0.037868
v 0.483624 0.104121 0.056032
v 0.481752 0.103918 0.059666
v 0.480859 0.104189 0.050328
v 0.481451 0.104189 0.051550
v 0.480177 0.104189 0.054468
v 0.478177 0.104121 0.057682
v 0.477311 0.104189 0.051403
v 0.477497 0.104189 0.052748
v 0.462587 0.104121 0.052270
v 0.458552 0.103919 0.051613
v 0.467157 0.104189 0.047878
v 0.466178 0.104189 0.048819
v 0.461779 0.104189 0.046415
v 0.463009 0.104189 0.048509
v 0.460377 0.104189 0.041789
v 0.460890 0.104189 0.044160
v 0.459334 0.104121 0.047600
v 0.465038 0.104189 0.044836
v 0.463816 0.104189 0.045428
v 0.455688 0.103919 0.045736
v 0.487641 0.079035 0.056827
v 0.486406 0.078764 0.050824
v 0.488288 0.078832 0.052783
v 0.492346 0.079035 0.052287
v 0.483897 0.078764 0.048212
v 0.484838 0.078764 0.049192
v 0.488017 0.078764 0.049008
v 0.482439 0.078764 0.053587
v 0.484535 0.078764 0.052367
v 0.491725 0.078832 0.048247
v 0.486135 0.078764 0.045257
v 0.487333 0.078764 0.045898
v 0.475277 0.079035 0.060573
v 0.477806 0.078764 0.054991
v 0.478177 0.078832 0.057682
v 0.481752 0.079035 0.059666
v 0.477312 0.078764 0.051403
v 0.477497 0.078764 0.052748
v 0.480177 0.078764 0.054468
v 0.472973 0.078764 0.054895
v 0.475385 0.078764 0.055139
v 0.483624 0.078832 0.056032
v 0.480859 0.078764 0.050328
v 0.481451 0.078764 0.051550
v 0.473211 0.078832 0.021664
v 0.469637 0.079035 0.019681
v 0.474077 0.078764 0.027944
v 0.473891 0.078764 0.026599
v 0.468949 0.078764 0.025759
v 0.471212 0.078764 0.024880
v 0.464982 0.078764 0.028522
v 0.466853 0.078764 0.026980
v 0.467764 0.078832 0.023315
v 0.470530 0.078764 0.029020
v 0.469937 0.078764 0.027798
v 0.463747 0.079035 0.022520
v 0.463072 0.079035 0.056337
v 0.468400 0.078764 0.053307
v 0.467118 0.078832 0.055702
v 0.468843 0.079035 0.059409
v 0.470108 0.078764 0.050113
v 0.469467 0.078764 0.051311
v 0.470625 0.078764 0.054277
v 0.464546 0.078764 0.050388
v 0.466354 0.078764 0.052004
v 0.472494 0.078832 0.057569
v 0.473610 0.078764 0.051329
v 0.473371 0.078764 0.052666
v 0.455688 0.079035 0.045736
v 0.461779 0.078764 0.046415
v 0.459334 0.078832 0.047600
v 0.458552 0.079035 0.051613
v 0.465038 0.078764 0.044836
v 0.463816 0.078764 0.045428
v 0.463009 0.078764 0.048509
v 0.460377 0.078764 0.041789
v 0.460890 0.078764 0.044160
v 0.462587 0.078832 0.052270
v 0.467157 0.078764 0.047878
v 0.466178 0.078764 0.048819
v 0.457686 0.104121 0.042161
v 0.454808 0.103919 0.039257
v 0.463966 0.104189 0.041294
v 0.462619 0.104189 0.041478
v 0.460239 0.104189 0.039365
v 0.457800 0.104121 0.036471
v 0.464039 0.104189 0.037588
v 0.462702 0.104189 0.037348
v 0.455946 0.079035 0.032819
v 0.460474 0.078764 0.036949
v 0.457800 0.078832 0.036471
v 0.454808 0.079035 0.039257
v 0.464039 0.078764 0.037588
v 0.462702 0.078764 0.037348
v 0.460239 0.078764 0.039365
v 0.462059 0.078764 0.032382
v 0.461081 0.078764 0.034600
v 0.457686 0.078832 0.042161
v 0.463966 0.078764 0.041294
v 0.462619 0.078764 0.041478
v 0.463100 0.078832 0.026564
v 0.459042 0.079035 0.027060
v 0.467492 0.078764 0.031135
v 0.466551 0.078764 0.030156
v 0.463372 0.078764 0.030340
v 0.459663 0.078832 0.031100
v 0.465253 0.078764 0.034090
v 0.464055 0.078764 0.033449
v 0.464358 0.078764 0.043109
v 0.466028 0.079271 0.044357
v 0.465694 0.078891 0.044519
v 0.465981 0.078764 0.046439
v 0.466726 0.081300 0.044019
v 0.466290 0.080032 0.044231
v 0.467950 0.079271 0.047116
v 0.466882 0.079271 0.045811
v 0.465054 0.079271 0.041143
v 0.465411 0.079271 0.042790
v 0.470627 0.079271 0.049144
v 0.469206 0.079271 0.048239
v 0.467682 0.078891 0.047374
v 0.468509 0.081300 0.046579
v 0.468160 0.080032 0.046915
v 0.468542 0.078764 0.049116
v 0.475930 0.104189 0.027831
v 0.477584 0.103682 0.029100
v 0.477650 0.104062 0.028735
v 0.479576 0.104189 0.028491
v 0.477448 0.101653 0.029864
v 0.477533 0.102921 0.029386
v 0.480761 0.103682 0.030203
v 0.479216 0.103682 0.029530
v 0.474227 0.103682 0.029033
v 0.475908 0.103682 0.028930
v 0.483438 0.103682 0.032231
v 0.482183 0.103682 0.031109
v 0.480936 0.104062 0.029875
v 0.480395 0.101653 0.030886
v 0.480624 0.102921 0.030460
v 0.482846 0.104189 0.030232
v 0.482846 0.078764 0.030232
v 0.480761 0.079271 0.030203
v 0.480936 0.078891 0.029875
v 0.479576 0.078764 0.028491
v 0.480395 0.081300 0.030886
v 0.480624 0.080032 0.030460
v 0.477584 0.079271 0.029100
v 0.479216 0.079271 0.029530
v 0.483438 0.079271 0.032231
v 0.482183 0.079271 0.031109
v 0.474227 0.079271 0.029033
v 0.475908 0.079271 0.028930
v 0.477650 0.078891 0.028735
v 0.477448 0.081300 0.029864
v 0.477533 0.080032 0.029386
v 0.475930 0.078764 0.027831
v 0.470451 0.078891 0.049472
v 0.471812 0.078764 0.050856
v 0.470993 0.081300 0.048461
v 0.470764 0.080032 0.048888
v 0.473804 0.079271 0.050247
v 0.472173 0.079271 0.049818
v 0.477161 0.079271 0.050314
v 0.475480 0.079271 0.050417
v 0.473738 0.078891 0.050613
v 0.473940 0.081300 0.049484
v 0.473855 0.080032 0.049961
v 0.475458 0.078764 0.051516
v 0.477212 0.078891 0.050682
v 0.479127 0.078764 0.051002
v 0.477055 0.081300 0.049546
v 0.477122 0.080032 0.050026
v 0.480379 0.079271 0.049339
v 0.478808 0.079271 0.049951
v 0.483135 0.079271 0.047419
v 0.481835 0.079271 0.048491
v 0.480542 0.078891 0.049673
v 0.480041 0.081300 0.048641
v 0.480253 0.080032 0.049077
v 0.482464 0.078764 0.049393
v 0.464504 0.104189 0.035789
v 0.466222 0.103682 0.034608
v 0.465895 0.104062 0.034433
v 0.466258 0.104189 0.032526
v 0.466906 0.101653 0.034974
v 0.466479 0.102921 0.034746
v 0.468253 0.103682 0.031928
v 0.467135 0.103682 0.033190
v 0.465121 0.103682 0.037780
v 0.465543 0.103682 0.036150
v 0.471009 0.103682 0.030009
v 0.469553 0.103682 0.030856
v 0.467996 0.104062 0.031660
v 0.468790 0.101653 0.032487
v 0.468454 0.102921 0.032137
v 0.468925 0.104189 0.029954
v 0.474176 0.078891 0.028665
v 0.472261 0.078764 0.028345
v 0.474333 0.081300 0.029802
v 0.474267 0.080032 0.029322
v 0.471009 0.079271 0.030009
v 0.472580 0.079271 0.029397
v 0.468253 0.079271 0.031928
v 0.469553 0.079271 0.030856
v 0.470847 0.078891 0.029674
v 0.471347 0.081300 0.030706
v 0.471135 0.080032 0.030269
v 0.468925 0.078764 0.029954
v 0.464358 0.104189 0.043109
v 0.465054 0.103682 0.041143
v 0.464686 0.104062 0.041193
v 0.463859 0.104189 0.039437
v 0.465822 0.101653 0.041036
v 0.465343 0.102921 0.041104
v 0.464959 0.103682 0.039460
v 0.466028 0.103682 0.044357
v 0.465411 0.103682 0.042790
v 0.464756 0.104062 0.037716
v 0.465885 0.101653 0.037918
v 0.465407 0.102921 0.037832
v 0.483393 0.078891 0.047688
v 0.485130 0.078764 0.046821
v 0.482598 0.081300 0.046860
v 0.482934 0.080032 0.047210
v 0.485166 0.079271 0.044739
v 0.484254 0.079271 0.046158
v 0.486267 0.079271 0.041566
v 0.485845 0.079271 0.043197
v 0.485493 0.078891 0.044914
v 0.484482 0.081300 0.044373
v 0.484909 0.080032 0.044602
v 0.486884 0.078764 0.043558
v 0.468542 0.104189 0.049116
v 0.467950 0.103682 0.047116
v 0.467682 0.104062 0.047374
v 0.465981 0.104189 0.046439
v 0.468509 0.101653 0.046579
v 0.468160 0.102921 0.046915
v 0.466882 0.103682 0.045811
v 0.470627 0.103682 0.049144
v 0.469206 0.103682 0.048239
v 0.465694 0.104062 0.044519
v 0.466726 0.101653 0.044019
v 0.466290 0.102921 0.044231
v 0.475458 0.104189 0.051516
v 0.473804 0.103682 0.050247
v 0.473738 0.104062 0.050613
v 0.471812 0.104189 0.050856
v 0.473940 0.101653 0.049484
v 0.473855 0.102921 0.049961
v 0.472173 0.103682 0.049818
v 0.477161 0.103682 0.050314
v 0.475480 0.103682 0.050417
v 0.470451 0.104062 0.049472
v 0.470993 0.101653 0.048461
v 0.470764 0.102921 0.048888
v 0.482464 0.104189 0.049393
v 0.480379 0.103682 0.049339
v 0.480542 0.104062 0.049673
v 0.479127 0.104189 0.051002
v 0.480041 0.101653 0.048641
v 0.480253 0.102921 0.049077
v 0.478808 0.103682 0.049951
v 0.483135 0.103682 0.047419
v 0.481835 0.103682 0.048491
v 0.477212 0.104062 0.050682
v 0.477055 0.101653 0.049546
v 0.477122 0.102921 0.050026
v 0.470847 0.104062 0.029674
v 0.472261 0.104189 0.028345
v 0.471347 0.101653 0.030706
v 0.471135 0.102921 0.030269
v 0.472580 0.103682 0.029397
v 0.474176 0.104062 0.028665
v 0.474333 0.101653 0.029802
v 0.474267 0.102921 0.029322
v 0.486884 0.104189 0.043558
v 0.485166 0.103682 0.044739
v 0.485493 0.104062 0.044914
v 0.485130 0.104189 0.046821
v 0.484482 0.101653 0.044373
v 0.484909 0.102921 0.044602
v 0.484254 0.103682 0.046158
v 0.486267 0.103682 0.041566
v 0.485845 0.103682 0.043197
v 0.483393 0.104062 0.047688
v 0.482598 0.101653 0.046860
v 0.482934 0.102921 0.047210
v 0.467996 0.078891 0.031660
v 0.466258 0.078764 0.032526
v 0.468790 0.081300 0.032487
v 0.468454 0.080032 0.032137
v 0.466222 0.079271 0.034608
v 0.467135 0.079271 0.033190
v 0.465121 0.079271 0.037780
v 0.465543 0.079271 0.036150
v 0.465895 0.078891 0.034433
v 0.466906 0.081300 0.034974
v 0.466479 0.080032 0.034746
v 0.464504 0.078764 0.035789
v 0.487030 0.104189 0.036239
v 0.486334 0.103682 0.038204
v 0.486702 0.104062 0.038154
v 0.487529 0.104189 0.039910
v 0.485566 0.101653 0.038310
v 0.486046 0.102921 0.038244
v 0.486430 0.103682 0.039888
v 0.485360 0.103682 0.034990
v 0.485978 0.103682 0.036558
v 0.486633 0.104062 0.041632
v 0.485504 0.101653 0.041430
v 0.485981 0.102921 0.041515
v 0.486633 0.078891 0.041632
v 0.487529 0.078764 0.039910
v 0.485504 0.081300 0.041430
v 0.485981 0.080032 0.041515
v 0.486334 0.079271 0.038204
v 0.486430 0.079271 0.039888
v 0.485360 0.079271 0.034990
v 0.485978 0.079271 0.036558
v 0.486702 0.078891 0.038154
v 0.485566 0.081300 0.038310
v 0.486046 0.080032 0.038244
v 0.487030 0.078764 0.036239
v 0.464756 0.078891 0.037716
v 0.463859 0.078764 0.039437
v 0.465885 0.081300 0.037918
v 0.465407 0.080032 0.037832
v 0.464959 0.079271 0.039460
v 0.464686 0.078891 0.041193
v 0.465822 0.081300 0.041036
v 0.465343 0.080032 0.041104
v 0.483707 0.104062 0.031974
v 0.485408 0.104189 0.032908
v 0.482879 0.101653 0.032768
v 0.483229 0.102921 0.032433
v 0.484506 0.103682 0.033537
v 0.485695 0.104062 0.034828
v 0.484663 0.101653 0.035328
v 0.485099 0.102921 0.035117
v 0.485695 0.078891 0.034828
v 0.485408 0.078764 0.032908
v 0.484663 0.081300 0.035328
v 0.485099 0.080032 0.035117
v 0.484506 0.079271 0.033537
v 0.483707 0.078891 0.031974
v 0.482879 0.081300 0.032768
v 0.483229 0.080032 0.032433
v 0.469674 0.101653 0.047621
v 0.469867 0.098808 0.045340
v 0.469058 0.100181 0.046068
v 0.467519 0.101653 0.045368
v 0.472731 0.097033 0.043586
v 0.471053 0.097702 0.044483
v 0.468359 0.098808 0.043175
v 0.469156 0.098709 0.044228
v 0.471817 0.098808 0.046817
v 0.470690 0.098906 0.046281
v 0.467650 0.098808 0.040833
v 0.467762 0.098906 0.042077
v 0.467395 0.100181 0.043681
v 0.470997 0.097033 0.041096
v 0.469573 0.097702 0.042359
v 0.466153 0.101653 0.042565
v 0.469996 0.081300 0.031493
v 0.470098 0.084146 0.033779
v 0.469319 0.082772 0.033020
v 0.467752 0.081300 0.033657
v 0.472889 0.085921 0.035647
v 0.471248 0.085251 0.034682
v 0.468504 0.084146 0.035883
v 0.469343 0.084244 0.034863
v 0.472105 0.084146 0.032381
v 0.470957 0.084047 0.032873
v 0.467702 0.084146 0.038194
v 0.467864 0.084047 0.036956
v 0.467562 0.082772 0.035338
v 0.471058 0.085921 0.038065
v 0.469685 0.085251 0.036746
v 0.466276 0.081300 0.036404
v 0.469996 0.101653 0.031493
v 0.472105 0.098808 0.032381
v 0.471663 0.100181 0.031386
v 0.472805 0.101653 0.030138
v 0.472889 0.097033 0.035647
v 0.472554 0.097702 0.033773
v 0.474632 0.098808 0.031616
v 0.473384 0.098709 0.032049
v 0.470098 0.098808 0.033779
v 0.470957 0.098906 0.032873
v 0.477077 0.098808 0.031664
v 0.475859 0.098906 0.031387
v 0.474447 0.100181 0.030543
v 0.475792 0.097033 0.034767
v 0.475031 0.097702 0.033023
v 0.475893 0.101653 0.029706
v 0.466567 0.100181 0.040946
v 0.465733 0.101653 0.039475
v 0.469112 0.097702 0.040837
v 0.467702 0.098808 0.038194
v 0.467728 0.098709 0.039514
v 0.468504 0.098808 0.035883
v 0.467864 0.098906 0.036956
v 0.466625 0.100181 0.038038
v 0.471058 0.097033 0.038065
v 0.469164 0.097702 0.038249
v 0.466276 0.101653 0.036404
v 0.466625 0.082772 0.038038
v 0.465733 0.081300 0.039475
v 0.469164 0.085251 0.038249
v 0.467650 0.084146 0.040833
v 0.467728 0.084244 0.039514
v 0.468359 0.084146 0.043175
v 0.467762 0.084047 0.042077
v 0.466567 0.082772 0.040946
v 0.470997 0.085921 0.041096
v 0.469112 0.085251 0.040837
v 0.466153 0.081300 0.042565
v 0.467562 0.100181 0.035338
v 0.467752 0.101653 0.033657
v 0.469685 0.097702 0.036746
v 0.469343 0.098709 0.034863
v 0.469319 0.100181 0.033020
v 0.471248 0.097702 0.034682
v 0.481392 0.081300 0.047855
v 0.481290 0.084146 0.045568
v 0.482070 0.082772 0.046328
v 0.483636 0.081300 0.045690
v 0.478499 0.085921 0.043701
v 0.480140 0.085251 0.044665
v 0.482884 0.084146 0.043464
v 0.482046 0.084244 0.044485
v 0.479283 0.084146 0.046966
v 0.480431 0.084047 0.046475
v 0.483686 0.084146 0.041153
v 0.483524 0.084047 0.042392
v 0.483826 0.082772 0.044009
v 0.480330 0.085921 0.041283
v 0.481703 0.085251 0.042601
v 0.485113 0.081300 0.042943
v 0.475893 0.081300 0.029706
v 0.474632 0.084146 0.031616
v 0.474447 0.082772 0.030543
v 0.472805 0.081300 0.030138
v 0.475792 0.085921 0.034767
v 0.475031 0.085251 0.033022
v 0.473384 0.084244 0.032049
v 0.477077 0.084146 0.031664
v 0.475859 0.084047 0.031387
v 0.471663 0.082772 0.031386
v 0.472554 0.085251 0.033773
v 0.467395 0.082772 0.043681
v 0.467519 0.081300 0.045368
v 0.469573 0.085251 0.042359
v 0.469867 0.084146 0.045340
v 0.469156 0.084244 0.044228
v 0.471817 0.084146 0.046817
v 0.470690 0.084047 0.046281
v 0.469058 0.082772 0.046068
v 0.472731 0.085921 0.043586
v 0.471053 0.085251 0.044483
v 0.469674 0.081300 0.047621
v 0.481714 0.081300 0.031727
v 0.479571 0.084146 0.032531
v 0.480052 0.082772 0.031553
v 0.478962 0.081300 0.030262
v 0.478657 0.085921 0.035761
v 0.479067 0.085251 0.033903
v 0.478307 0.084244 0.032146
v 0.481521 0.084146 0.034008
v 0.480699 0.084047 0.033067
v 0.477305 0.082772 0.030600
v 0.476622 0.085251 0.033055
v 0.475495 0.081300 0.049641
v 0.476757 0.084146 0.047732
v 0.476941 0.082772 0.048804
v 0.478583 0.081300 0.049209
v 0.475596 0.085921 0.044580
v 0.476357 0.085251 0.046325
v 0.478005 0.084244 0.047299
v 0.474311 0.084146 0.047683
v 0.475529 0.084047 0.047960
v 0.479725 0.082772 0.047961
v 0.478834 0.085251 0.045574
v 0.485235 0.081300 0.036783
v 0.483029 0.084146 0.036173
v 0.483993 0.082772 0.035666
v 0.483870 0.081300 0.033979
v 0.480391 0.085921 0.038251
v 0.481815 0.085251 0.036988
v 0.482233 0.084244 0.035120
v 0.483739 0.084146 0.038514
v 0.483626 0.084047 0.037270
v 0.482330 0.082772 0.033279
v 0.480335 0.085251 0.034863
v 0.485235 0.101653 0.036783
v 0.483739 0.098808 0.038514
v 0.484821 0.100181 0.038401
v 0.485655 0.101653 0.039872
v 0.480391 0.097033 0.038251
v 0.482276 0.097702 0.038511
v 0.483686 0.098808 0.041153
v 0.483661 0.098709 0.039833
v 0.483029 0.098808 0.036173
v 0.483626 0.098906 0.037270
v 0.482884 0.098808 0.043464
v 0.483524 0.098906 0.042392
v 0.484763 0.100181 0.041309
v 0.480330 0.097033 0.041283
v 0.482224 0.097702 0.041099
v 0.485113 0.101653 0.042943
v 0.481714 0.101653 0.031727
v 0.481521 0.098808 0.034008
v 0.482330 0.100181 0.033279
v 0.483870 0.101653 0.033979
v 0.478657 0.097033 0.035761
v 0.480335 0.097702 0.034863
v 0.482233 0.098709 0.035120
v 0.479571 0.098808 0.032531
v 0.480699 0.098906 0.033067
v 0.483993 0.100181 0.035666
v 0.481815 0.097702 0.036988
v 0.483826 0.100181 0.044009
v 0.483636 0.101653 0.045690
v 0.481703 0.097702 0.042601
v 0.481290 0.098808 0.045568
v 0.482046 0.098709 0.044485
v 0.479283 0.098808 0.046966
v 0.480431 0.098906 0.046475
v 0.482070 0.100181 0.046328
v 0.478499 0.097033 0.043701
v 0.480140 0.097702 0.044665
v 0.481392 0.101653 0.047855
v 0.471336 0.082772 0.047794
v 0.472427 0.081300 0.049086
v 0.472321 0.085251 0.045444
v 0.473081 0.084244 0.047201
v 0.474084 0.082772 0.048747
v 0.474767 0.085251 0.046293
v 0.479725 0.100181 0.047961
v 0.478583 0.101653 0.049209
v 0.478834 0.097702 0.045574
v 0.476757 0.098808 0.047732
v 0.478005 0.098709 0.047299
v 0.474311 0.098808 0.047683
v 0.475529 0.098906 0.047960
v 0.476941 0.100181 0.048804
v 0.475596 0.097033 0.044580
v 0.476357 0.097702 0.046325
v 0.475495 0.101653 0.049641
v 0.477305 0.100181 0.030600
v 0.478962 0.101653 0.030262
v 0.476622 0.097702 0.033055
v 0.478307 0.098709 0.032146
v 0.480052 0.100181 0.031553
v 0.479067 0.097702 0.033903
v 0.474084 0.100181 0.048747
v 0.472427 0.101653 0.049086
v 0.474767 0.097702 0.046293
v 0.473081 0.098709 0.047201
v 0.471336 0.100181 0.047794
v 0.472321 0.097702 0.045444
v 0.484763 0.082772 0.041309
v 0.485655 0.081300 0.039872
v 0.482224 0.085251 0.041099
v 0.483661 0.084244 0.039833
v 0.484821 0.082772 0.038401
v 0.482276 0.085251 0.038511
v 0.472571 0.096807 0.037308
v 0.474558 0.096807 0.035925
v 0.471777 0.096807 0.039596
v 0.472479 0.096807 0.041913
v 0.474409 0.096807 0.043375
v 0.476830 0.096807 0.043423
v 0.478817 0.096807 0.042039
v 0.479611 0.096807 0.039752
v 0.478909 0.096807 0.037435
v 0.476979 0.096807 0.035972
v 0.474558 0.086146 0.035925
v 0.472571 0.086146 0.037308
v 0.476979 0.086146 0.035972
v 0.478909 0.086146 0.037435
v 0.479611 0.086146 0.039752
v 0.478817 0.086146 0.042039
v 0.476830 0.086146 0.043423
v 0.474409 0.086146 0.043375
v 0.472479 0.086146 0.041913
v 0.471777 0.086146 0.039596
v 0.469195 0.142214 0.047601
v 0.466253 0.142214 0.043377
v 0.467645 0.142573 0.045544
v 0.455061 0.137599 0.057445
v 0.462128 0.139907 0.052523
v 0.472321 0.139703 0.050912
v 0.470790 0.141228 0.049430
v 0.476261 0.144522 0.042679
v 0.447994 0.135292 0.062367
v 0.458187 0.135087 0.060756
v 0.456657 0.136612 0.059274
v 0.452119 0.137599 0.053221
v 0.453511 0.137958 0.055388
v 0.460605 0.130781 0.062209
v 0.459540 0.133114 0.061774
v 0.465254 0.137395 0.055834
v 0.451120 0.132780 0.065678
v 0.479388 0.142010 0.045990
v 0.474739 0.135397 0.052365
v 0.473674 0.137729 0.051930
v 0.467672 0.133089 0.057287
v 0.475843 0.130373 0.051595
v 0.475475 0.132885 0.052244
v 0.481806 0.137704 0.047443
v 0.453538 0.128474 0.067131
v 0.461709 0.125758 0.061439
v 0.461341 0.128269 0.062088
v 0.461185 0.121452 0.058668
v 0.461671 0.123425 0.060290
v 0.468776 0.128065 0.056517
v 0.454643 0.123450 0.066361
v 0.482910 0.132680 0.046673
v 0.475319 0.126067 0.048824
v 0.475805 0.128040 0.050446
v 0.468252 0.123759 0.053746
v 0.473297 0.123555 0.044743
v 0.474459 0.124542 0.046874
v 0.482386 0.128374 0.043902
v 0.454118 0.119144 0.063590
v 0.459163 0.118940 0.054587
v 0.460325 0.119927 0.056718
v 0.456222 0.118940 0.050364
v 0.457771 0.118581 0.052420
v 0.466230 0.121247 0.049665
v 0.452097 0.116632 0.059509
v 0.480364 0.125863 0.039821
v 0.470356 0.123555 0.040520
v 0.471905 0.123196 0.042576
v 0.463289 0.121247 0.045442
v 0.467229 0.126067 0.037208
v 0.468760 0.124542 0.038691
v 0.477422 0.125863 0.035598
v 0.449155 0.116632 0.055285
v 0.453095 0.121452 0.047052
v 0.454626 0.119927 0.048535
v 0.450678 0.125758 0.045600
v 0.451742 0.123425 0.046034
v 0.460162 0.123759 0.042130
v 0.446028 0.119144 0.051974
v 0.474295 0.128374 0.032286
v 0.464811 0.130373 0.035756
v 0.465876 0.128040 0.036190
v 0.457744 0.128065 0.040678
v 0.463707 0.135397 0.036525
v 0.464075 0.132885 0.035876
v 0.471878 0.132680 0.030834
v 0.443611 0.123450 0.050522
v 0.449573 0.130781 0.046369
v 0.449941 0.128269 0.045720
v 0.450097 0.135087 0.049140
v 0.449611 0.133114 0.047518
v 0.456640 0.133089 0.041447
v 0.442506 0.128474 0.051291
v 0.470774 0.137704 0.031603
v 0.464230 0.139703 0.039296
v 0.463745 0.137729 0.037674
v 0.457163 0.137395 0.044218
v 0.465091 0.141228 0.041246
v 0.471297 0.142010 0.034374
v 0.443030 0.132780 0.054062
v 0.450957 0.136612 0.051090
v 0.459186 0.139907 0.048299
v 0.445052 0.135292 0.058143
v 0.473320 0.144522 0.038455
v 0.476261 0.195092 0.042679
v 0.469195 0.197399 0.047601
v 0.472321 0.199911 0.050912
v 0.470790 0.198386 0.049430
v 0.455061 0.202014 0.057445
v 0.462128 0.199707 0.052523
v 0.466253 0.197399 0.043377
v 0.467645 0.197040 0.045544
v 0.474739 0.204217 0.052365
v 0.473674 0.201885 0.051930
v 0.458187 0.204526 0.060756
v 0.465254 0.202219 0.055834
v 0.479388 0.197603 0.045990
v 0.451120 0.206834 0.065678
v 0.456657 0.203001 0.059274
v 0.460605 0.208832 0.062209
v 0.459540 0.206500 0.061774
v 0.452119 0.202014 0.053221
v 0.453511 0.201655 0.055388
v 0.447994 0.204322 0.062367
v 0.481806 0.201909 0.047443
v 0.475843 0.209241 0.051595
v 0.475475 0.206729 0.052244
v 0.467672 0.206525 0.057287
v 0.475319 0.213547 0.048824
v 0.475805 0.211573 0.050446
v 0.461709 0.213856 0.061439
v 0.468776 0.211548 0.056517
v 0.482910 0.206933 0.046673
v 0.454643 0.216163 0.066361
v 0.461341 0.211344 0.062088
v 0.461185 0.218162 0.058668
v 0.461671 0.216188 0.060290
v 0.453538 0.211140 0.067131
v 0.482386 0.211239 0.043902
v 0.473297 0.216058 0.044743
v 0.474459 0.215072 0.046874
v 0.468252 0.215854 0.053746
v 0.470356 0.216058 0.040520
v 0.471905 0.216417 0.042576
v 0.459163 0.220674 0.054587
v 0.466230 0.218366 0.049665
v 0.480364 0.213751 0.039821
v 0.452097 0.222981 0.059509
v 0.460325 0.219687 0.056718
v 0.456222 0.220674 0.050364
v 0.457771 0.221033 0.052420
v 0.454118 0.220469 0.063590
v 0.477422 0.213751 0.035598
v 0.467229 0.213547 0.037208
v 0.468760 0.215072 0.038691
v 0.463289 0.218366 0.045442
v 0.464812 0.209241 0.035756
v 0.465876 0.211573 0.036190
v 0.453095 0.218162 0.047052
v 0.460162 0.215854 0.042130
v 0.474295 0.211239 0.032286
v 0.446028 0.220469 0.051974
v 0.454626 0.219687 0.048535
v 0.450678 0.213856 0.045600
v 0.451742 0.216188 0.046034
v 0.449155 0.222981 0.055285
v 0.471878 0.206933 0.030834
v 0.463707 0.204217 0.036525
v 0.464075 0.206729 0.035876
v 0.457744 0.211548 0.040678
v 0.464230 0.199911 0.039296
v 0.463745 0.201885 0.037674
v 0.449573 0.208832 0.046369
v 0.456640 0.206525 0.041447
v 0.470774 0.201909 0.031603
v 0.442506 0.211140 0.051291
v 0.449941 0.211344 0.045720
v 0.450097 0.204526 0.049140
v 0.449611 0.206500 0.047518
v 0.443611 0.216163 0.050522
v 0.471297 0.197603 0.034374
v 0.465091 0.198386 0.041246
v 0.457163 0.202219 0.044218
v 0.459186 0.199707 0.048299
v 0.473320 0.195092 0.038455
v 0.445052 0.204322 0.058143
v 0.450957 0.203001 0.051090
v 0.443030 0.206834 0.054062
v 0.469568 0.115557 0.034554
v 0.466966 0.117872 0.036628
v 0.467997 0.115978 0.035995
v 0.465091 0.150789 0.026866
v 0.467168 0.132473 0.030366
v 0.473797 0.115557 0.031609
v 0.471546 0.115715 0.032895
v 0.471963 0.091391 0.038201
v 0.471448 0.101408 0.037733
v 0.465091 0.188824 0.026866
v 0.464132 0.169807 0.025288
v 0.468679 0.150789 0.024367
v 0.466885 0.150712 0.025627
v 0.462436 0.151412 0.028633
v 0.463530 0.151023 0.027922
v 0.471332 0.151412 0.022437
v 0.470239 0.151023 0.023250
v 0.471005 0.132473 0.027694
v 0.468679 0.188824 0.024367
v 0.467632 0.169807 0.022851
v 0.475938 0.091391 0.035433
v 0.475846 0.101408 0.034670
v 0.476856 0.117872 0.029740
v 0.475756 0.115978 0.030591
v 0.473797 0.224057 0.031609
v 0.476856 0.221741 0.029740
v 0.475756 0.223635 0.030591
v 0.471005 0.207141 0.027694
v 0.469568 0.224057 0.034554
v 0.471546 0.223899 0.032895
v 0.475938 0.248222 0.035433
v 0.475846 0.238206 0.034670
v 0.466885 0.188902 0.025627
v 0.471332 0.188202 0.022437
v 0.470239 0.188591 0.023250
v 0.462436 0.188202 0.028633
v 0.463530 0.188591 0.027922
v 0.467168 0.207141 0.030366
v 0.471963 0.248222 0.038201
v 0.471448 0.238206 0.037733
v 0.466966 0.221741 0.036628
v 0.467997 0.223635 0.035995
v 0.478619 0.224057 0.047549
v 0.475772 0.221741 0.049272
v 0.476723 0.223635 0.048523
v 0.484278 0.188824 0.054415
v 0.481716 0.207141 0.051253
v 0.482848 0.224057 0.044604
v 0.480861 0.223899 0.046270
v 0.476029 0.248222 0.044038
v 0.476290 0.238206 0.044684
v 0.484278 0.150789 0.054415
v 0.485426 0.169807 0.055861
v 0.487866 0.188824 0.051916
v 0.486063 0.188902 0.053162
v 0.481700 0.188202 0.056292
v 0.482746 0.188591 0.055513
v 0.490596 0.188202 0.050096
v 0.489455 0.188591 0.050840
v 0.485552 0.207141 0.048581
v 0.487866 0.150789 0.051916
v 0.488926 0.169807 0.053423
v 0.480004 0.248222 0.041270
v 0.480687 0.238206 0.041621
v 0.485662 0.221741 0.042384
v 0.484482 0.223635 0.043119
v 0.482848 0.115557 0.044604
v 0.485662 0.117872 0.042384
v 0.484482 0.115978 0.043119
v 0.485552 0.132473 0.048581
v 0.478619 0.115557 0.047549
v 0.480861 0.115715 0.046270
v 0.480004 0.091391 0.041270
v 0.480687 0.101408 0.041621
v 0.486063 0.150712 0.053162
v 0.490596 0.151412 0.050096
v 0.489455 0.151023 0.050840
v 0.481700 0.151412 0.056292
v 0.482746 0.151023 0.055513
v 0.481716 0.132473 0.051253
v 0.476029 0.091391 0.044038
v 0.476290 0.101408 0.044684
v 0.475772 0.117872 0.049272
v 0.476723 0.115978 0.048523
v 0.481065 0.240741 0.034845
v 0.479648 0.250308 0.035495
v 0.480500 0.244984 0.035286
v 0.482333 0.240741 0.036665
v 0.481814 0.242669 0.035675
v 0.481422 0.231793 0.033872
v 0.481365 0.236653 0.034323
v 0.479581 0.234063 0.033193
v 0.483367 0.234063 0.038630
v 0.483369 0.231793 0.036668
v 0.482927 0.236653 0.036564
v 0.481231 0.250308 0.037769
v 0.481723 0.244984 0.037043
v 0.484610 0.215017 0.038052
v 0.483863 0.224976 0.037116
v 0.482422 0.233639 0.035252
v 0.486587 0.216417 0.041521
v 0.484634 0.226104 0.038598
v 0.477986 0.216417 0.029170
v 0.480050 0.226104 0.032016
v 0.480554 0.215017 0.032228
v 0.481173 0.224976 0.033254
v 0.488358 0.205784 0.046636
v 0.486370 0.219095 0.041988
v 0.491600 0.169807 0.051628
v 0.490647 0.187269 0.047586
v 0.491067 0.187735 0.049180
v 0.486248 0.186647 0.040352
v 0.489114 0.186880 0.044812
v 0.488751 0.203287 0.044747
v 0.490647 0.152345 0.047586
v 0.491528 0.169807 0.048910
v 0.486079 0.214720 0.040402
v 0.488358 0.133829 0.046636
v 0.491067 0.151878 0.049180
v 0.482333 0.098873 0.036665
v 0.483367 0.105550 0.038630
v 0.486587 0.123197 0.041521
v 0.486370 0.120519 0.041988
v 0.484610 0.124596 0.038052
v 0.486079 0.124893 0.040402
v 0.488751 0.136327 0.044747
v 0.483369 0.107820 0.036668
v 0.484634 0.113510 0.038598
v 0.486248 0.152967 0.040352
v 0.489114 0.152734 0.044812
v 0.481231 0.089306 0.037769
v 0.481723 0.094630 0.037043
v 0.481065 0.098873 0.034845
v 0.481814 0.096945 0.035675
v 0.482927 0.102961 0.036564
v 0.479581 0.105550 0.033193
v 0.481422 0.107820 0.033872
v 0.481365 0.102961 0.034323
v 0.479648 0.089306 0.035495
v 0.480500 0.094630 0.035286
v 0.480554 0.124596 0.032228
v 0.481173 0.114637 0.033254
v 0.482422 0.105975 0.035252
v 0.477986 0.123197 0.029170
v 0.480050 0.113510 0.032016
v 0.483863 0.114637 0.037116
v 0.473802 0.133829 0.025736
v 0.477473 0.120519 0.029213
v 0.470243 0.169807 0.020964
v 0.473704 0.152345 0.023259
v 0.472356 0.151878 0.022314
v 0.478965 0.152967 0.029895
v 0.475775 0.152734 0.025660
v 0.475710 0.136327 0.026023
v 0.473704 0.187269 0.023259
v 0.472768 0.169807 0.021974
v 0.478859 0.124893 0.030036
v 0.473802 0.205784 0.025736
v 0.472356 0.187735 0.022314
v 0.477473 0.219095 0.029213
v 0.478859 0.214720 0.030036
v 0.475710 0.203287 0.026023
v 0.478965 0.186647 0.029895
v 0.475775 0.186880 0.025660
v 0.479755 0.137454 0.031031
v 0.482621 0.123950 0.035113
v 0.478572 0.169807 0.029342
v 0.482660 0.153045 0.035086
v 0.485456 0.137454 0.039216
v 0.486630 0.169807 0.040912
v 0.485456 0.202159 0.039216
v 0.482621 0.215664 0.035113
v 0.482660 0.186569 0.035086
v 0.479755 0.202159 0.031031
v 0.469997 0.098873 0.042554
v 0.470725 0.089306 0.041710
v 0.470377 0.094630 0.042336
v 0.471265 0.098873 0.044374
v 0.470495 0.096945 0.043559
v 0.469444 0.107820 0.042215
v 0.469660 0.102961 0.042475
v 0.469058 0.105550 0.040522
v 0.472845 0.105550 0.045959
v 0.471391 0.107820 0.045010
v 0.471221 0.102961 0.044717
v 0.472309 0.089306 0.043983
v 0.471601 0.094630 0.044093
v 0.472562 0.124596 0.046443
v 0.471822 0.114637 0.045503
v 0.470389 0.105975 0.043633
v 0.474962 0.123197 0.049617
v 0.472799 0.113510 0.046841
v 0.466361 0.123197 0.037267
v 0.468215 0.113510 0.040259
v 0.468506 0.124596 0.040619
v 0.469132 0.114637 0.041640
v 0.479055 0.133829 0.053115
v 0.475331 0.120519 0.049677
v 0.482863 0.169807 0.057713
v 0.479442 0.152345 0.055390
v 0.480734 0.151878 0.056376
v 0.474257 0.152967 0.048703
v 0.477418 0.152734 0.052958
v 0.477353 0.136327 0.052685
v 0.479442 0.187269 0.055390
v 0.480412 0.169807 0.056652
v 0.474197 0.124893 0.048678
v 0.479055 0.205784 0.053115
v 0.480734 0.187735 0.056376
v 0.471265 0.240741 0.044374
v 0.472845 0.234063 0.045959
v 0.474962 0.216417 0.049617
v 0.475331 0.219095 0.049677
v 0.472562 0.215017 0.046443
v 0.474197 0.214720 0.048678
v 0.477353 0.203287 0.052685
v 0.471391 0.231793 0.045010
v 0.472799 0.226104 0.046841
v 0.474257 0.186647 0.048703
v 0.477418 0.186880 0.052958
v 0.472309 0.250308 0.043983
v 0.471601 0.244984 0.044093
v 0.469997 0.240741 0.042554
v 0.470495 0.242669 0.043559
v 0.471221 0.236653 0.044717
v 0.469058 0.234063 0.040522
v 0.469444 0.231793 0.042215
v 0.469660 0.236653 0.042475
v 0.470725 0.250308 0.041710
v 0.470377 0.244984 0.042336
v 0.468506 0.215017 0.040619
v 0.469132 0.224976 0.041640
v 0.470389 0.233639 0.043633
v 0.466361 0.216417 0.037267
v 0.468215 0.226104 0.040259
v 0.471822 0.224976 0.045503
v 0.464499 0.205784 0.032216
v 0.466433 0.219095 0.036902
v 0.461506 0.169807 0.027049
v 0.462499 0.187269 0.031063
v 0.462023 0.187735 0.029511
v 0.466974 0.186647 0.038247
v 0.464079 0.186880 0.033806
v 0.464312 0.203287 0.033961
v 0.462499 0.152345 0.031063
v 0.461652 0.169807 0.029717
v 0.466976 0.214720 0.038311
v 0.464499 0.133829 0.032216
v 0.462023 0.151878 0.029511
v 0.466433 0.120519 0.036902
v 0.466976 0.124893 0.038311
v 0.464312 0.136327 0.033961
v 0.466974 0.152967 0.038247
v 0.464079 0.152734 0.033806
v 0.470514 0.123950 0.043545
v 0.467732 0.137454 0.039404
v 0.473433 0.137454 0.047590
v 0.474657 0.169807 0.049251
v 0.470571 0.153045 0.043505
v 0.466599 0.169807 0.037681
v 0.470514 0.215664 0.043545
v 0.473433 0.202159 0.047590
v 0.467732 0.202159 0.039404
v 0.470571 0.186569 0.043505
v 0.478240 0.091627 0.042978
v 0.480131 0.080283 0.042978
v 0.480063 0.084639 0.042179
v 0.481081 0.090634 0.039380
v 0.473882 0.090634 0.044394
v 0.477475 0.080283 0.044828
v 0.476777 0.084639 0.044468
v 0.476422 0.076050 0.042892
v 0.477547 0.077646 0.044507
v 0.479094 0.080048 0.044321
v 0.474046 0.080283 0.043529
v 0.475662 0.080518 0.044547
v 0.480101 0.080283 0.039311
v 0.480496 0.080518 0.041180
v 0.478680 0.076050 0.041320
v 0.479804 0.077646 0.042935
v 0.471270 0.251115 0.043019
v 0.471754 0.259331 0.040238
v 0.471148 0.255496 0.040927
v 0.470886 0.248979 0.040092
v 0.473882 0.248979 0.044394
v 0.474046 0.259331 0.043529
v 0.473190 0.255496 0.043858
v 0.476422 0.263563 0.042892
v 0.475061 0.261968 0.043154
v 0.472714 0.259566 0.042013
v 0.477475 0.259331 0.044828
v 0.475662 0.259095 0.044547
v 0.471724 0.259331 0.036571
v 0.471359 0.259095 0.038369
v 0.473176 0.263563 0.038230
v 0.472458 0.261968 0.039415
v 0.471270 0.088498 0.043019
v 0.473190 0.084118 0.043858
v 0.470886 0.090634 0.040092
v 0.471754 0.080283 0.040238
v 0.471148 0.084118 0.040927
v 0.473176 0.076050 0.038230
v 0.472458 0.077646 0.039415
v 0.472714 0.080048 0.042013
v 0.471724 0.080283 0.036571
v 0.471359 0.080518 0.038369
v 0.475061 0.077646 0.043154
v 0.480679 0.251115 0.036465
v 0.480101 0.259331 0.039311
v 0.480732 0.255496 0.038605
v 0.481081 0.248979 0.039380
v 0.478085 0.248979 0.035078
v 0.477810 0.259331 0.036021
v 0.478691 0.255496 0.035674
v 0.475433 0.263563 0.036658
v 0.476794 0.261968 0.036395
v 0.479141 0.259566 0.037537
v 0.474380 0.259331 0.034721
v 0.476193 0.259095 0.035002
v 0.480131 0.259331 0.042978
v 0.480496 0.259095 0.041180
v 0.478680 0.263563 0.041320
v 0.479398 0.261968 0.040134
v 0.480679 0.088498 0.036465
v 0.477810 0.080283 0.036021
v 0.478691 0.084118 0.035674
v 0.478085 0.090634 0.035078
v 0.480732 0.084118 0.038605
v 0.479398 0.077646 0.040134
v 0.479141 0.080048 0.037537
v 0.474380 0.080283 0.034721
v 0.476193 0.080518 0.035002
v 0.475433 0.076050 0.036658
v 0.476794 0.077646 0.036395
v 0.478240 0.247987 0.042978
v 0.476777 0.254975 0.044468
v 0.480063 0.254975 0.042179
v 0.479804 0.261968 0.042935
v 0.479094 0.259566 0.044321
v 0.477547 0.261968 0.044507
v 0.473725 0.247987 0.036495
v 0.475106 0.254975 0.035062
v 0.471821 0.254975 0.037351
v 0.472051 0.261968 0.036614
v 0.472761 0.259566 0.035228
v 0.474308 0.261968 0.035042
v 0.473725 0.091627 0.036495
v 0.471821 0.084639 0.037351
v 0.475106 0.084639 0.035062
v 0.474308 0.077646 0.035042
v 0.472761 0.080048 0.035228
v 0.472051 0.077646 0.036614
v 0.477107 0.264101 0.038954
v 0.477753 0.264101 0.042396
v 0.474102 0.264101 0.037153
v 0.474749 0.264101 0.040596
v 0.477107 0.075513 0.038954
v 0.474102 0.075513 0.037153
v 0.477753 0.075513 0.042396
v 0.474749 0.075513 0.040596
v 0.656033 0.181395 0.301458
v 0.656033 0.158219 0.301458
v 0.474715 0.158219 0.041123
v 0.474715 0.181395 0.041123
v 0.647476 0.181395 0.307418
v 0.647476 0.158219 0.307418
v 0.466157 0.158219 0.047083
v 0.466157 0.181395 0.047083
v 0.553730 0.194090 0.179400
v 0.553730 0.145523 0.179400
v 0.534370 0.145523 0.192884
v 0.535056 0.194090 0.192406
v 0.649706 0.169807 0.310454
v 0.653881 0.156602 0.307546
v 0.658723 0.169807 0.304173
v 0.653881 0.183012 0.307546
v 0.658527 0.169807 0.312355
v 0.464083 0.169807 0.043939
v 0.468258 0.183012 0.041031
v 0.473100 0.169807 0.037658
v 0.468258 0.156602 0.041031
v 0.465358 0.169807 0.035005
v 0.511597 0.188162 0.105773
v 0.554689 0.169807 0.178733
v 0.511597 0.151452 0.105773
v 0.512510 0.169807 0.105137
v 0.608182 0.151452 0.244447
v 0.608182 0.188162 0.244447
v 0.609094 0.169807 0.243812
v 0.542423 0.141027 0.187275
v 0.495854 0.151452 0.116738
v 0.500829 0.148053 0.113273
v 0.592438 0.151452 0.255413
v 0.597413 0.148053 0.251947
v 0.542423 0.198587 0.187275
v 0.592781 0.188162 0.255174
v 0.597413 0.191561 0.251947
v 0.496197 0.188162 0.116499
v 0.500829 0.191561 0.113273
v 0.533019 0.169807 0.193825
v 0.494941 0.169807 0.117374
v 0.591525 0.169807 0.256048
v 0.656135 0.169807 0.314021
v 0.651864 0.183012 0.308951
v 0.651864 0.156602 0.308951
v 0.660919 0.169807 0.310689
v 0.656413 0.156602 0.305782
v 0.656413 0.183012 0.305782
v 0.462966 0.169807 0.036671
v 0.466241 0.156602 0.042435
v 0.466241 0.183012 0.042435
v 0.467750 0.169807 0.033340
v 0.470790 0.183012 0.039267
v 0.470790 0.156602 0.039267
v 0.491469 0.169807 0.068307
v 0.490803 0.157180 0.068771
v 0.490803 0.182433 0.068771
v 0.532625 0.169807 0.142614
v 0.531667 0.192127 0.143281
v 0.531667 0.147487 0.143281
v 0.635679 0.157180 0.276782
v 0.636345 0.169807 0.276318
v 0.580917 0.169807 0.211951
v 0.579959 0.147487 0.212618
v 0.579959 0.192127 0.212618
v 0.635679 0.182433 0.276782
v 0.506669 0.148053 0.109205
v 0.483690 0.154842 0.073724
v 0.487206 0.154842 0.071275
v 0.548556 0.141027 0.183004
v 0.520359 0.143353 0.151157
v 0.526492 0.143353 0.146885
v 0.512932 0.147487 0.156330
v 0.501203 0.148053 0.113013
v 0.542504 0.141027 0.187219
v 0.520441 0.143353 0.151100
v 0.480329 0.157180 0.076066
v 0.483179 0.154842 0.074081
v 0.625205 0.157180 0.284077
v 0.597787 0.148053 0.251687
v 0.628566 0.154842 0.281735
v 0.628055 0.154842 0.282092
v 0.568651 0.143353 0.220494
v 0.561224 0.147487 0.225667
v 0.568733 0.143353 0.220437
v 0.603254 0.148053 0.247880
v 0.574784 0.143353 0.216222
v 0.632082 0.154842 0.279287
v 0.603254 0.191561 0.247880
v 0.628566 0.184772 0.281735
v 0.632082 0.184772 0.279287
v 0.548556 0.198587 0.183004
v 0.568651 0.196260 0.220494
v 0.574784 0.196260 0.216222
v 0.562734 0.192127 0.224615
v 0.597787 0.191561 0.251687
v 0.542504 0.198587 0.187219
v 0.568733 0.196260 0.220437
v 0.625205 0.182433 0.284077
v 0.628055 0.184772 0.282092
v 0.480329 0.182433 0.076066
v 0.501203 0.191561 0.113013
v 0.483690 0.184772 0.073724
v 0.483179 0.184772 0.074081
v 0.520359 0.196260 0.151157
v 0.514442 0.192127 0.155278
v 0.520441 0.196260 0.151100
v 0.506669 0.191561 0.109205
v 0.526492 0.196260 0.146885
v 0.487206 0.184772 0.071275
v 0.479663 0.169807 0.076529
v 0.511884 0.169807 0.157059
v 0.624539 0.169807 0.284541
v 0.560176 0.169807 0.226396
v 0.479436 0.155542 0.051827
v 0.481082 0.162693 0.050681
v 0.480780 0.157571 0.051282
v 0.499438 0.152180 0.088499
v 0.489271 0.155076 0.069838
v 0.476153 0.155315 0.054036
v 0.477782 0.155315 0.052901
v 0.469547 0.162026 0.033676
v 0.472302 0.156804 0.038784
v 0.519404 0.145679 0.126079
v 0.509498 0.148393 0.107235
v 0.494361 0.151900 0.092035
v 0.496935 0.151900 0.090243
v 0.502023 0.161133 0.086699
v 0.501296 0.154698 0.087205
v 0.492213 0.151900 0.093532
v 0.485145 0.154842 0.072711
v 0.513395 0.145296 0.130264
v 0.503749 0.148053 0.111239
v 0.466846 0.161978 0.034775
v 0.469463 0.156602 0.040191
v 0.474301 0.155315 0.055325
v 0.474911 0.155315 0.054900
v 0.540045 0.142184 0.163189
v 0.564191 0.142184 0.197857
v 0.551526 0.141476 0.180935
v 0.534008 0.141745 0.167394
v 0.537074 0.141745 0.165258
v 0.529463 0.143767 0.144816
v 0.543111 0.156214 0.161053
v 0.542249 0.146130 0.161654
v 0.530941 0.141745 0.169529
v 0.523426 0.143353 0.149021
v 0.558154 0.141745 0.202062
v 0.545489 0.141027 0.185140
v 0.516447 0.145296 0.128138
v 0.510343 0.145296 0.132389
v 0.522455 0.157934 0.123954
v 0.521597 0.149126 0.124551
v 0.526422 0.142184 0.172677
v 0.521697 0.156214 0.175967
v 0.523008 0.146130 0.175054
v 0.506721 0.145679 0.134912
v 0.516130 0.143767 0.154102
v 0.531023 0.141745 0.169472
v 0.550568 0.142184 0.207345
v 0.537834 0.141476 0.190471
v 0.490177 0.152180 0.094949
v 0.498132 0.148393 0.115151
v 0.510454 0.145296 0.132312
v 0.502891 0.157934 0.137580
v 0.503951 0.149126 0.136842
v 0.510399 0.145296 0.132351
v 0.530982 0.141745 0.169501
v 0.520400 0.143353 0.151128
v 0.492241 0.151900 0.093512
v 0.501016 0.148053 0.113143
v 0.555128 0.141745 0.204169
v 0.542464 0.141027 0.187247
v 0.472537 0.155542 0.056632
v 0.462444 0.162026 0.038623
v 0.465324 0.156804 0.043645
v 0.473691 0.155315 0.055750
v 0.481791 0.155076 0.075047
v 0.470940 0.162693 0.057744
v 0.471556 0.157571 0.057706
v 0.483434 0.154842 0.073902
v 0.464471 0.161978 0.036429
v 0.467249 0.156602 0.041733
v 0.492266 0.151900 0.093494
v 0.487580 0.161133 0.096758
v 0.488313 0.154698 0.096248
v 0.640731 0.155542 0.298123
v 0.639134 0.162693 0.299235
v 0.639384 0.157571 0.298670
v 0.610907 0.152180 0.268292
v 0.626667 0.155076 0.283058
v 0.642569 0.155315 0.296921
v 0.641959 0.155315 0.297346
v 0.654124 0.162026 0.313834
v 0.650412 0.156804 0.309392
v 0.579159 0.145679 0.238918
v 0.594716 0.148393 0.253826
v 0.612996 0.151900 0.266837
v 0.608310 0.161133 0.270101
v 0.609043 0.154698 0.269590
v 0.612943 0.151900 0.266874
v 0.612971 0.151900 0.266854
v 0.628310 0.154842 0.281914
v 0.582837 0.145296 0.236356
v 0.597600 0.148053 0.251817
v 0.656885 0.161978 0.312693
v 0.652872 0.156602 0.308248
v 0.644420 0.155315 0.295632
v 0.643179 0.155315 0.296496
v 0.555169 0.141745 0.204141
v 0.564422 0.143767 0.223439
v 0.545843 0.156214 0.210636
v 0.547154 0.146130 0.209723
v 0.555087 0.141745 0.204198
v 0.568692 0.143353 0.220465
v 0.582893 0.145296 0.236318
v 0.582782 0.145296 0.236395
v 0.575329 0.157934 0.241586
v 0.576389 0.149126 0.240847
v 0.567257 0.156214 0.195722
v 0.566395 0.146130 0.196322
v 0.591842 0.145679 0.230085
v 0.577755 0.143767 0.214153
v 0.561220 0.141745 0.199926
v 0.620168 0.152180 0.261842
v 0.606083 0.148393 0.245909
v 0.585833 0.145296 0.234269
v 0.588885 0.145296 0.232144
v 0.594894 0.157934 0.227959
v 0.594035 0.149126 0.228557
v 0.571718 0.143353 0.218358
v 0.615091 0.151900 0.265378
v 0.600333 0.148053 0.249913
v 0.647631 0.155542 0.293318
v 0.661227 0.162026 0.308887
v 0.657391 0.156804 0.304531
v 0.646050 0.155315 0.294497
v 0.634147 0.155076 0.277849
v 0.649276 0.162693 0.292172
v 0.648607 0.157571 0.292246
v 0.630021 0.154842 0.280722
v 0.659259 0.161978 0.311040
v 0.655086 0.156602 0.306707
v 0.617665 0.151900 0.263585
v 0.622752 0.161133 0.260042
v 0.622026 0.154698 0.260548
v 0.647631 0.184071 0.293318
v 0.649276 0.176920 0.292172
v 0.648607 0.182042 0.292246
v 0.620168 0.187434 0.261842
v 0.634147 0.184538 0.277849
v 0.644420 0.184299 0.295632
v 0.646050 0.184299 0.294497
v 0.661227 0.177588 0.308887
v 0.657391 0.182810 0.304531
v 0.591842 0.193935 0.230085
v 0.606083 0.191221 0.245909
v 0.615091 0.187714 0.265378
v 0.617665 0.187714 0.263585
v 0.622752 0.178480 0.260042
v 0.622026 0.184916 0.260548
v 0.612943 0.187714 0.266874
v 0.630021 0.184772 0.280722
v 0.585833 0.194318 0.234269
v 0.600333 0.191561 0.249913
v 0.659259 0.177636 0.311040
v 0.655086 0.183012 0.306707
v 0.642569 0.184299 0.296921
v 0.643179 0.184299 0.296496
v 0.564191 0.197430 0.197857
v 0.540045 0.197430 0.163189
v 0.551526 0.198137 0.180935
v 0.558154 0.197869 0.202062
v 0.561220 0.197869 0.199926
v 0.577755 0.195847 0.214153
v 0.567257 0.183399 0.195722
v 0.566395 0.193484 0.196322
v 0.555087 0.197869 0.204198
v 0.571718 0.196260 0.218358
v 0.534008 0.197869 0.167394
v 0.545489 0.198587 0.185140
v 0.588885 0.194318 0.232144
v 0.582782 0.194318 0.236395
v 0.594894 0.181679 0.227959
v 0.594035 0.190488 0.228557
v 0.551317 0.197430 0.206824
v 0.546592 0.183399 0.210114
v 0.548252 0.193484 0.208958
v 0.579884 0.193935 0.238413
v 0.565452 0.195847 0.222722
v 0.555169 0.197869 0.204141
v 0.527171 0.197430 0.172155
v 0.538302 0.198137 0.190145
v 0.610931 0.187434 0.268275
v 0.594950 0.191221 0.253663
v 0.582893 0.194318 0.236318
v 0.576054 0.181679 0.241080
v 0.577453 0.190488 0.240106
v 0.582837 0.194318 0.236356
v 0.555128 0.197869 0.204169
v 0.568692 0.196260 0.220465
v 0.612971 0.187714 0.266854
v 0.597600 0.191561 0.251817
v 0.530982 0.197869 0.169501
v 0.542464 0.198587 0.187247
v 0.640731 0.184071 0.298123
v 0.654124 0.177588 0.313834
v 0.650412 0.182810 0.309392
v 0.641959 0.184299 0.297346
v 0.626667 0.184538 0.283058
v 0.639134 0.176920 0.299235
v 0.639384 0.182042 0.298670
v 0.628310 0.184772 0.281914
v 0.656885 0.177636 0.312693
v 0.652872 0.183012 0.308248
v 0.612999 0.187714 0.266834
v 0.608333 0.178480 0.270085
v 0.609077 0.184916 0.269566
v 0.472537 0.184071 0.056632
v 0.470940 0.176920 0.057744
v 0.471556 0.182042 0.057706
v 0.490201 0.187434 0.094933
v 0.481791 0.184538 0.075047
v 0.474301 0.184299 0.055325
v 0.473691 0.184299 0.055750
v 0.462444 0.177588 0.038623
v 0.465324 0.182810 0.043645
v 0.507446 0.193935 0.134407
v 0.498366 0.191221 0.114988
v 0.492269 0.187714 0.093492
v 0.487603 0.178480 0.096742
v 0.488347 0.184916 0.096224
v 0.492213 0.187714 0.093532
v 0.492241 0.187714 0.093512
v 0.483434 0.184772 0.073902
v 0.510399 0.194318 0.132351
v 0.501016 0.191561 0.113143
v 0.464471 0.177636 0.036429
v 0.467249 0.183012 0.041733
v 0.476153 0.184299 0.054036
v 0.474911 0.184299 0.054900
v 0.531023 0.197869 0.169472
v 0.517159 0.195847 0.153385
v 0.522446 0.183399 0.175446
v 0.524106 0.193484 0.174290
v 0.530941 0.197869 0.169529
v 0.520400 0.196260 0.151128
v 0.510454 0.194318 0.132312
v 0.510343 0.194318 0.132389
v 0.503616 0.181679 0.137075
v 0.505015 0.190488 0.136101
v 0.543111 0.183399 0.161053
v 0.542249 0.193484 0.161654
v 0.519404 0.193935 0.126079
v 0.529463 0.195847 0.144816
v 0.537074 0.197869 0.165258
v 0.499438 0.187434 0.088499
v 0.509498 0.191221 0.107235
v 0.513395 0.194318 0.130264
v 0.516447 0.194318 0.128138
v 0.522455 0.181679 0.123954
v 0.521597 0.190488 0.124551
v 0.523426 0.196260 0.149021
v 0.494361 0.187714 0.092035
v 0.503749 0.191561 0.111239
v 0.479436 0.184071 0.051827
v 0.469547 0.177588 0.033676
v 0.472302 0.182810 0.038784
v 0.477782 0.184299 0.052901
v 0.489271 0.184538 0.069838
v 0.481082 0.176920 0.050681
v 0.480780 0.182042 0.051282
v 0.485145 0.184772 0.072711
v 0.466846 0.177636 0.034775
v 0.469463 0.183012 0.040191
v 0.496935 0.187714 0.090243
v 0.502023 0.178480 0.086699
v 0.501296 0.184916 0.087205
v 0.532529 0.156993 0.142680
v 0.543207 0.169807 0.160986
v 0.554593 0.155866 0.178799
v 0.465649 0.161978 0.035609
v 0.463294 0.161978 0.037249
v 0.464162 0.169807 0.035838
v 0.464340 0.162361 0.044330
v 0.462122 0.169807 0.038065
v 0.468055 0.161978 0.033933
v 0.469242 0.169807 0.033106
v 0.473302 0.162361 0.038088
v 0.533029 0.155866 0.193818
v 0.521774 0.169807 0.175914
v 0.511714 0.156993 0.157177
v 0.636278 0.162558 0.276364
v 0.649369 0.169807 0.292185
v 0.658390 0.162361 0.303835
v 0.591554 0.159270 0.256028
v 0.624605 0.162558 0.284494
v 0.608235 0.169807 0.270153
v 0.560006 0.156993 0.226515
v 0.575426 0.169807 0.241518
v 0.502988 0.169807 0.137512
v 0.494970 0.159270 0.117354
v 0.487505 0.169807 0.096810
v 0.479729 0.162558 0.076483
v 0.512419 0.159270 0.105201
v 0.522551 0.169807 0.123887
v 0.649428 0.162361 0.310077
v 0.639125 0.169807 0.299320
v 0.466554 0.169807 0.034173
v 0.580821 0.156993 0.212018
v 0.594989 0.169807 0.227893
v 0.609003 0.159270 0.243875
v 0.661656 0.169807 0.309370
v 0.660468 0.161978 0.310198
v 0.567353 0.169807 0.195655
v 0.622833 0.169807 0.259985
v 0.545920 0.169807 0.210583
v 0.470858 0.169807 0.057723
v 0.658062 0.161978 0.311873
v 0.659723 0.169807 0.311522
v 0.491402 0.162558 0.068353
v 0.502103 0.169807 0.086643
v 0.654535 0.169807 0.314330
v 0.655708 0.161978 0.313513
v 0.481101 0.169807 0.050589
v 0.657331 0.169807 0.313188
v 0.624605 0.177055 0.284494
v 0.649428 0.177253 0.310077
v 0.491402 0.177055 0.068353
v 0.473302 0.177253 0.038088
v 0.609003 0.180344 0.243875
v 0.636278 0.177055 0.276364
v 0.580821 0.182620 0.212018
v 0.479729 0.177055 0.076483
v 0.464340 0.177253 0.044330
v 0.655708 0.177636 0.313513
v 0.658062 0.177636 0.311873
v 0.554593 0.183747 0.178799
v 0.532529 0.182620 0.142680
v 0.660468 0.177636 0.310198
v 0.658390 0.177253 0.303835
v 0.512419 0.180344 0.105201
v 0.468055 0.177636 0.033933
v 0.465649 0.177636 0.035609
v 0.591788 0.180344 0.255865
v 0.561036 0.182620 0.225798
v 0.463294 0.177636 0.037249
v 0.533497 0.183747 0.193492
v 0.495204 0.180344 0.117191
v 0.512744 0.182620 0.156460
v 0.476331 0.156510 0.044705
v 0.477000 0.159808 0.044238
v 0.477005 0.157790 0.044861
v 0.484951 0.156143 0.059975
v 0.480203 0.156226 0.051527
v 0.474574 0.155601 0.044677
v 0.475386 0.155828 0.044425
v 0.471812 0.159336 0.036590
v 0.473485 0.157410 0.039671
v 0.495322 0.154643 0.078494
v 0.490137 0.155777 0.069235
v 0.483291 0.155232 0.061131
v 0.484180 0.155460 0.060511
v 0.485900 0.159787 0.059314
v 0.485544 0.157509 0.059562
v 0.481394 0.155232 0.062452
v 0.482342 0.155232 0.061792
v 0.478621 0.155315 0.052316
v 0.493253 0.153632 0.079936
v 0.488272 0.154842 0.070533
v 0.469593 0.158830 0.035274
v 0.471461 0.156602 0.038800
v 0.473086 0.155601 0.045713
v 0.473830 0.155601 0.045195
v 0.505616 0.151183 0.097068
v 0.515677 0.147987 0.115803
v 0.510685 0.149413 0.106409
v 0.503188 0.149941 0.098759
v 0.504489 0.150252 0.097853
v 0.500488 0.153019 0.087768
v 0.507003 0.156149 0.096102
v 0.506482 0.153045 0.096464
v 0.500414 0.149941 0.100691
v 0.501801 0.149941 0.099725
v 0.498227 0.151900 0.089343
v 0.513045 0.146532 0.117636
v 0.508130 0.148053 0.108188
v 0.494361 0.153885 0.079164
v 0.490888 0.153632 0.081583
v 0.492070 0.153632 0.080759
v 0.496505 0.158687 0.077671
v 0.496061 0.156159 0.077980
v 0.496253 0.149941 0.103589
v 0.497640 0.149941 0.102623
v 0.488693 0.153632 0.083112
v 0.493101 0.151900 0.092913
v 0.499027 0.149941 0.101657
v 0.507029 0.146532 0.121826
v 0.502289 0.148053 0.112256
v 0.479763 0.155232 0.063588
v 0.484289 0.154842 0.073308
v 0.489748 0.153632 0.082377
v 0.487784 0.153632 0.083744
v 0.487959 0.153632 0.083622
v 0.495643 0.151900 0.091142
v 0.486141 0.154842 0.072018
v 0.510037 0.146532 0.119731
v 0.505209 0.148053 0.110222
v 0.471719 0.155601 0.046665
v 0.467109 0.158830 0.037005
v 0.468838 0.156602 0.040627
v 0.472372 0.155601 0.046210
v 0.475459 0.155315 0.054519
v 0.470717 0.155601 0.047363
v 0.471157 0.155601 0.047057
v 0.476943 0.155315 0.053485
v 0.468339 0.158830 0.036148
v 0.470119 0.156602 0.039735
v 0.480512 0.155232 0.063067
v 0.478934 0.155232 0.064165
v 0.479215 0.155232 0.063970
v 0.546895 0.143015 0.171289
v 0.558968 0.143015 0.188623
v 0.552772 0.142825 0.180067
v 0.544212 0.141229 0.173158
v 0.545649 0.141676 0.172157
v 0.535910 0.144191 0.153197
v 0.541290 0.143499 0.162321
v 0.548428 0.150160 0.170221
v 0.547853 0.145694 0.170622
v 0.541146 0.141229 0.175294
v 0.542679 0.141229 0.174226
v 0.533227 0.142484 0.155066
v 0.538607 0.141745 0.164190
v 0.556285 0.141229 0.190492
v 0.550089 0.141027 0.181936
v 0.522953 0.144264 0.136478
v 0.528025 0.143353 0.145817
v 0.534665 0.142910 0.154064
v 0.530161 0.142484 0.157201
v 0.531694 0.142484 0.156133
v 0.537444 0.151022 0.152129
v 0.536869 0.146753 0.152529
v 0.525637 0.145860 0.134609
v 0.530708 0.145007 0.143949
v 0.536546 0.141229 0.178497
v 0.538079 0.141229 0.177429
v 0.527095 0.142484 0.159337
v 0.532474 0.141745 0.168461
v 0.539612 0.141229 0.176361
v 0.550152 0.141229 0.194764
v 0.543956 0.141027 0.186208
v 0.516821 0.144264 0.140750
v 0.521892 0.143353 0.150089
v 0.528628 0.142484 0.158269
v 0.525561 0.142484 0.160405
v 0.535541 0.141745 0.166326
v 0.519887 0.144264 0.138614
v 0.524959 0.143353 0.147953
v 0.553219 0.141229 0.192628
v 0.547023 0.141027 0.184072
v 0.508533 0.146532 0.120779
v 0.511869 0.145296 0.131326
v 0.505525 0.146532 0.122874
v 0.511541 0.146532 0.118684
v 0.514921 0.145296 0.129201
v 0.518354 0.144264 0.139682
v 0.521420 0.144264 0.137546
v 0.515287 0.144264 0.141817
v 0.517181 0.153805 0.114756
v 0.516617 0.150169 0.115149
v 0.520643 0.146828 0.125216
v 0.514455 0.146896 0.116654
v 0.524391 0.144663 0.135477
v 0.527170 0.152246 0.133542
v 0.526595 0.148255 0.133942
v 0.517973 0.145296 0.127075
v 0.530019 0.143015 0.183043
v 0.527616 0.150160 0.184717
v 0.528517 0.145694 0.184089
v 0.519269 0.144191 0.164787
v 0.524492 0.143499 0.174021
v 0.534224 0.141229 0.180114
v 0.531971 0.141676 0.181683
v 0.542092 0.143015 0.200377
v 0.535876 0.142825 0.191835
v 0.509623 0.145860 0.145763
v 0.514322 0.145007 0.155361
v 0.523325 0.142484 0.161962
v 0.521152 0.142910 0.163475
v 0.516952 0.151022 0.166401
v 0.517821 0.146753 0.165796
v 0.525643 0.142484 0.160348
v 0.528648 0.141745 0.171126
v 0.513280 0.144264 0.143216
v 0.518216 0.143353 0.152649
v 0.546297 0.141229 0.197448
v 0.540094 0.141027 0.188897
v 0.536628 0.141229 0.178440
v 0.500901 0.147987 0.126094
v 0.492967 0.151183 0.105877
v 0.496844 0.149413 0.116048
v 0.503970 0.146532 0.123957
v 0.502326 0.146896 0.125102
v 0.505155 0.146828 0.136003
v 0.499148 0.153805 0.127316
v 0.499805 0.150169 0.126858
v 0.505724 0.146532 0.122736
v 0.508527 0.145296 0.133654
v 0.495482 0.149941 0.104126
v 0.499618 0.148053 0.114117
v 0.511321 0.144663 0.144580
v 0.515369 0.144264 0.141761
v 0.507534 0.152246 0.147218
v 0.508317 0.148255 0.146672
v 0.505575 0.146532 0.122839
v 0.515308 0.144264 0.141803
v 0.510371 0.145296 0.132370
v 0.505674 0.146532 0.122770
v 0.505624 0.146532 0.122805
v 0.496419 0.149941 0.103473
v 0.500922 0.148053 0.113208
v 0.525582 0.142484 0.160391
v 0.520379 0.143353 0.151142
v 0.515349 0.144264 0.141775
v 0.515328 0.144264 0.141789
v 0.510427 0.145296 0.132331
v 0.525623 0.142484 0.160362
v 0.520420 0.143353 0.151114
v 0.496752 0.149941 0.103241
v 0.501109 0.148053 0.113078
v 0.536566 0.141229 0.178483
v 0.548639 0.141229 0.195817
v 0.542443 0.141027 0.187261
v 0.536607 0.141229 0.178454
v 0.536587 0.141229 0.178469
v 0.530962 0.141745 0.169515
v 0.531002 0.141745 0.169487
v 0.548680 0.141229 0.195789
v 0.542484 0.141027 0.187233
v 0.525602 0.142484 0.160376
v 0.468325 0.156510 0.050281
v 0.463791 0.159336 0.042176
v 0.465532 0.157410 0.045210
v 0.468954 0.155601 0.048591
v 0.468486 0.155828 0.049230
v 0.476416 0.156143 0.065919
v 0.472007 0.156226 0.057236
v 0.467655 0.159808 0.050747
v 0.468154 0.157790 0.051025
v 0.469957 0.155601 0.047893
v 0.469516 0.155601 0.048200
v 0.477810 0.155232 0.064949
v 0.473144 0.155315 0.056131
v 0.463686 0.158830 0.039389
v 0.465661 0.156602 0.042839
v 0.487084 0.153632 0.084232
v 0.482580 0.154842 0.074497
v 0.477121 0.155460 0.065428
v 0.478639 0.155232 0.064371
v 0.478358 0.155232 0.064567
v 0.475468 0.159787 0.066580
v 0.475824 0.157509 0.066332
v 0.485184 0.154643 0.085555
v 0.480995 0.155777 0.075602
v 0.474558 0.155315 0.055146
v 0.470337 0.155601 0.047628
v 0.465952 0.158830 0.037811
v 0.467738 0.156602 0.041393
v 0.483468 0.154842 0.073879
v 0.478786 0.155232 0.064268
v 0.474045 0.155315 0.055504
v 0.487992 0.153632 0.083599
v 0.483401 0.154842 0.073926
v 0.464843 0.158830 0.038583
v 0.466760 0.156602 0.042074
v 0.496586 0.149941 0.103357
v 0.492046 0.151900 0.093647
v 0.496919 0.149941 0.103125
v 0.492436 0.151900 0.093376
v 0.487888 0.153632 0.083672
v 0.487817 0.153632 0.083721
v 0.491530 0.156149 0.106878
v 0.492069 0.153045 0.106503
v 0.489128 0.153019 0.095680
v 0.494135 0.150252 0.105064
v 0.486103 0.153885 0.084915
v 0.484002 0.158687 0.086379
v 0.484445 0.156159 0.086070
v 0.491369 0.151900 0.094119
v 0.645228 0.156510 0.304276
v 0.644559 0.159808 0.304742
v 0.644470 0.157790 0.304178
v 0.633365 0.156143 0.291264
v 0.639981 0.156226 0.298411
v 0.647031 0.155601 0.304272
v 0.646269 0.155828 0.304489
v 0.651258 0.159336 0.311339
v 0.649016 0.157410 0.308654
v 0.617988 0.154643 0.276232
v 0.625871 0.155777 0.283613
v 0.634759 0.155232 0.290294
v 0.634070 0.155460 0.290774
v 0.632417 0.159787 0.291925
v 0.632773 0.157509 0.291677
v 0.635588 0.155232 0.289716
v 0.635307 0.155232 0.289912
v 0.641411 0.155315 0.297728
v 0.619887 0.153632 0.274909
v 0.627456 0.154842 0.282508
v 0.653836 0.158830 0.312404
v 0.651284 0.156602 0.309355
v 0.648034 0.155601 0.303573
v 0.647593 0.155601 0.303880
v 0.601624 0.151183 0.261886
v 0.585412 0.147987 0.247434
v 0.593428 0.149413 0.254723
v 0.604139 0.149941 0.260134
v 0.602792 0.150252 0.261072
v 0.609858 0.153019 0.269022
v 0.600187 0.156149 0.262886
v 0.600726 0.153045 0.262511
v 0.605576 0.149941 0.259133
v 0.612099 0.151900 0.267462
v 0.588481 0.146532 0.245297
v 0.596202 0.148053 0.252791
v 0.618906 0.153885 0.275592
v 0.620795 0.153632 0.274276
v 0.620620 0.153632 0.274398
v 0.616805 0.158687 0.277055
v 0.617248 0.156159 0.276747
v 0.604910 0.149941 0.259597
v 0.605076 0.149941 0.259481
v 0.620587 0.153632 0.274421
v 0.612776 0.151900 0.266990
v 0.605409 0.149941 0.259249
v 0.605243 0.149941 0.259365
v 0.590086 0.146532 0.244179
v 0.597506 0.148053 0.251882
v 0.635883 0.155232 0.289511
v 0.628344 0.154842 0.281890
v 0.620691 0.153632 0.274349
v 0.621496 0.153632 0.273789
v 0.620762 0.153632 0.274299
v 0.613166 0.151900 0.266719
v 0.628277 0.154842 0.281937
v 0.590185 0.146532 0.244110
v 0.597694 0.148053 0.251752
v 0.648794 0.155601 0.303044
v 0.656102 0.158830 0.310825
v 0.653361 0.156602 0.307908
v 0.648414 0.155601 0.303309
v 0.642825 0.155315 0.296743
v 0.649796 0.155601 0.302346
v 0.649234 0.155601 0.302737
v 0.642312 0.155315 0.297100
v 0.654993 0.158830 0.311598
v 0.652383 0.156602 0.308589
v 0.635735 0.155232 0.289614
v 0.636712 0.155232 0.288933
v 0.636164 0.155232 0.289315
v 0.544044 0.141676 0.199017
v 0.555489 0.144191 0.216790
v 0.548639 0.143499 0.208689
v 0.539689 0.150160 0.202051
v 0.540590 0.145694 0.201424
v 0.548701 0.141229 0.195774
v 0.559544 0.142484 0.213965
v 0.552794 0.141745 0.205795
v 0.573645 0.144264 0.229887
v 0.566508 0.143353 0.221986
v 0.557372 0.142910 0.215478
v 0.561862 0.142484 0.212351
v 0.553171 0.151022 0.218404
v 0.554040 0.146753 0.217799
v 0.569988 0.145860 0.232434
v 0.562614 0.145007 0.224698
v 0.548619 0.141229 0.195831
v 0.561801 0.142484 0.212393
v 0.555108 0.141745 0.204184
v 0.548660 0.141229 0.195803
v 0.575673 0.144264 0.228475
v 0.568672 0.143353 0.220479
v 0.561842 0.142484 0.212365
v 0.561821 0.142484 0.212379
v 0.561780 0.142484 0.212408
v 0.555148 0.141745 0.204155
v 0.575714 0.144264 0.228446
v 0.568712 0.143353 0.220451
v 0.590135 0.146532 0.244145
v 0.582809 0.145296 0.236376
v 0.590036 0.146532 0.244214
v 0.590235 0.146532 0.244076
v 0.582865 0.145296 0.236337
v 0.575693 0.144264 0.228460
v 0.575734 0.144264 0.228432
v 0.575652 0.144264 0.228489
v 0.583659 0.153805 0.248656
v 0.584316 0.150169 0.248198
v 0.577593 0.146828 0.240009
v 0.586837 0.146896 0.246442
v 0.571686 0.144663 0.231252
v 0.567899 0.152246 0.233889
v 0.568682 0.148255 0.233343
v 0.580966 0.145296 0.237660
v 0.560501 0.150160 0.187556
v 0.559926 0.145694 0.187956
v 0.572129 0.144191 0.205200
v 0.565436 0.143499 0.196990
v 0.557722 0.141676 0.189491
v 0.586002 0.145860 0.221281
v 0.579000 0.145007 0.213286
v 0.569446 0.142484 0.207068
v 0.570884 0.142910 0.206067
v 0.573663 0.151022 0.204132
v 0.573088 0.146753 0.204532
v 0.566380 0.142484 0.209204
v 0.567913 0.142484 0.208136
v 0.562753 0.141745 0.198859
v 0.583318 0.144264 0.223150
v 0.576317 0.143353 0.215154
v 0.554752 0.141229 0.191560
v 0.600188 0.147987 0.237143
v 0.614272 0.151183 0.253076
v 0.607269 0.149413 0.245083
v 0.597556 0.146532 0.238976
v 0.598966 0.146896 0.237994
v 0.593081 0.146828 0.229221
v 0.601692 0.153805 0.236096
v 0.601128 0.150169 0.236489
v 0.594548 0.146532 0.241071
v 0.596052 0.146532 0.240024
v 0.590411 0.145296 0.231081
v 0.611845 0.149941 0.254767
v 0.604714 0.148053 0.246863
v 0.584756 0.144663 0.222149
v 0.580252 0.144264 0.225285
v 0.581785 0.144264 0.224217
v 0.587535 0.152246 0.220213
v 0.586960 0.148255 0.220613
v 0.591540 0.146532 0.243166
v 0.577186 0.144264 0.227421
v 0.584308 0.145296 0.235332
v 0.593044 0.146532 0.242119
v 0.606297 0.149941 0.258631
v 0.598873 0.148053 0.250930
v 0.563314 0.142484 0.211340
v 0.570184 0.143353 0.219426
v 0.578719 0.144264 0.226353
v 0.587359 0.145296 0.233207
v 0.573251 0.143353 0.217290
v 0.609071 0.149941 0.256699
v 0.601793 0.148053 0.248897
v 0.551685 0.141229 0.193696
v 0.556620 0.141745 0.203130
v 0.559687 0.141745 0.200994
v 0.564847 0.142484 0.210272
v 0.653234 0.156510 0.298700
v 0.659279 0.159336 0.305752
v 0.656968 0.157410 0.303115
v 0.652651 0.155601 0.300357
v 0.653169 0.155828 0.299684
v 0.641900 0.156143 0.285320
v 0.648177 0.156226 0.292702
v 0.653904 0.159808 0.298234
v 0.653321 0.157790 0.298014
v 0.651163 0.155601 0.301394
v 0.651907 0.155601 0.300875
v 0.640240 0.155232 0.286476
v 0.646889 0.155315 0.293912
v 0.659743 0.158830 0.308289
v 0.657084 0.156602 0.305315
v 0.626056 0.153632 0.270613
v 0.633148 0.154842 0.278544
v 0.641129 0.155460 0.285857
v 0.638343 0.155232 0.287798
v 0.639291 0.155232 0.287137
v 0.642849 0.159787 0.284659
v 0.642493 0.157509 0.284907
v 0.628125 0.154643 0.269171
v 0.635013 0.155777 0.277246
v 0.643727 0.155315 0.296115
v 0.650449 0.155601 0.301891
v 0.657259 0.158830 0.310019
v 0.654461 0.156602 0.307142
v 0.629165 0.154842 0.281319
v 0.637461 0.155232 0.288412
v 0.645211 0.155315 0.295081
v 0.623691 0.153632 0.272260
v 0.631017 0.154842 0.280029
v 0.658489 0.158830 0.309163
v 0.655742 0.156602 0.306250
v 0.607684 0.149941 0.257665
v 0.613831 0.151900 0.266255
v 0.610458 0.149941 0.255733
v 0.616373 0.151900 0.264485
v 0.622551 0.153632 0.273054
v 0.624873 0.153632 0.271436
v 0.615660 0.156149 0.252110
v 0.615139 0.153045 0.252473
v 0.621218 0.153019 0.261110
v 0.613146 0.150252 0.253861
v 0.627164 0.153885 0.269840
v 0.629308 0.158687 0.268348
v 0.628864 0.156159 0.268656
v 0.618957 0.151900 0.262685
v 0.653234 0.183103 0.298700
v 0.653904 0.179806 0.298234
v 0.653321 0.181824 0.298014
v 0.641900 0.183471 0.285320
v 0.648177 0.183388 0.292702
v 0.652651 0.184013 0.300357
v 0.653169 0.183785 0.299684
v 0.659279 0.180278 0.305752
v 0.656968 0.182204 0.303115
v 0.628125 0.184970 0.269171
v 0.635013 0.183836 0.277246
v 0.640240 0.184381 0.286476
v 0.641129 0.184154 0.285857
v 0.642849 0.179827 0.284659
v 0.642493 0.182104 0.284907
v 0.638343 0.184381 0.287798
v 0.639291 0.184381 0.287137
v 0.646889 0.184299 0.293912
v 0.626056 0.185981 0.270613
v 0.633148 0.184772 0.278544
v 0.659743 0.180784 0.308289
v 0.657084 0.183012 0.305315
v 0.651163 0.184013 0.301394
v 0.651907 0.184013 0.300875
v 0.614272 0.188431 0.253076
v 0.600188 0.191627 0.237143
v 0.607269 0.190201 0.245083
v 0.611845 0.189672 0.254767
v 0.613146 0.189362 0.253861
v 0.621218 0.186594 0.261110
v 0.615660 0.183464 0.252110
v 0.615139 0.186568 0.252473
v 0.609071 0.189672 0.256699
v 0.610458 0.189672 0.255733
v 0.618957 0.187714 0.262685
v 0.597556 0.193082 0.238976
v 0.604714 0.191561 0.246863
v 0.627164 0.185729 0.269840
v 0.623691 0.185981 0.272260
v 0.624873 0.185981 0.271436
v 0.629308 0.180927 0.268348
v 0.628864 0.183454 0.268656
v 0.604910 0.189672 0.259597
v 0.606297 0.189672 0.258631
v 0.621496 0.185981 0.273789
v 0.613831 0.187714 0.266255
v 0.607684 0.189672 0.257665
v 0.591540 0.193082 0.243166
v 0.598873 0.191561 0.250930
v 0.636712 0.184381 0.288933
v 0.629165 0.184772 0.281319
v 0.622551 0.185981 0.273054
v 0.620587 0.185981 0.274421
v 0.620762 0.185981 0.274299
v 0.616373 0.187714 0.264485
v 0.631017 0.184772 0.280029
v 0.594548 0.193082 0.241071
v 0.601793 0.191561 0.248897
v 0.649796 0.184013 0.302346
v 0.657259 0.180784 0.310019
v 0.654461 0.183012 0.307142
v 0.650449 0.184013 0.301891
v 0.643727 0.184299 0.296115
v 0.648794 0.184013 0.303044
v 0.649234 0.184013 0.302737
v 0.645211 0.184299 0.295081
v 0.658489 0.180784 0.309163
v 0.655742 0.183012 0.306250
v 0.637461 0.184381 0.288412
v 0.635883 0.184381 0.289511
v 0.636164 0.184381 0.289315
v 0.558968 0.196599 0.188623
v 0.546895 0.196599 0.171289
v 0.552772 0.196788 0.180067
v 0.556285 0.198384 0.190492
v 0.557722 0.197938 0.189491
v 0.572129 0.195422 0.205200
v 0.565436 0.196115 0.196990
v 0.560501 0.189454 0.187556
v 0.559926 0.193919 0.187956
v 0.553219 0.198384 0.192628
v 0.554752 0.198384 0.191560
v 0.569446 0.197130 0.207068
v 0.562753 0.197869 0.198859
v 0.544212 0.198384 0.173158
v 0.550089 0.198587 0.181936
v 0.583318 0.195350 0.223150
v 0.576317 0.196260 0.215154
v 0.570884 0.196703 0.206067
v 0.566380 0.197130 0.209204
v 0.567913 0.197130 0.208136
v 0.573663 0.188591 0.204132
v 0.573088 0.192861 0.204532
v 0.586002 0.193753 0.221281
v 0.579000 0.194607 0.213286
v 0.548619 0.198384 0.195831
v 0.550152 0.198384 0.194764
v 0.563314 0.197130 0.211340
v 0.556620 0.197869 0.203130
v 0.551685 0.198384 0.193696
v 0.538079 0.198384 0.177429
v 0.543956 0.198587 0.186208
v 0.577186 0.195350 0.227421
v 0.570184 0.196260 0.219426
v 0.564847 0.197130 0.210272
v 0.561780 0.197130 0.212408
v 0.559687 0.197869 0.200994
v 0.580252 0.195350 0.225285
v 0.573251 0.196260 0.217290
v 0.541146 0.198384 0.175294
v 0.547023 0.198587 0.184072
v 0.593044 0.193082 0.242119
v 0.584308 0.194318 0.235332
v 0.590036 0.193082 0.244214
v 0.596052 0.193082 0.240024
v 0.587359 0.194318 0.233207
v 0.578719 0.195350 0.226353
v 0.581785 0.195350 0.224217
v 0.575652 0.195350 0.228489
v 0.601692 0.185808 0.236096
v 0.601128 0.189445 0.236489
v 0.593082 0.192786 0.229221
v 0.598966 0.192718 0.237994
v 0.584756 0.194951 0.222149
v 0.587535 0.187368 0.220213
v 0.586960 0.191359 0.220613
v 0.590411 0.194318 0.231081
v 0.542841 0.196599 0.199856
v 0.540437 0.189454 0.201530
v 0.541413 0.193919 0.200850
v 0.556736 0.195422 0.215921
v 0.549637 0.196115 0.207994
v 0.546597 0.198384 0.197240
v 0.544606 0.197938 0.198626
v 0.530768 0.196599 0.182522
v 0.536500 0.196788 0.191401
v 0.571236 0.193753 0.231565
v 0.563987 0.194607 0.223742
v 0.560044 0.197130 0.213617
v 0.558308 0.196703 0.214826
v 0.554419 0.188591 0.217535
v 0.555413 0.192861 0.216843
v 0.561862 0.197130 0.212351
v 0.553194 0.197869 0.205517
v 0.574144 0.195350 0.229540
v 0.567057 0.196260 0.221604
v 0.534524 0.198384 0.179905
v 0.540344 0.198587 0.188723
v 0.548701 0.198384 0.195774
v 0.586036 0.191627 0.247000
v 0.601749 0.188431 0.261799
v 0.593740 0.190201 0.254505
v 0.588731 0.193082 0.245123
v 0.587305 0.192718 0.246116
v 0.578560 0.192786 0.239335
v 0.584283 0.185808 0.248221
v 0.585003 0.189445 0.247720
v 0.590235 0.193082 0.244076
v 0.581352 0.194318 0.237390
v 0.604189 0.189672 0.260099
v 0.596327 0.191561 0.252704
v 0.572622 0.194951 0.230600
v 0.575734 0.195350 0.228432
v 0.569147 0.187368 0.233020
v 0.570055 0.191359 0.232387
v 0.590086 0.193082 0.244179
v 0.575673 0.195350 0.228475
v 0.582809 0.194318 0.236376
v 0.590185 0.193082 0.244110
v 0.590135 0.193082 0.244145
v 0.605076 0.189672 0.259481
v 0.597506 0.191561 0.251882
v 0.561801 0.197130 0.212393
v 0.568672 0.196260 0.220479
v 0.575714 0.195350 0.228446
v 0.575693 0.195350 0.228460
v 0.582865 0.194318 0.236337
v 0.561842 0.197130 0.212365
v 0.568712 0.196260 0.220451
v 0.605409 0.189672 0.259249
v 0.597694 0.191561 0.251752
v 0.548639 0.198384 0.195817
v 0.536566 0.198384 0.178483
v 0.542443 0.198587 0.187261
v 0.548680 0.198384 0.195789
v 0.548660 0.198384 0.195803
v 0.555108 0.197869 0.204184
v 0.555148 0.197869 0.204155
v 0.536607 0.198384 0.178454
v 0.542484 0.198587 0.187233
v 0.561821 0.197130 0.212379
v 0.645228 0.183103 0.304276
v 0.651258 0.180278 0.311339
v 0.649016 0.182204 0.308654
v 0.647031 0.184013 0.304272
v 0.646269 0.183785 0.304489
v 0.633365 0.183471 0.291264
v 0.639981 0.183388 0.298411
v 0.644559 0.179806 0.304742
v 0.644470 0.181824 0.304178
v 0.648034 0.184013 0.303573
v 0.647593 0.184013 0.303880
v 0.634759 0.184381 0.290294
v 0.641411 0.184299 0.297728
v 0.653836 0.180784 0.312404
v 0.651284 0.183012 0.309355
v 0.619887 0.185981 0.274909
v 0.627456 0.184772 0.282508
v 0.634070 0.184154 0.290774
v 0.635588 0.184381 0.289716
v 0.635307 0.184381 0.289912
v 0.632417 0.179827 0.291925
v 0.632773 0.182104 0.291677
v 0.617988 0.184970 0.276232
v 0.625871 0.183836 0.283613
v 0.642825 0.184299 0.296743
v 0.648414 0.184013 0.303309
v 0.656102 0.180784 0.310825
v 0.653361 0.183012 0.307908
v 0.628344 0.184772 0.281890
v 0.635735 0.184381 0.289614
v 0.642312 0.184299 0.297100
v 0.620795 0.185981 0.274276
v 0.628277 0.184772 0.281937
v 0.654993 0.180784 0.311598
v 0.652383 0.183012 0.308589
v 0.605243 0.189672 0.259365
v 0.612776 0.187714 0.266990
v 0.605576 0.189672 0.259133
v 0.613166 0.187714 0.266719
v 0.620691 0.185981 0.274349
v 0.620620 0.185981 0.274398
v 0.600312 0.183464 0.262800
v 0.600863 0.186568 0.262416
v 0.609889 0.186594 0.269001
v 0.602885 0.189362 0.261007
v 0.618906 0.185729 0.275592
v 0.616805 0.180927 0.277055
v 0.617248 0.183454 0.276747
v 0.612111 0.187714 0.267453
v 0.468325 0.183103 0.050281
v 0.467655 0.179806 0.050747
v 0.468154 0.181824 0.051025
v 0.476416 0.183471 0.065919
v 0.472007 0.183388 0.057236
v 0.468954 0.184013 0.048591
v 0.468486 0.183785 0.049230
v 0.463791 0.180278 0.042176
v 0.465532 0.182204 0.045210
v 0.485184 0.184970 0.085555
v 0.480995 0.183836 0.075602
v 0.477810 0.184381 0.064949
v 0.477121 0.184154 0.065428
v 0.475468 0.179827 0.066580
v 0.475824 0.182104 0.066332
v 0.478639 0.184381 0.064371
v 0.478358 0.184381 0.064567
v 0.473144 0.184299 0.056131
v 0.487084 0.185981 0.084232
v 0.482580 0.184772 0.074497
v 0.463686 0.180784 0.039389
v 0.465661 0.183012 0.042839
v 0.469957 0.184013 0.047893
v 0.469516 0.184013 0.048200
v 0.493092 0.188431 0.105790
v 0.501525 0.191627 0.125660
v 0.497156 0.190201 0.115831
v 0.495532 0.189672 0.104091
v 0.494228 0.189362 0.104999
v 0.489159 0.186594 0.095658
v 0.491655 0.183464 0.106791
v 0.492206 0.186568 0.106407
v 0.496919 0.189672 0.103125
v 0.491381 0.187714 0.094111
v 0.504220 0.193082 0.123783
v 0.499743 0.191561 0.114030
v 0.486103 0.185729 0.084915
v 0.487992 0.185981 0.083599
v 0.487817 0.185981 0.083721
v 0.484002 0.180927 0.086379
v 0.484445 0.183454 0.086070
v 0.496253 0.189672 0.103589
v 0.496419 0.189672 0.103473
v 0.487784 0.185981 0.083744
v 0.492046 0.187714 0.093647
v 0.496752 0.189672 0.103241
v 0.496586 0.189672 0.103357
v 0.505575 0.193082 0.122839
v 0.500922 0.191561 0.113208
v 0.478934 0.184381 0.064165
v 0.483468 0.184772 0.073879
v 0.487888 0.185981 0.083672
v 0.488693 0.185981 0.083112
v 0.487959 0.185981 0.083622
v 0.492436 0.187714 0.093376
v 0.483401 0.184772 0.073926
v 0.505674 0.193082 0.122770
v 0.501109 0.191561 0.113078
v 0.470717 0.184013 0.047363
v 0.465952 0.180784 0.037811
v 0.467738 0.183012 0.041393
v 0.470337 0.184013 0.047628
v 0.474558 0.184299 0.055146
v 0.471719 0.184013 0.046665
v 0.471157 0.184013 0.047057
v 0.474045 0.184299 0.055504
v 0.464843 0.180784 0.038583
v 0.466760 0.183012 0.042074
v 0.478786 0.184381 0.064268
v 0.479763 0.184381 0.063588
v 0.479215 0.184381 0.063970
v 0.532533 0.197938 0.181292
v 0.520517 0.195422 0.163918
v 0.525491 0.196115 0.173325
v 0.528364 0.189454 0.184195
v 0.529340 0.193919 0.183516
v 0.536628 0.198384 0.178440
v 0.523825 0.197130 0.161614
v 0.529048 0.197869 0.170848
v 0.513779 0.195350 0.142868
v 0.518765 0.196260 0.152267
v 0.522089 0.196703 0.162823
v 0.525643 0.197130 0.160348
v 0.518200 0.188591 0.165532
v 0.519194 0.192861 0.164840
v 0.510871 0.193753 0.144893
v 0.515695 0.194607 0.154405
v 0.536546 0.198384 0.178497
v 0.525582 0.197130 0.160391
v 0.530962 0.197869 0.169515
v 0.536587 0.198384 0.178469
v 0.515308 0.195350 0.141803
v 0.520379 0.196260 0.151142
v 0.525623 0.197130 0.160362
v 0.525602 0.197130 0.160376
v 0.525561 0.197130 0.160405
v 0.531002 0.197869 0.169487
v 0.515349 0.195350 0.141775
v 0.520420 0.196260 0.151114
v 0.505624 0.193082 0.122805
v 0.510371 0.194318 0.132370
v 0.505525 0.193082 0.122874
v 0.505724 0.193082 0.122736
v 0.510427 0.194318 0.132331
v 0.515328 0.195350 0.141789
v 0.515369 0.195350 0.141761
v 0.515287 0.195350 0.141817
v 0.499772 0.185808 0.126881
v 0.500491 0.189445 0.126380
v 0.506122 0.192786 0.135329
v 0.502794 0.192718 0.124776
v 0.512257 0.194951 0.143928
v 0.508782 0.187368 0.146349
v 0.509690 0.191359 0.145716
v 0.508914 0.194318 0.133385
v 0.548428 0.189454 0.170221
v 0.547853 0.193919 0.170622
v 0.535910 0.195422 0.153197
v 0.541290 0.196115 0.162321
v 0.545649 0.197938 0.172157
v 0.525637 0.193753 0.134609
v 0.530708 0.194607 0.143949
v 0.533227 0.197130 0.155066
v 0.534665 0.196703 0.154064
v 0.537444 0.188591 0.152129
v 0.536869 0.192861 0.152529
v 0.530161 0.197130 0.157201
v 0.531694 0.197130 0.156133
v 0.538607 0.197869 0.164190
v 0.522953 0.195350 0.136478
v 0.528025 0.196260 0.145817
v 0.542679 0.198384 0.174226
v 0.515677 0.191627 0.115803
v 0.505616 0.188431 0.097068
v 0.510685 0.190201 0.106409
v 0.513045 0.193082 0.117636
v 0.514455 0.192718 0.116654
v 0.520643 0.192786 0.125216
v 0.517181 0.185808 0.114756
v 0.516617 0.189445 0.115149
v 0.510037 0.193082 0.119731
v 0.511541 0.193082 0.118684
v 0.517973 0.194318 0.127075
v 0.503188 0.189672 0.098759
v 0.508130 0.191561 0.108188
v 0.524391 0.194951 0.135477
v 0.519887 0.195350 0.138614
v 0.521420 0.195350 0.137546
v 0.527170 0.187368 0.133542
v 0.526595 0.191359 0.133942
v 0.507029 0.193082 0.121826
v 0.516821 0.195350 0.140750
v 0.511869 0.194318 0.131326
v 0.508533 0.193082 0.120779
v 0.497640 0.189672 0.102623
v 0.502289 0.191561 0.112256
v 0.527095 0.197130 0.159337
v 0.521892 0.196260 0.150089
v 0.518354 0.195350 0.139682
v 0.514921 0.194318 0.129201
v 0.524959 0.196260 0.147953
v 0.500414 0.189672 0.100691
v 0.505209 0.191561 0.110222
v 0.539612 0.198384 0.176361
v 0.532474 0.197869 0.168461
v 0.535541 0.197869 0.166326
v 0.528628 0.197130 0.158269
v 0.476331 0.183103 0.044705
v 0.471812 0.180278 0.036590
v 0.473485 0.182204 0.039671
v 0.474574 0.184013 0.044677
v 0.475386 0.183785 0.044425
v 0.484951 0.183471 0.059975
v 0.480203 0.183388 0.051527
v 0.477000 0.179806 0.044238
v 0.477005 0.181824 0.044861
v 0.473086 0.184013 0.045713
v 0.473830 0.184013 0.045195
v 0.483291 0.184381 0.061131
v 0.478621 0.184299 0.052316
v 0.469593 0.180784 0.035274
v 0.471461 0.183012 0.038800
v 0.493253 0.185981 0.079936
v 0.488272 0.184772 0.070533
v 0.484180 0.184154 0.060511
v 0.481394 0.184381 0.062452
v 0.482342 0.184381 0.061792
v 0.485900 0.179827 0.059314
v 0.485544 0.182104 0.059562
v 0.495322 0.184970 0.078494
v 0.490137 0.183836 0.069235
v 0.475459 0.184299 0.054519
v 0.472372 0.184013 0.046210
v 0.467109 0.180784 0.037005
v 0.468838 0.183012 0.040627
v 0.484289 0.184772 0.073308
v 0.480512 0.184381 0.063067
v 0.476943 0.184299 0.053485
v 0.490888 0.185981 0.081583
v 0.486141 0.184772 0.072018
v 0.468339 0.180784 0.036148
v 0.470119 0.183012 0.039735
v 0.499027 0.189672 0.101657
v 0.493101 0.187714 0.092913
v 0.501801 0.189672 0.099725
v 0.495643 0.187714 0.091142
v 0.489748 0.185981 0.082377
v 0.492070 0.185981 0.080759
v 0.507003 0.183464 0.096102
v 0.506482 0.186568 0.096464
v 0.500488 0.186594 0.087768
v 0.504489 0.189362 0.097853
v 0.494361 0.185729 0.079164
v 0.496505 0.180927 0.077671
v 0.496061 0.183454 0.077980
v 0.498227 0.187714 0.089343
v 0.542824 0.150514 0.161253
v 0.548812 0.162662 0.169954
v 0.548716 0.155964 0.170021
v 0.554305 0.150020 0.179000
v 0.532242 0.151620 0.142881
v 0.537827 0.162976 0.151862
v 0.537731 0.156572 0.151929
v 0.537827 0.176638 0.151862
v 0.537827 0.169807 0.151862
v 0.543207 0.162791 0.160986
v 0.527553 0.163421 0.133275
v 0.532625 0.163193 0.142614
v 0.560885 0.162662 0.187288
v 0.554689 0.162612 0.178733
v 0.548812 0.176951 0.169954
v 0.548812 0.169807 0.169954
v 0.464760 0.165739 0.035422
v 0.465956 0.165739 0.034589
v 0.465358 0.165739 0.035005
v 0.465059 0.161978 0.036020
v 0.463564 0.165739 0.036255
v 0.464162 0.165739 0.035838
v 0.464760 0.173875 0.035422
v 0.464760 0.169807 0.035422
v 0.465397 0.158830 0.038197
v 0.466518 0.158830 0.037416
v 0.464277 0.158830 0.038977
v 0.463884 0.161978 0.036838
v 0.463564 0.173875 0.036255
v 0.463564 0.169807 0.036255
v 0.462368 0.165739 0.037088
v 0.462966 0.165739 0.036671
v 0.465111 0.159707 0.045503
v 0.462576 0.165791 0.040162
v 0.462879 0.162170 0.040665
v 0.463410 0.158956 0.040295
v 0.462576 0.173822 0.040162
v 0.462576 0.169807 0.040162
v 0.462122 0.165752 0.038065
v 0.466993 0.166001 0.049957
v 0.464083 0.165870 0.043939
v 0.462698 0.161978 0.037664
v 0.462368 0.173875 0.037088
v 0.462368 0.169807 0.037088
v 0.470461 0.158956 0.035384
v 0.470728 0.165791 0.034484
v 0.470998 0.162170 0.035010
v 0.473905 0.159707 0.039378
v 0.468966 0.158830 0.035711
v 0.468348 0.165739 0.032923
v 0.468660 0.161978 0.033512
v 0.468348 0.173875 0.032923
v 0.468348 0.169807 0.032923
v 0.469242 0.165752 0.033106
v 0.467152 0.165739 0.033756
v 0.467750 0.165739 0.033340
v 0.476657 0.166001 0.043226
v 0.473100 0.165870 0.037658
v 0.470728 0.173822 0.034484
v 0.470728 0.169807 0.034484
v 0.533466 0.150020 0.193514
v 0.527090 0.162662 0.185083
v 0.527184 0.155964 0.185018
v 0.522118 0.150514 0.175675
v 0.527389 0.176951 0.184875
v 0.527202 0.169807 0.185005
v 0.516497 0.162976 0.166718
v 0.521624 0.162791 0.176019
v 0.539163 0.162662 0.202418
v 0.532925 0.162612 0.193890
v 0.507136 0.163421 0.147495
v 0.511678 0.163193 0.157203
v 0.516548 0.156572 0.166682
v 0.516996 0.176638 0.166370
v 0.516684 0.169807 0.166587
v 0.512097 0.151620 0.156911
v 0.636078 0.159518 0.276504
v 0.643086 0.166163 0.284494
v 0.643027 0.162747 0.284535
v 0.648998 0.159785 0.292131
v 0.643086 0.173450 0.284494
v 0.643086 0.169807 0.284494
v 0.654734 0.166001 0.298907
v 0.649369 0.166120 0.292185
v 0.629603 0.165763 0.268142
v 0.636345 0.166066 0.276318
v 0.660877 0.165791 0.307499
v 0.658723 0.165870 0.304173
v 0.654526 0.162550 0.298738
v 0.654734 0.173613 0.298907
v 0.654734 0.169807 0.298907
v 0.657389 0.159707 0.302822
v 0.599840 0.164840 0.263128
v 0.583283 0.163988 0.248917
v 0.591478 0.164368 0.256081
v 0.599921 0.160184 0.263072
v 0.616509 0.165763 0.277261
v 0.608230 0.165330 0.270156
v 0.599890 0.174773 0.263093
v 0.599859 0.169807 0.263115
v 0.608553 0.157496 0.269931
v 0.591843 0.154851 0.255827
v 0.624805 0.159518 0.284355
v 0.616583 0.161972 0.277210
v 0.616509 0.173850 0.277261
v 0.616509 0.169807 0.277261
v 0.632180 0.166163 0.292090
v 0.624539 0.166066 0.284541
v 0.567501 0.163421 0.234166
v 0.552716 0.162976 0.218721
v 0.559970 0.163193 0.226540
v 0.567538 0.157434 0.234140
v 0.575281 0.163679 0.241619
v 0.568000 0.176193 0.233818
v 0.567688 0.169807 0.234036
v 0.575666 0.152956 0.241351
v 0.560389 0.151620 0.226248
v 0.583345 0.158533 0.248874
v 0.583532 0.175626 0.248744
v 0.583376 0.169807 0.248852
v 0.507173 0.157434 0.147469
v 0.503228 0.152956 0.137345
v 0.507635 0.176193 0.147147
v 0.507323 0.169807 0.147364
v 0.498772 0.163988 0.127577
v 0.502843 0.163679 0.137613
v 0.491184 0.164840 0.107120
v 0.494894 0.164368 0.117407
v 0.498834 0.158533 0.127534
v 0.499021 0.175626 0.127404
v 0.498865 0.169807 0.127512
v 0.495259 0.154851 0.117152
v 0.491264 0.160184 0.107064
v 0.487823 0.157496 0.096589
v 0.491233 0.174773 0.107085
v 0.491202 0.169807 0.107107
v 0.483706 0.165763 0.086584
v 0.487500 0.165330 0.096813
v 0.475231 0.166163 0.066745
v 0.479663 0.166066 0.076529
v 0.483780 0.161972 0.086533
v 0.483706 0.173850 0.086584
v 0.483706 0.169807 0.086584
v 0.479929 0.159518 0.076344
v 0.527457 0.157434 0.133341
v 0.517557 0.163988 0.114494
v 0.522551 0.163679 0.123887
v 0.527553 0.176193 0.133275
v 0.527553 0.169807 0.133275
v 0.522169 0.152956 0.124153
v 0.512145 0.154851 0.105392
v 0.517463 0.158533 0.114559
v 0.517557 0.175626 0.114494
v 0.517557 0.169807 0.114494
v 0.507349 0.164840 0.095861
v 0.512510 0.164368 0.105137
v 0.632239 0.162747 0.292049
v 0.645070 0.166001 0.305638
v 0.639125 0.166120 0.299320
v 0.632180 0.173450 0.292090
v 0.632180 0.169807 0.292090
v 0.639161 0.159785 0.298982
v 0.648595 0.159707 0.308947
v 0.644942 0.162550 0.305414
v 0.645070 0.173613 0.305638
v 0.645070 0.169807 0.305638
v 0.652726 0.165791 0.313177
v 0.649706 0.165870 0.310454
v 0.466245 0.161978 0.035194
v 0.467718 0.158830 0.036581
v 0.465956 0.173875 0.034589
v 0.465956 0.169807 0.034589
v 0.466554 0.165739 0.034173
v 0.467449 0.161978 0.034355
v 0.467152 0.173875 0.033756
v 0.467152 0.169807 0.033756
v 0.580534 0.151620 0.212218
v 0.587918 0.163421 0.219946
v 0.587822 0.157434 0.220013
v 0.594607 0.152956 0.228159
v 0.587918 0.176193 0.219946
v 0.587918 0.169807 0.219946
v 0.602068 0.163988 0.235834
v 0.594989 0.163679 0.227893
v 0.574046 0.162976 0.203865
v 0.580917 0.163193 0.211951
v 0.616006 0.164840 0.251869
v 0.609094 0.164368 0.243812
v 0.601974 0.158533 0.235899
v 0.602068 0.175626 0.235834
v 0.602068 0.169807 0.235834
v 0.608729 0.154851 0.244066
v 0.660877 0.173822 0.307499
v 0.660877 0.169807 0.307499
v 0.661517 0.165739 0.310273
v 0.661656 0.165752 0.309370
v 0.660478 0.162170 0.307063
v 0.660321 0.165739 0.311106
v 0.660919 0.165739 0.310689
v 0.661073 0.161978 0.309776
v 0.661517 0.173875 0.310273
v 0.661517 0.169807 0.310273
v 0.659941 0.158956 0.307437
v 0.659116 0.158830 0.308726
v 0.560789 0.155964 0.187355
v 0.566970 0.150514 0.195922
v 0.560885 0.176951 0.187288
v 0.560885 0.169807 0.187288
v 0.567353 0.162791 0.195655
v 0.573950 0.156572 0.203931
v 0.574046 0.176638 0.203865
v 0.574046 0.169807 0.203865
v 0.615920 0.160184 0.251929
v 0.622510 0.157496 0.260210
v 0.616006 0.174773 0.251869
v 0.616006 0.169807 0.251869
v 0.622833 0.165330 0.259985
v 0.629529 0.161972 0.268193
v 0.629603 0.173850 0.268142
v 0.629603 0.169807 0.268142
v 0.546264 0.150514 0.210343
v 0.539257 0.155964 0.202352
v 0.552767 0.156572 0.218685
v 0.553215 0.176638 0.218373
v 0.552903 0.169807 0.218590
v 0.545770 0.162791 0.210687
v 0.539462 0.176951 0.202209
v 0.539275 0.169807 0.202339
v 0.475290 0.162747 0.066703
v 0.471187 0.159785 0.057807
v 0.475231 0.173450 0.066745
v 0.475231 0.169807 0.066745
v 0.470858 0.166120 0.057723
v 0.467158 0.162550 0.050155
v 0.466993 0.173613 0.049957
v 0.466993 0.169807 0.049957
v 0.659125 0.165739 0.311939
v 0.657929 0.165739 0.312771
v 0.658527 0.165739 0.312355
v 0.658658 0.161978 0.311458
v 0.659723 0.165739 0.311522
v 0.659125 0.173875 0.311939
v 0.659125 0.169807 0.311939
v 0.657868 0.158830 0.309595
v 0.656668 0.158830 0.310431
v 0.659863 0.161978 0.310619
v 0.660321 0.173875 0.311106
v 0.660321 0.169807 0.311106
v 0.507263 0.160184 0.095921
v 0.496800 0.165763 0.077465
v 0.502103 0.165330 0.086643
v 0.507349 0.174773 0.095861
v 0.507349 0.169807 0.095861
v 0.501780 0.157496 0.086868
v 0.491202 0.159518 0.068492
v 0.496726 0.161972 0.077516
v 0.496800 0.173850 0.077465
v 0.496800 0.169807 0.077465
v 0.486137 0.166163 0.059149
v 0.491469 0.166066 0.068307
v 0.655537 0.165739 0.314437
v 0.655537 0.173875 0.314437
v 0.655537 0.169807 0.314437
v 0.654535 0.165752 0.314330
v 0.655111 0.161978 0.313928
v 0.656733 0.165739 0.313604
v 0.656135 0.165739 0.314021
v 0.652359 0.162170 0.312718
v 0.652726 0.173822 0.313177
v 0.652726 0.169807 0.313177
v 0.652890 0.158956 0.312348
v 0.654427 0.158830 0.311992
v 0.486078 0.162747 0.059190
v 0.481101 0.166120 0.050589
v 0.486137 0.173450 0.059149
v 0.486137 0.169807 0.059149
v 0.481024 0.159785 0.050956
v 0.476743 0.162550 0.043479
v 0.476657 0.173613 0.043226
v 0.476657 0.169807 0.043226
v 0.657929 0.173875 0.312771
v 0.657929 0.169807 0.312771
v 0.657331 0.165739 0.313188
v 0.657472 0.161978 0.312284
v 0.656298 0.161978 0.313102
v 0.656733 0.173875 0.313604
v 0.656733 0.169807 0.313604
v 0.655547 0.158830 0.311212
v 0.624805 0.180095 0.284355
v 0.632239 0.176866 0.292049
v 0.639161 0.179828 0.298982
v 0.639125 0.173493 0.299320
v 0.624539 0.173548 0.284541
v 0.649706 0.173744 0.310454
v 0.644942 0.177064 0.305414
v 0.648595 0.179907 0.308947
v 0.491202 0.180095 0.068492
v 0.486078 0.176866 0.059190
v 0.481024 0.179828 0.050956
v 0.481101 0.173493 0.050589
v 0.491469 0.173548 0.068307
v 0.473100 0.173744 0.037658
v 0.476743 0.177064 0.043479
v 0.473905 0.179907 0.039378
v 0.609094 0.175245 0.243812
v 0.615920 0.179429 0.251929
v 0.622833 0.174284 0.259985
v 0.622510 0.182118 0.260210
v 0.608729 0.184762 0.244066
v 0.636078 0.180095 0.276504
v 0.629529 0.177641 0.268193
v 0.636345 0.173548 0.276318
v 0.580917 0.176420 0.211951
v 0.587822 0.182179 0.220013
v 0.594989 0.175934 0.227893
v 0.594607 0.186658 0.228159
v 0.580534 0.187993 0.212218
v 0.601974 0.181081 0.235899
v 0.479663 0.173548 0.076529
v 0.475290 0.176866 0.066703
v 0.470858 0.173493 0.057723
v 0.471187 0.179828 0.057807
v 0.479929 0.180095 0.076344
v 0.465111 0.179907 0.045503
v 0.467158 0.177064 0.050155
v 0.464083 0.173744 0.043939
v 0.655547 0.180784 0.311212
v 0.657472 0.177636 0.312284
v 0.656668 0.180784 0.310431
v 0.654427 0.180784 0.311992
v 0.656298 0.177636 0.313102
v 0.657331 0.173875 0.313188
v 0.656135 0.173875 0.314021
v 0.658527 0.173875 0.312355
v 0.554305 0.189593 0.179000
v 0.548716 0.183649 0.170021
v 0.542824 0.189099 0.161253
v 0.543207 0.176822 0.160986
v 0.554689 0.177002 0.178733
v 0.532625 0.176420 0.142614
v 0.537731 0.183041 0.151929
v 0.532242 0.187993 0.142881
v 0.652359 0.177444 0.312718
v 0.652890 0.180657 0.312348
v 0.654535 0.173862 0.314330
v 0.655111 0.177636 0.313928
v 0.659941 0.180657 0.307437
v 0.660478 0.177444 0.307063
v 0.657389 0.179907 0.302822
v 0.659116 0.180784 0.308726
v 0.661073 0.177636 0.309776
v 0.661656 0.173862 0.309370
v 0.660919 0.173875 0.310689
v 0.658723 0.173744 0.304173
v 0.527457 0.182179 0.133341
v 0.522169 0.186658 0.124153
v 0.522551 0.175934 0.123887
v 0.512510 0.175245 0.105137
v 0.517463 0.181081 0.114559
v 0.512145 0.184762 0.105392
v 0.470998 0.177444 0.035010
v 0.470461 0.180657 0.035384
v 0.469242 0.173862 0.033106
v 0.467750 0.173875 0.033340
v 0.468660 0.177636 0.033512
v 0.468966 0.180784 0.035711
v 0.465358 0.173875 0.035005
v 0.466245 0.177636 0.035194
v 0.466554 0.173875 0.034173
v 0.467718 0.180784 0.036581
v 0.466518 0.180784 0.037416
v 0.467449 0.177636 0.034355
v 0.575668 0.175934 0.241350
v 0.568474 0.182179 0.233488
v 0.560519 0.176420 0.226157
v 0.591603 0.175245 0.255994
v 0.583814 0.181081 0.248548
v 0.576633 0.186658 0.240677
v 0.592155 0.184762 0.255609
v 0.561762 0.187993 0.225292
v 0.507263 0.179429 0.095921
v 0.501780 0.182118 0.086868
v 0.502103 0.174284 0.086643
v 0.496726 0.177641 0.077516
v 0.600015 0.179429 0.263007
v 0.608585 0.182118 0.269909
v 0.608243 0.174284 0.270147
v 0.616583 0.177641 0.277210
v 0.463410 0.180657 0.040295
v 0.462879 0.177444 0.040665
v 0.464277 0.180784 0.038977
v 0.462698 0.177636 0.037664
v 0.462122 0.173862 0.038065
v 0.462966 0.173875 0.036671
v 0.534090 0.189593 0.193079
v 0.539818 0.183649 0.201961
v 0.547262 0.189099 0.209648
v 0.546169 0.176822 0.210409
v 0.533175 0.177002 0.193716
v 0.553703 0.183041 0.218033
v 0.465059 0.177636 0.036020
v 0.465397 0.180784 0.038197
v 0.464162 0.173875 0.035838
v 0.463884 0.177636 0.036838
v 0.643027 0.176866 0.284535
v 0.649369 0.173493 0.292185
v 0.648998 0.179828 0.292131
v 0.654526 0.177064 0.298738
v 0.566970 0.189099 0.195922
v 0.560789 0.183649 0.187355
v 0.573950 0.183041 0.203931
v 0.567353 0.176822 0.195655
v 0.658658 0.177636 0.311458
v 0.657868 0.180784 0.309595
v 0.659723 0.173875 0.311522
v 0.659863 0.177636 0.310619
v 0.495019 0.175245 0.117320
v 0.491358 0.179429 0.106998
v 0.487513 0.174284 0.096805
v 0.487855 0.182118 0.096567
v 0.495571 0.184762 0.116935
v 0.483780 0.177641 0.086533
v 0.523116 0.189099 0.174979
v 0.527745 0.183649 0.184627
v 0.513470 0.187993 0.155955
v 0.517484 0.183041 0.166030
v 0.522023 0.176822 0.175740
v 0.512227 0.176420 0.156820
v 0.508109 0.182179 0.146817
v 0.503230 0.175934 0.137344
v 0.504195 0.186658 0.136671
v 0.499302 0.181081 0.127208
v 0.659623 0.226025 0.375545
v 0.659623 0.113588 0.375545
v 0.603603 0.104105 0.274714
v 0.603603 0.235508 0.274714
v 0.655378 0.232310 0.383213
v 0.655378 0.107304 0.383213
v 0.593428 0.095751 0.271499
v 0.593428 0.243862 0.271499
v 0.661066 0.169807 0.379442
v 0.628957 0.100643 0.310531
v 0.607338 0.169807 0.279492
v 0.628957 0.238971 0.310531
v 0.631061 0.169807 0.312528
v 0.657423 0.169807 0.390367
v 0.658471 0.107304 0.381250
v 0.658471 0.232310 0.381250
v 0.660520 0.169807 0.388416
v 0.622853 0.087834 0.313748
v 0.596451 0.095751 0.269394
v 0.625883 0.087834 0.311653
v 0.597058 0.169807 0.276712
v 0.596451 0.243862 0.269394
v 0.600081 0.169807 0.274607
v 0.622853 0.251779 0.313748
v 0.625883 0.251779 0.311653
v 0.622125 0.169807 0.318647
v 0.649314 0.235398 0.343983
v 0.649794 0.169807 0.343649
v 0.649314 0.104216 0.343983
v 0.643650 0.092069 0.347825
v 0.646718 0.092069 0.345791
v 0.643650 0.247545 0.347825
v 0.646718 0.247545 0.345791
v 0.640616 0.169807 0.349371
v 0.651838 0.226025 0.380105
v 0.651838 0.113588 0.380105
v 0.596142 0.104105 0.279910
v 0.596142 0.235508 0.279910
v 0.652715 0.169807 0.384249
v 0.620936 0.100643 0.316029
v 0.599359 0.169807 0.285049
v 0.620936 0.238971 0.316029
v 0.641089 0.104216 0.349147
v 0.641089 0.235398 0.349147
v 0.627550 0.152693 0.321799
v 0.620634 0.157705 0.311869
v 0.617769 0.169807 0.307755
v 0.620634 0.181908 0.311869
v 0.627550 0.186921 0.321799
v 0.634467 0.181908 0.331730
v 0.637332 0.169807 0.335843
v 0.634467 0.157705 0.331730
v 0.653984 0.152693 0.303388
v 0.647068 0.157705 0.293458
v 0.644203 0.169807 0.289344
v 0.647068 0.181908 0.293458
v 0.653984 0.186921 0.303388
v 0.660901 0.181908 0.313319
v 0.663766 0.169807 0.317432
v 0.660901 0.157705 0.313319
v 0.634836 0.153591 0.316724
v 0.628283 0.158340 0.307315
v 0.625568 0.169807 0.303418
v 0.628283 0.181273 0.307315
v 0.634836 0.186023 0.316724
v 0.641390 0.181273 0.326134
v 0.644104 0.169807 0.330031
v 0.641390 0.158340 0.326134
v 0.646698 0.153591 0.308463
v 0.640145 0.158340 0.299054
v 0.637430 0.169807 0.295156
v 0.640145 0.181273 0.299054
v 0.646698 0.186023 0.308463
v 0.653252 0.181273 0.317872
v 0.655966 0.169807 0.321769
v 0.653252 0.158340 0.317872
v 0.637617 0.157543 0.314787
v 0.632661 0.161135 0.307672
v 0.630608 0.169807 0.304724
v 0.632661 0.178478 0.307672
v 0.637617 0.182070 0.314787
v 0.642574 0.178478 0.321904
v 0.644626 0.169807 0.324851
v 0.642574 0.161135 0.321904
v 0.643917 0.157543 0.310400
v 0.638961 0.161135 0.303284
v 0.636908 0.169807 0.300336
v 0.638961 0.178478 0.303284
v 0.643917 0.182070 0.310400
v 0.648873 0.178478 0.317516
v 0.650926 0.169807 0.320463
v 0.648873 0.161135 0.317516
v 0.628235 0.203963 0.321322
v 0.624335 0.208807 0.313452
v 0.626465 0.218496 0.311969
v 0.632495 0.223340 0.318355
v 0.636395 0.218496 0.326225
v 0.634264 0.208807 0.327709
v 0.656502 0.194733 0.301634
v 0.652603 0.199577 0.293765
v 0.654733 0.209266 0.292281
v 0.660763 0.214110 0.298667
v 0.664662 0.209266 0.306537
v 0.662532 0.199577 0.308021
v 0.628235 0.135651 0.321322
v 0.624335 0.130806 0.313452
v 0.626465 0.121118 0.311969
v 0.632495 0.116273 0.318355
v 0.636395 0.121118 0.326225
v 0.634264 0.130806 0.327709
v 0.656502 0.144881 0.301634
v 0.652603 0.140037 0.293765
v 0.654733 0.130348 0.292281
v 0.660763 0.125504 0.298667
v 0.664662 0.130348 0.306537
v 0.662532 0.140037 0.308021
v 0.651916 0.100152 0.301334
v 0.655194 0.100152 0.306040
v 0.655194 0.239462 0.306040
v 0.651916 0.239462 0.301334
v 0.660548 0.100152 0.295322
v 0.663825 0.100152 0.300028
v 0.663825 0.239462 0.300028
v 0.660548 0.239462 0.295322
v 0.644391 0.169807 0.287343
v 0.665708 0.169807 0.317950
v 0.672267 0.169807 0.313382
v 0.650950 0.169807 0.282775
v 0.661831 0.117394 0.292785
v 0.666651 0.117394 0.299705
v 0.666651 0.222220 0.299705
v 0.661831 0.222220 0.292785
v 0.671603 0.169807 0.306856
v 0.656841 0.169807 0.285660
v 0.649900 0.117394 0.301095
v 0.654719 0.117394 0.308015
v 0.654719 0.222220 0.308015
v 0.649900 0.222220 0.301095
v 0.645189 0.169807 0.293776
v 0.659951 0.169807 0.314971
v 0.653659 0.078514 0.299075
v 0.657917 0.078514 0.305188
v 0.657917 0.261100 0.305188
v 0.653659 0.261100 0.299075
v 0.657519 0.078514 0.296387
v 0.661777 0.078514 0.302500
v 0.661777 0.261100 0.302500
v 0.657519 0.261100 0.296387
v 0.672268 0.097917 0.321912
v 0.657225 0.097917 0.326470
v 0.642376 0.097917 0.321316
v 0.633392 0.097917 0.308417
v 0.633705 0.097917 0.292701
v 0.643196 0.097917 0.280171
v 0.658240 0.097917 0.275613
v 0.673089 0.097917 0.280768
v 0.682073 0.097917 0.293667
v 0.681759 0.097917 0.309382
v 0.672268 0.085036 0.321912
v 0.657225 0.085036 0.326470
v 0.642376 0.085036 0.321316
v 0.633392 0.085036 0.308417
v 0.633705 0.085036 0.292701
v 0.643196 0.085036 0.280171
v 0.658240 0.085036 0.275613
v 0.673089 0.085036 0.280768
v 0.682073 0.085036 0.293667
v 0.681759 0.085036 0.309382
v 0.670973 0.103513 0.320053
v 0.657270 0.103513 0.324206
v 0.643742 0.103513 0.319509
v 0.635559 0.103513 0.307760
v 0.635845 0.103513 0.293444
v 0.644491 0.103513 0.282030
v 0.658194 0.103513 0.277877
v 0.671722 0.103513 0.282573
v 0.679905 0.103513 0.294323
v 0.679620 0.103513 0.308640
v 0.670973 0.079440 0.320053
v 0.657270 0.079440 0.324206
v 0.643742 0.079440 0.319509
v 0.635559 0.079440 0.307760
v 0.635845 0.079440 0.293444
v 0.644491 0.079440 0.282030
v 0.658194 0.079440 0.277877
v 0.671722 0.079440 0.282573
v 0.679905 0.079440 0.294323
v 0.679620 0.079440 0.308640
v 0.665278 0.104189 0.311876
v 0.657468 0.104189 0.314242
v 0.649759 0.104189 0.311567
v 0.645096 0.104189 0.304870
v 0.645259 0.104189 0.296712
v 0.650186 0.104189 0.290207
v 0.657996 0.104189 0.287840
v 0.665705 0.104189 0.290516
v 0.670369 0.104189 0.297213
v 0.670206 0.104189 0.305371
v 0.665278 0.078764 0.311876
v 0.657468 0.078764 0.314242
v 0.649759 0.078764 0.311567
v 0.645096 0.078764 0.304870
v 0.645259 0.078764 0.296712
v 0.650186 0.078764 0.290207
v 0.657996 0.078764 0.287840
v 0.665705 0.078764 0.290516
v 0.670369 0.078764 0.297213
v 0.670206 0.078764 0.305371
v 0.663707 0.102921 0.309621
v 0.657523 0.102921 0.311493
v 0.651420 0.102921 0.309375
v 0.647727 0.102921 0.304073
v 0.647856 0.102921 0.297613
v 0.651757 0.102921 0.292463
v 0.657941 0.102921 0.290589
v 0.664045 0.102921 0.292708
v 0.667737 0.102921 0.298010
v 0.667608 0.102921 0.304470
v 0.663707 0.080032 0.309621
v 0.657523 0.080032 0.311493
v 0.651420 0.080032 0.309375
v 0.647727 0.080032 0.304073
v 0.647856 0.080032 0.297613
v 0.651757 0.080032 0.292463
v 0.657941 0.080032 0.290589
v 0.664045 0.080032 0.292708
v 0.667737 0.080032 0.298010
v 0.667608 0.080032 0.304470
v 0.661877 0.098066 0.306992
v 0.657588 0.098066 0.308292
v 0.653353 0.098066 0.306822
v 0.650792 0.098066 0.303144
v 0.650881 0.098066 0.298663
v 0.653588 0.098066 0.295091
v 0.657877 0.098066 0.293791
v 0.662111 0.098066 0.295261
v 0.664672 0.098066 0.298938
v 0.664583 0.098066 0.303420
v 0.661877 0.084887 0.306992
v 0.657588 0.084887 0.308292
v 0.653353 0.084887 0.306822
v 0.650792 0.084887 0.303144
v 0.650881 0.084887 0.298663
v 0.653588 0.084887 0.295091
v 0.657877 0.084887 0.293791
v 0.662111 0.084887 0.295261
v 0.664672 0.084887 0.298938
v 0.664583 0.084887 0.303420
v 0.672268 0.241696 0.321912
v 0.657225 0.241696 0.326470
v 0.642376 0.241696 0.321316
v 0.633392 0.241696 0.308417
v 0.633705 0.241696 0.292701
v 0.643196 0.241696 0.280171
v 0.658240 0.241696 0.275613
v 0.673089 0.241696 0.280768
v 0.682073 0.241696 0.293667
v 0.681759 0.241696 0.309382
v 0.672268 0.254578 0.321912
v 0.657225 0.254578 0.326470
v 0.642376 0.254578 0.321316
v 0.633392 0.254578 0.308417
v 0.633705 0.254578 0.292701
v 0.643196 0.254578 0.280171
v 0.658240 0.254578 0.275613
v 0.673089 0.254578 0.280768
v 0.682073 0.254578 0.293667
v 0.681759 0.254578 0.309382
v 0.670973 0.236101 0.320053
v 0.657270 0.236101 0.324206
v 0.643742 0.236101 0.319509
v 0.635559 0.236101 0.307760
v 0.635845 0.236101 0.293444
v 0.644491 0.236101 0.282030
v 0.658194 0.236101 0.277877
v 0.671722 0.236101 0.282573
v 0.679905 0.236101 0.294323
v 0.679620 0.236101 0.308640
v 0.670973 0.260173 0.320053
v 0.657270 0.260173 0.324206
v 0.643742 0.260173 0.319509
v 0.635559 0.260173 0.307760
v 0.635845 0.260173 0.293444
v 0.644491 0.260173 0.282030
v 0.658194 0.260173 0.277877
v 0.671722 0.260173 0.282573
v 0.679905 0.260173 0.294323
v 0.679620 0.260173 0.308640
v 0.665278 0.235425 0.311876
v 0.657468 0.235425 0.314242
v 0.649759 0.235425 0.311567
v 0.645096 0.235425 0.304870
v 0.645259 0.235425 0.296712
v 0.650186 0.235425 0.290207
v 0.657996 0.235425 0.287840
v 0.665705 0.235425 0.290516
v 0.670369 0.235425 0.297213
v 0.670206 0.235425 0.305371
v 0.665278 0.260849 0.311876
v 0.657468 0.260849 0.314242
v 0.649759 0.260849 0.311567
v 0.645096 0.260849 0.304870
v 0.645259 0.260849 0.296712
v 0.650186 0.260849 0.290207
v 0.657996 0.260849 0.287840
v 0.665705 0.260849 0.290516
v 0.670369 0.260849 0.297213
v 0.670206 0.260849 0.305371
v 0.663707 0.236692 0.309621
v 0.657523 0.236692 0.311493
v 0.651420 0.236692 0.309375
v 0.647727 0.236692 0.304073
v 0.647856 0.236692 0.297613
v 0.651757 0.236692 0.292463
v 0.657941 0.236692 0.290589
v 0.664045 0.236692 0.292708
v 0.667737 0.236692 0.298010
v 0.667608 0.236692 0.304470
v 0.663707 0.259582 0.309621
v 0.657523 0.259582 0.311493
v 0.651420 0.259582 0.309375
v 0.647727 0.259582 0.304073
v 0.647856 0.259582 0.297613
v 0.651757 0.259582 0.292463
v 0.657941 0.259582 0.290589
v 0.664045 0.259582 0.292708
v 0.667737 0.259582 0.298010
v 0.667608 0.259582 0.304470
v 0.661877 0.241548 0.306992
v 0.657588 0.241548 0.308292
v 0.653353 0.241548 0.306822
v 0.650792 0.241548 0.303144
v 0.650881 0.241548 0.298663
v 0.653588 0.241548 0.295091
v 0.657877 0.241548 0.293791
v 0.662111 0.241548 0.295261
v 0.664672 0.241548 0.298938
v 0.664583 0.241548 0.303420
v 0.661877 0.254726 0.306992
v 0.657588 0.254726 0.308292
v 0.653353 0.254726 0.306822
v 0.650792 0.254726 0.303144
v 0.650881 0.254726 0.298663
v 0.653588 0.254726 0.295091
v 0.657877 0.254726 0.293791
v 0.662111 0.254726 0.295261
v 0.664672 0.254726 0.298938
v 0.664583 0.254726 0.303420
v 0.658775 0.205333 0.388752
v 0.655494 0.205256 0.389581
v 0.657220 0.205333 0.389653
v 0.658775 0.134280 0.388752
v 0.658980 0.169807 0.389468
v 0.661601 0.205256 0.385968
v 0.660315 0.205333 0.387699
v 0.652148 0.244299 0.366146
v 0.656931 0.232310 0.382303
v 0.652148 0.095315 0.366146
v 0.656931 0.107304 0.382303
v 0.661601 0.134358 0.385968
v 0.660315 0.134280 0.387699
v 0.655494 0.134358 0.389581
v 0.657220 0.134280 0.389653
v 0.607319 0.086011 0.288266
v 0.595251 0.126698 0.270939
v 0.594918 0.095751 0.270462
v 0.610543 0.087314 0.286461
v 0.608851 0.086011 0.287199
v 0.636651 0.090155 0.330804
v 0.624350 0.087834 0.312720
v 0.604664 0.087314 0.290550
v 0.605828 0.086011 0.289303
v 0.592928 0.126890 0.273699
v 0.593761 0.126698 0.271977
v 0.595251 0.212915 0.270939
v 0.598548 0.169807 0.275674
v 0.598804 0.126890 0.269606
v 0.596783 0.126698 0.269872
v 0.607319 0.253602 0.288266
v 0.594918 0.243862 0.270462
v 0.598804 0.212724 0.269606
v 0.596783 0.212915 0.269872
v 0.592928 0.212724 0.273699
v 0.593761 0.212915 0.271977
v 0.604664 0.252299 0.290550
v 0.605828 0.253602 0.289303
v 0.636651 0.249459 0.330804
v 0.624350 0.251779 0.312720
v 0.610543 0.252299 0.286461
v 0.608851 0.253602 0.287199
v 0.639681 0.091399 0.328709
v 0.638186 0.090155 0.329739
v 0.645181 0.092069 0.346852
v 0.633715 0.091399 0.332690
v 0.635139 0.090155 0.331809
v 0.649082 0.096458 0.367723
v 0.650604 0.095315 0.367084
v 0.655153 0.096458 0.363985
v 0.653687 0.095315 0.365090
v 0.633715 0.248215 0.332690
v 0.635139 0.249459 0.331809
v 0.645181 0.247545 0.346852
v 0.639681 0.248215 0.328709
v 0.638186 0.249459 0.329739
v 0.655153 0.243155 0.363985
v 0.653687 0.244299 0.365090
v 0.649082 0.243155 0.367723
v 0.650604 0.244299 0.367084
v 0.642177 0.246330 0.348619
v 0.647566 0.206338 0.368321
v 0.647893 0.232853 0.367812
v 0.653738 0.231531 0.383348
v 0.621511 0.250498 0.314748
v 0.632408 0.208388 0.333738
v 0.632715 0.237013 0.333359
v 0.592687 0.242822 0.273309
v 0.607644 0.210924 0.297676
v 0.605306 0.240634 0.293522
v 0.596152 0.169807 0.278337
v 0.596671 0.211540 0.281125
v 0.592687 0.096791 0.273309
v 0.607644 0.128689 0.297676
v 0.596671 0.128074 0.281125
v 0.621511 0.089115 0.314748
v 0.605306 0.098980 0.293522
v 0.642177 0.093284 0.348619
v 0.632408 0.131225 0.333738
v 0.632715 0.102600 0.333359
v 0.653738 0.108083 0.383348
v 0.647566 0.133275 0.368321
v 0.647893 0.106761 0.367812
v 0.655688 0.169807 0.390276
v 0.652605 0.134612 0.383733
v 0.652605 0.205001 0.383733
v 0.609498 0.169807 0.300426
v 0.621548 0.209512 0.317727
v 0.621548 0.130101 0.317727
v 0.632425 0.169807 0.333853
v 0.640664 0.207461 0.349350
v 0.647538 0.169807 0.368407
v 0.640664 0.132153 0.349350
v 0.616357 0.128689 0.291618
v 0.604586 0.128074 0.275613
v 0.616357 0.210924 0.291618
v 0.618299 0.169807 0.294307
v 0.641363 0.131225 0.327844
v 0.630392 0.130101 0.311670
v 0.613224 0.098980 0.288016
v 0.613224 0.240634 0.288016
v 0.641363 0.208388 0.327844
v 0.630392 0.209512 0.311670
v 0.604586 0.211540 0.275613
v 0.656649 0.133275 0.362944
v 0.660887 0.134612 0.378958
v 0.661805 0.169807 0.386661
v 0.659787 0.108083 0.379724
v 0.659787 0.231531 0.379724
v 0.656649 0.206338 0.362944
v 0.660887 0.205001 0.378958
v 0.627421 0.089115 0.310684
v 0.598519 0.096791 0.269247
v 0.602037 0.169807 0.274238
v 0.598519 0.242822 0.269247
v 0.627421 0.250498 0.310684
v 0.640830 0.237013 0.328001
v 0.649746 0.207461 0.343682
v 0.641473 0.169807 0.327899
v 0.656129 0.232853 0.362887
v 0.656715 0.169807 0.362981
v 0.649746 0.132153 0.343682
v 0.640830 0.102600 0.328001
v 0.656129 0.106761 0.362887
v 0.648208 0.093284 0.344753
v 0.648208 0.246330 0.344753
v 0.650248 0.185592 0.298023
v 0.646084 0.185509 0.300964
v 0.640827 0.176311 0.293416
v 0.642922 0.181845 0.296423
v 0.642231 0.182941 0.304944
v 0.643157 0.184764 0.303379
v 0.653518 0.185509 0.311638
v 0.649802 0.186831 0.306301
v 0.618529 0.176345 0.308846
v 0.622759 0.176311 0.306001
v 0.628016 0.185509 0.313549
v 0.624853 0.181845 0.309007
v 0.628687 0.175247 0.305001
v 0.626288 0.176002 0.304451
v 0.622759 0.163303 0.306001
v 0.622003 0.169807 0.304916
v 0.663006 0.163268 0.316341
v 0.658776 0.163303 0.319187
v 0.658776 0.176311 0.319187
v 0.659531 0.169807 0.320271
v 0.652847 0.164366 0.320186
v 0.655247 0.163611 0.320737
v 0.653518 0.154104 0.311638
v 0.656682 0.157769 0.316180
v 0.623813 0.185592 0.316434
v 0.635450 0.185509 0.324222
v 0.631733 0.186831 0.318886
v 0.633085 0.182941 0.311315
v 0.631296 0.184764 0.311641
v 0.663006 0.176345 0.316341
v 0.656682 0.181845 0.316180
v 0.652847 0.175247 0.320186
v 0.655247 0.176002 0.320737
v 0.631287 0.185592 0.327165
v 0.640708 0.176311 0.331772
v 0.638613 0.181845 0.328764
v 0.639303 0.182941 0.320243
v 0.638377 0.184764 0.321808
v 0.657721 0.185592 0.308754
v 0.648450 0.182941 0.313872
v 0.650239 0.184764 0.313547
v 0.636572 0.163268 0.334752
v 0.640708 0.163303 0.331772
v 0.635450 0.154104 0.324222
v 0.638613 0.157769 0.328764
v 0.643700 0.164366 0.326556
v 0.643385 0.163611 0.328998
v 0.641463 0.169807 0.332855
v 0.650248 0.154021 0.298023
v 0.646084 0.154104 0.300964
v 0.649802 0.152782 0.306301
v 0.642231 0.156673 0.304944
v 0.643157 0.154850 0.303379
v 0.640827 0.163303 0.293416
v 0.642922 0.157769 0.296423
v 0.644963 0.163268 0.290435
v 0.637834 0.164366 0.298631
v 0.638150 0.163611 0.296189
v 0.640072 0.169807 0.292331
v 0.631287 0.154021 0.327165
v 0.628016 0.154104 0.313549
v 0.631733 0.152782 0.318886
v 0.639303 0.156673 0.320243
v 0.638377 0.154850 0.321808
v 0.644963 0.176345 0.290435
v 0.637834 0.175247 0.298631
v 0.638150 0.176002 0.296189
v 0.657721 0.154021 0.308754
v 0.648450 0.156673 0.313872
v 0.650239 0.154850 0.313547
v 0.636572 0.176345 0.334752
v 0.643700 0.175247 0.326556
v 0.643385 0.176002 0.328998
v 0.623813 0.154021 0.316434
v 0.624853 0.157769 0.309007
v 0.633085 0.156673 0.311315
v 0.631296 0.154850 0.311641
v 0.618529 0.163268 0.308846
v 0.628687 0.164366 0.305001
v 0.626288 0.163611 0.304451
v 0.641949 0.179876 0.324042
v 0.643289 0.180455 0.316214
v 0.640295 0.181118 0.318632
v 0.636194 0.184047 0.315779
v 0.636194 0.155567 0.315779
v 0.643289 0.159158 0.316214
v 0.640295 0.158495 0.318632
v 0.641949 0.159738 0.324042
v 0.638247 0.180455 0.308974
v 0.634940 0.181118 0.310943
v 0.630439 0.179876 0.307516
v 0.634681 0.174218 0.303856
v 0.631153 0.174492 0.305505
v 0.628056 0.169807 0.304094
v 0.653479 0.169807 0.321094
v 0.646854 0.165396 0.321332
v 0.650382 0.165121 0.319682
v 0.651096 0.159738 0.317671
v 0.634681 0.165396 0.303856
v 0.631153 0.165121 0.305505
v 0.630439 0.159738 0.307516
v 0.651096 0.179876 0.317671
v 0.646854 0.174218 0.321332
v 0.650382 0.174492 0.319682
v 0.638247 0.159158 0.308974
v 0.634940 0.158495 0.310943
v 0.645341 0.184047 0.309408
v 0.646594 0.181118 0.314244
v 0.646594 0.158495 0.314244
v 0.645341 0.155567 0.309408
v 0.639586 0.179876 0.301146
v 0.641239 0.181118 0.306555
v 0.637202 0.169807 0.297723
v 0.637452 0.174492 0.301118
v 0.639586 0.159738 0.301146
v 0.637452 0.165121 0.301118
v 0.641239 0.158495 0.306555
v 0.644082 0.165121 0.324070
v 0.644333 0.169807 0.327464
v 0.644082 0.174492 0.324070
v 0.640767 0.158262 0.312594
v 0.636102 0.161643 0.305895
v 0.634169 0.169807 0.303120
v 0.636102 0.177970 0.305895
v 0.640767 0.181352 0.312594
v 0.645433 0.177970 0.319293
v 0.647366 0.169807 0.322067
v 0.645433 0.161643 0.319293
v 0.665102 0.091477 0.325366
v 0.677992 0.091477 0.316388
v 0.672268 0.091477 0.321912
v 0.665036 0.101763 0.325149
v 0.665102 0.097917 0.325366
v 0.649397 0.091477 0.325052
v 0.657225 0.091477 0.326470
v 0.665036 0.081190 0.325149
v 0.665102 0.085036 0.325366
v 0.649471 0.101763 0.324839
v 0.649397 0.097917 0.325052
v 0.636876 0.091477 0.315568
v 0.642376 0.091477 0.321316
v 0.649471 0.081190 0.324839
v 0.649397 0.085036 0.325052
v 0.637061 0.101763 0.315439
v 0.636876 0.097917 0.315568
v 0.632320 0.091477 0.300534
v 0.633392 0.091477 0.308417
v 0.637061 0.081190 0.315439
v 0.636876 0.085036 0.315568
v 0.632547 0.101763 0.300539
v 0.632320 0.097917 0.300534
v 0.637472 0.091477 0.285695
v 0.633705 0.091477 0.292701
v 0.632547 0.081190 0.300539
v 0.632320 0.085036 0.300534
v 0.637652 0.101763 0.285831
v 0.637472 0.097917 0.285695
v 0.650362 0.091477 0.276717
v 0.643196 0.091477 0.280171
v 0.637652 0.081190 0.285831
v 0.637472 0.085036 0.285695
v 0.650427 0.101763 0.276933
v 0.650362 0.097917 0.276717
v 0.666067 0.091477 0.277030
v 0.658240 0.091477 0.275613
v 0.650427 0.081190 0.276933
v 0.650362 0.085036 0.276717
v 0.665993 0.101763 0.277244
v 0.666067 0.097917 0.277030
v 0.678589 0.091477 0.286515
v 0.673089 0.091477 0.280768
v 0.665993 0.081190 0.277244
v 0.666067 0.085036 0.277030
v 0.678403 0.101763 0.286645
v 0.678589 0.097917 0.286515
v 0.683144 0.091477 0.301548
v 0.682073 0.091477 0.293667
v 0.678403 0.081190 0.286645
v 0.678589 0.085036 0.286515
v 0.682918 0.101763 0.301544
v 0.683144 0.097917 0.301548
v 0.681759 0.091477 0.309382
v 0.682918 0.081190 0.301544
v 0.683144 0.085036 0.301548
v 0.677812 0.101763 0.316251
v 0.677992 0.097917 0.316388
v 0.677812 0.081190 0.316251
v 0.677992 0.085036 0.316388
v 0.672139 0.101763 0.321726
v 0.663002 0.104121 0.318435
v 0.664446 0.103513 0.323200
v 0.657229 0.101763 0.326243
v 0.633919 0.081190 0.292775
v 0.639561 0.078832 0.300679
v 0.634583 0.079440 0.300579
v 0.633608 0.081190 0.308351
v 0.651772 0.104121 0.318211
v 0.650139 0.103513 0.322914
v 0.642512 0.101763 0.321135
v 0.672139 0.081190 0.321726
v 0.672220 0.078832 0.312016
v 0.676188 0.079440 0.315022
v 0.681545 0.081190 0.309308
v 0.643326 0.081190 0.280357
v 0.643245 0.078832 0.290068
v 0.639276 0.079440 0.287061
v 0.642818 0.104121 0.311429
v 0.638733 0.103513 0.314274
v 0.633608 0.101763 0.308351
v 0.658235 0.081190 0.275840
v 0.652462 0.078832 0.283648
v 0.651018 0.079440 0.278883
v 0.639561 0.104121 0.300679
v 0.634583 0.103513 0.300579
v 0.633919 0.101763 0.292775
v 0.672952 0.081190 0.280948
v 0.663692 0.078832 0.283872
v 0.665325 0.079440 0.279168
v 0.643245 0.104121 0.290068
v 0.639276 0.103513 0.287061
v 0.643326 0.101763 0.280357
v 0.681545 0.101763 0.309308
v 0.672220 0.104121 0.312016
v 0.676188 0.103513 0.315022
v 0.681856 0.081190 0.293732
v 0.672646 0.078832 0.290654
v 0.676732 0.079440 0.287809
v 0.652462 0.104121 0.283648
v 0.651018 0.103513 0.278883
v 0.658235 0.101763 0.275840
v 0.675903 0.078832 0.301405
v 0.680881 0.079440 0.301503
v 0.663692 0.104121 0.283872
v 0.665325 0.103513 0.279168
v 0.672952 0.101763 0.280948
v 0.672646 0.104121 0.290654
v 0.676732 0.103513 0.287809
v 0.681856 0.101763 0.293732
v 0.675903 0.104121 0.301405
v 0.680881 0.103513 0.301503
v 0.657229 0.081190 0.326243
v 0.663002 0.078832 0.318435
v 0.664446 0.079440 0.323200
v 0.642512 0.081190 0.321135
v 0.651772 0.078832 0.318211
v 0.650139 0.079440 0.322914
v 0.642818 0.078832 0.311429
v 0.638733 0.079440 0.314274
v 0.640327 0.104121 0.306315
v 0.646625 0.104062 0.300820
v 0.644540 0.104189 0.300778
v 0.640552 0.104121 0.295078
v 0.675137 0.104121 0.295768
v 0.668840 0.104062 0.301263
v 0.670925 0.104189 0.301305
v 0.674912 0.104121 0.307005
v 0.666589 0.104062 0.307750
v 0.668251 0.104189 0.309010
v 0.668126 0.104121 0.315964
v 0.668713 0.104121 0.286545
v 0.666849 0.104062 0.294692
v 0.668560 0.104189 0.293500
v 0.660954 0.104062 0.311675
v 0.661559 0.104189 0.313670
v 0.657369 0.104121 0.319224
v 0.658095 0.104121 0.282859
v 0.661375 0.104062 0.290546
v 0.662059 0.104189 0.288576
v 0.674912 0.078832 0.307005
v 0.668840 0.078891 0.301263
v 0.670925 0.078764 0.301305
v 0.675137 0.078832 0.295768
v 0.647338 0.104121 0.286118
v 0.654511 0.104062 0.290409
v 0.653906 0.104189 0.288413
v 0.666849 0.078891 0.294692
v 0.668560 0.078764 0.293500
v 0.668713 0.078832 0.286545
v 0.661375 0.078891 0.290546
v 0.662059 0.078764 0.288576
v 0.658095 0.078832 0.282859
v 0.648876 0.104062 0.294333
v 0.647214 0.104189 0.293074
v 0.646751 0.104121 0.315538
v 0.648616 0.104062 0.307391
v 0.646904 0.104189 0.308583
v 0.654511 0.078891 0.290409
v 0.653906 0.078764 0.288413
v 0.647338 0.078832 0.286118
v 0.648876 0.078891 0.294333
v 0.647214 0.078764 0.293074
v 0.640552 0.078832 0.295078
v 0.668126 0.078832 0.315964
v 0.666589 0.078891 0.307750
v 0.668251 0.078764 0.309010
v 0.646625 0.078891 0.300820
v 0.644540 0.078764 0.300778
v 0.640327 0.078832 0.306315
v 0.648616 0.078891 0.307391
v 0.646904 0.078764 0.308583
v 0.646751 0.078832 0.315538
v 0.654089 0.104062 0.311537
v 0.653405 0.104189 0.313507
v 0.654089 0.078891 0.311537
v 0.653405 0.078764 0.313507
v 0.657369 0.078832 0.319224
v 0.660954 0.078891 0.311675
v 0.661559 0.078764 0.313670
v 0.647093 0.078891 0.304265
v 0.650204 0.082797 0.306285
v 0.649159 0.080032 0.307013
v 0.651019 0.078891 0.309903
v 0.668371 0.104062 0.297818
v 0.666905 0.100156 0.301225
v 0.668178 0.102921 0.301251
v 0.668234 0.104062 0.304687
v 0.668234 0.078891 0.304687
v 0.666905 0.082797 0.301225
v 0.668178 0.080032 0.301251
v 0.668371 0.078891 0.297818
v 0.647230 0.078891 0.297396
v 0.648560 0.082797 0.300859
v 0.647287 0.080032 0.300833
v 0.651379 0.078891 0.291919
v 0.650420 0.082797 0.295502
v 0.649404 0.080032 0.294733
v 0.664086 0.104062 0.310165
v 0.660393 0.100156 0.309822
v 0.660762 0.102921 0.311040
v 0.657510 0.104062 0.312156
v 0.664086 0.078891 0.310165
v 0.665045 0.082797 0.306581
v 0.666060 0.080032 0.307350
v 0.654724 0.100156 0.309709
v 0.654306 0.102921 0.310912
v 0.651019 0.104062 0.309903
v 0.657954 0.078891 0.289927
v 0.655072 0.082797 0.292262
v 0.654703 0.080032 0.291043
v 0.650204 0.100156 0.306285
v 0.649159 0.102921 0.307013
v 0.647093 0.104062 0.304265
v 0.648560 0.100156 0.300859
v 0.647287 0.102921 0.300833
v 0.647230 0.104062 0.297396
v 0.650420 0.100156 0.295502
v 0.649404 0.102921 0.294733
v 0.651379 0.104062 0.291919
v 0.665045 0.100156 0.306581
v 0.666060 0.102921 0.307350
v 0.655072 0.100156 0.292262
v 0.654703 0.102921 0.291043
v 0.657954 0.104062 0.289927
v 0.657510 0.078891 0.312156
v 0.660393 0.082797 0.309822
v 0.660762 0.080032 0.311040
v 0.660741 0.100156 0.292375
v 0.661158 0.102921 0.291172
v 0.664445 0.104062 0.292180
v 0.664445 0.078891 0.292180
v 0.660741 0.082797 0.292375
v 0.661158 0.080032 0.291172
v 0.654724 0.082797 0.309709
v 0.654306 0.080032 0.310912
v 0.665260 0.100156 0.295799
v 0.666305 0.102921 0.295071
v 0.665260 0.082797 0.295799
v 0.666305 0.080032 0.295071
v 0.652142 0.100206 0.308422
v 0.657732 0.096272 0.301042
v 0.652605 0.097522 0.304613
v 0.648871 0.100206 0.303726
v 0.657548 0.082747 0.310299
v 0.657732 0.086681 0.301042
v 0.659544 0.085431 0.307021
v 0.663024 0.082747 0.308639
v 0.666479 0.100206 0.304078
v 0.662713 0.097522 0.304814
v 0.663024 0.100206 0.308639
v 0.657548 0.100206 0.310299
v 0.655683 0.097522 0.306945
v 0.652142 0.082747 0.308422
v 0.655683 0.085431 0.306945
v 0.659544 0.097522 0.307021
v 0.657917 0.082747 0.291785
v 0.655920 0.085431 0.295062
v 0.652441 0.082747 0.293444
v 0.662713 0.085431 0.304814
v 0.666479 0.082747 0.304078
v 0.648871 0.082747 0.303726
v 0.652605 0.085431 0.304613
v 0.663980 0.085431 0.301166
v 0.666593 0.082747 0.298357
v 0.652751 0.085431 0.297269
v 0.648986 0.082747 0.298005
v 0.662860 0.085431 0.297470
v 0.663323 0.082747 0.293661
v 0.657917 0.100206 0.291785
v 0.659781 0.097522 0.295139
v 0.663323 0.100206 0.293661
v 0.662860 0.097522 0.297470
v 0.666593 0.100206 0.298357
v 0.652441 0.100206 0.293444
v 0.655920 0.097522 0.295062
v 0.651485 0.085431 0.300917
v 0.648986 0.100206 0.298005
v 0.652751 0.097522 0.297269
v 0.663980 0.097522 0.301166
v 0.651485 0.097522 0.300917
v 0.659781 0.085431 0.295139
v 0.665102 0.248137 0.325366
v 0.665036 0.258423 0.325149
v 0.665102 0.254578 0.325366
v 0.649397 0.248137 0.325052
v 0.657225 0.248137 0.326470
v 0.665036 0.237850 0.325149
v 0.665102 0.241696 0.325366
v 0.677992 0.248137 0.316388
v 0.672268 0.248137 0.321912
v 0.649471 0.258423 0.324839
v 0.649397 0.254578 0.325052
v 0.636876 0.248137 0.315568
v 0.642376 0.248137 0.321316
v 0.649471 0.237850 0.324839
v 0.649397 0.241696 0.325052
v 0.637061 0.258423 0.315439
v 0.636876 0.254578 0.315568
v 0.632320 0.248137 0.300534
v 0.633392 0.248137 0.308417
v 0.637061 0.237850 0.315439
v 0.636876 0.241696 0.315568
v 0.632547 0.258423 0.300539
v 0.632320 0.254578 0.300534
v 0.637472 0.248137 0.285695
v 0.633705 0.248137 0.292701
v 0.632547 0.237850 0.300539
v 0.632320 0.241696 0.300534
v 0.637652 0.258423 0.285831
v 0.637472 0.254578 0.285695
v 0.650362 0.248137 0.276717
v 0.643196 0.248137 0.280171
v 0.637652 0.237850 0.285831
v 0.637472 0.241696 0.285695
v 0.650428 0.258423 0.276933
v 0.650362 0.254578 0.276717
v 0.666067 0.248137 0.277030
v 0.658240 0.248137 0.275613
v 0.650427 0.237850 0.276933
v 0.650362 0.241696 0.276717
v 0.665993 0.258423 0.277244
v 0.666067 0.254578 0.277030
v 0.678589 0.248137 0.286515
v 0.673089 0.248137 0.280768
v 0.665993 0.237850 0.277244
v 0.666067 0.241696 0.277030
v 0.678403 0.258423 0.286645
v 0.678589 0.254578 0.286515
v 0.683144 0.248137 0.301548
v 0.682073 0.248137 0.293667
v 0.678403 0.237850 0.286645
v 0.678589 0.241696 0.286515
v 0.682918 0.258423 0.301544
v 0.683144 0.254578 0.301548
v 0.681759 0.248137 0.309382
v 0.682918 0.237850 0.301544
v 0.683144 0.241696 0.301548
v 0.677812 0.258423 0.316251
v 0.677992 0.254578 0.316388
v 0.677812 0.237850 0.316251
v 0.677992 0.241696 0.316388
v 0.657229 0.237850 0.326243
v 0.663002 0.235492 0.318435
v 0.664446 0.236101 0.323200
v 0.672139 0.237850 0.321726
v 0.633608 0.258423 0.308351
v 0.639561 0.260782 0.300679
v 0.634583 0.260173 0.300579
v 0.633919 0.258423 0.292775
v 0.642512 0.237850 0.321135
v 0.651773 0.235492 0.318211
v 0.650139 0.236101 0.322914
v 0.681545 0.258423 0.309308
v 0.672220 0.260782 0.312016
v 0.676188 0.260173 0.315022
v 0.672139 0.258423 0.321726
v 0.643245 0.260782 0.290068
v 0.639276 0.260173 0.287061
v 0.643326 0.258423 0.280357
v 0.633608 0.237850 0.308351
v 0.642818 0.235492 0.311429
v 0.638733 0.236101 0.314274
v 0.652462 0.260782 0.283648
v 0.651018 0.260173 0.278883
v 0.658235 0.258423 0.275840
v 0.633919 0.237850 0.292775
v 0.639561 0.235492 0.300679
v 0.634583 0.236101 0.300579
v 0.663692 0.260782 0.283872
v 0.665325 0.260173 0.279168
v 0.672952 0.258423 0.280948
v 0.643326 0.237850 0.280357
v 0.643245 0.235492 0.290068
v 0.639276 0.236101 0.287061
v 0.672220 0.235492 0.312016
v 0.676188 0.236101 0.315022
v 0.681545 0.237850 0.309308
v 0.672646 0.260782 0.290654
v 0.676732 0.260173 0.287809
v 0.681856 0.258423 0.293732
v 0.658235 0.237850 0.275840
v 0.652462 0.235492 0.283648
v 0.651018 0.236101 0.278883
v 0.675903 0.260782 0.301405
v 0.680881 0.260173 0.301503
v 0.672952 0.237850 0.280948
v 0.663692 0.235492 0.283872
v 0.665325 0.236101 0.279168
v 0.681856 0.237850 0.293732
v 0.672646 0.235492 0.290654
v 0.676732 0.236101 0.287809
v 0.675903 0.235492 0.301405
v 0.680881 0.236101 0.301503
v 0.663002 0.260782 0.318435
v 0.664446 0.260173 0.323200
v 0.657229 0.258423 0.326243
v 0.651773 0.260782 0.318211
v 0.650139 0.260173 0.322914
v 0.642512 0.258423 0.321135
v 0.642818 0.260782 0.311429
v 0.638733 0.260173 0.314274
v 0.640552 0.235492 0.295078
v 0.646625 0.235551 0.300820
v 0.644540 0.235425 0.300778
v 0.640327 0.235492 0.306315
v 0.674912 0.235492 0.307005
v 0.668840 0.235551 0.301263
v 0.670925 0.235425 0.301305
v 0.675137 0.235492 0.295768
v 0.668126 0.235492 0.315964
v 0.666589 0.235551 0.307750
v 0.668251 0.235425 0.309010
v 0.666849 0.235551 0.294692
v 0.668560 0.235425 0.293500
v 0.668713 0.235492 0.286545
v 0.657369 0.235492 0.319224
v 0.660954 0.235551 0.311675
v 0.661559 0.235425 0.313670
v 0.661375 0.235551 0.290546
v 0.662059 0.235425 0.288576
v 0.658095 0.235492 0.282859
v 0.675137 0.260782 0.295768
v 0.668840 0.260723 0.301263
v 0.670925 0.260849 0.301305
v 0.674912 0.260782 0.307005
v 0.654511 0.235551 0.290409
v 0.653906 0.235425 0.288413
v 0.647338 0.235492 0.286118
v 0.668713 0.260782 0.286545
v 0.666849 0.260723 0.294692
v 0.668560 0.260849 0.293500
v 0.658095 0.260782 0.282859
v 0.661375 0.260723 0.290546
v 0.662059 0.260849 0.288576
v 0.648876 0.235551 0.294333
v 0.647214 0.235425 0.293074
v 0.648616 0.235551 0.307391
v 0.646904 0.235425 0.308583
v 0.646751 0.235492 0.315538
v 0.647338 0.260782 0.286118
v 0.654511 0.260723 0.290409
v 0.653906 0.260849 0.288413
v 0.640552 0.260782 0.295078
v 0.648876 0.260723 0.294333
v 0.647214 0.260849 0.293074
v 0.666589 0.260723 0.307750
v 0.668251 0.260849 0.309010
v 0.668126 0.260782 0.315964
v 0.640327 0.260782 0.306315
v 0.646625 0.260723 0.300820
v 0.644540 0.260849 0.300778
v 0.646751 0.260782 0.315538
v 0.648616 0.260723 0.307391
v 0.646904 0.260849 0.308583
v 0.654089 0.235551 0.311537
v 0.653405 0.235425 0.313507
v 0.657369 0.260782 0.319224
v 0.654089 0.260723 0.311537
v 0.653405 0.260849 0.313507
v 0.660954 0.260723 0.311675
v 0.661559 0.260849 0.313670
v 0.651019 0.260723 0.309903
v 0.650204 0.256817 0.306285
v 0.649159 0.259582 0.307013
v 0.647093 0.260723 0.304265
v 0.668234 0.235551 0.304687
v 0.666905 0.239457 0.301225
v 0.668178 0.236692 0.301251
v 0.668371 0.235551 0.297818
v 0.668371 0.260723 0.297818
v 0.666905 0.256817 0.301225
v 0.668178 0.259582 0.301251
v 0.668234 0.260723 0.304687
v 0.648560 0.256817 0.300859
v 0.647287 0.259582 0.300833
v 0.647230 0.260723 0.297396
v 0.650420 0.256817 0.295502
v 0.649404 0.259582 0.294733
v 0.651379 0.260723 0.291919
v 0.657510 0.235551 0.312156
v 0.660393 0.239457 0.309822
v 0.660762 0.236692 0.311040
v 0.664086 0.235551 0.310165
v 0.665045 0.256817 0.306581
v 0.666060 0.259582 0.307350
v 0.664086 0.260723 0.310165
v 0.651019 0.235551 0.309903
v 0.654724 0.239457 0.309709
v 0.654306 0.236692 0.310912
v 0.655072 0.256817 0.292262
v 0.654703 0.259582 0.291043
v 0.657954 0.260723 0.289927
v 0.647093 0.235551 0.304265
v 0.650204 0.239457 0.306285
v 0.649159 0.236692 0.307013
v 0.647230 0.235551 0.297396
v 0.648560 0.239457 0.300859
v 0.647287 0.236692 0.300833
v 0.651379 0.235551 0.291919
v 0.650420 0.239457 0.295502
v 0.649404 0.236692 0.294733
v 0.665045 0.239457 0.306581
v 0.666060 0.236692 0.307350
v 0.657954 0.235551 0.289927
v 0.655072 0.239457 0.292262
v 0.654703 0.236692 0.291043
v 0.660393 0.256817 0.309822
v 0.660762 0.259582 0.311040
v 0.657510 0.260723 0.312156
v 0.664445 0.235551 0.292180
v 0.660741 0.239457 0.292375
v 0.661158 0.236692 0.291172
v 0.660741 0.256817 0.292375
v 0.661158 0.259582 0.291172
v 0.664445 0.260723 0.292180
v 0.654724 0.256817 0.309709
v 0.654306 0.259582 0.310912
v 0.665260 0.239457 0.295799
v 0.666305 0.236692 0.295071
v 0.665260 0.256817 0.295799
v 0.666305 0.259582 0.295071
v 0.648871 0.239408 0.303726
v 0.657732 0.243342 0.301042
v 0.652605 0.242091 0.304613
v 0.652142 0.239408 0.308422
v 0.663024 0.256866 0.308639
v 0.657732 0.252932 0.301042
v 0.659544 0.254183 0.307021
v 0.657548 0.256866 0.310299
v 0.663024 0.239408 0.308639
v 0.662713 0.242091 0.304814
v 0.666479 0.239408 0.304078
v 0.655683 0.242091 0.306945
v 0.657548 0.239408 0.310299
v 0.655683 0.254183 0.306945
v 0.652142 0.256866 0.308422
v 0.659544 0.242091 0.307021
v 0.652441 0.256866 0.293444
v 0.655920 0.254183 0.295062
v 0.657917 0.256866 0.291785
v 0.666479 0.256866 0.304078
v 0.662713 0.254183 0.304814
v 0.652605 0.254183 0.304613
v 0.648871 0.256866 0.303726
v 0.666593 0.256866 0.298357
v 0.663980 0.254183 0.301166
v 0.648986 0.256866 0.298005
v 0.652751 0.254183 0.297269
v 0.663323 0.256866 0.293661
v 0.662860 0.254183 0.297470
v 0.663323 0.239408 0.293661
v 0.659781 0.242091 0.295139
v 0.657917 0.239408 0.291785
v 0.666593 0.239408 0.298357
v 0.662860 0.242091 0.297470
v 0.655920 0.242091 0.295062
v 0.652441 0.239408 0.293444
v 0.651485 0.254183 0.300917
v 0.652751 0.242091 0.297269
v 0.648986 0.239408 0.298005
v 0.663980 0.242091 0.301166
v 0.651485 0.242091 0.300917
v 0.659781 0.254183 0.295139
v 0.639814 0.200693 0.307180
v 0.645514 0.200693 0.315364
v 0.642368 0.199348 0.311478
v 0.625681 0.205309 0.317024
v 0.638799 0.209036 0.301811
v 0.638469 0.204192 0.303609
v 0.653948 0.196078 0.297336
v 0.624665 0.213652 0.311655
v 0.643483 0.217379 0.304625
v 0.640599 0.213881 0.302125
v 0.652932 0.204421 0.291967
v 0.629349 0.221995 0.314469
v 0.649183 0.217379 0.312809
v 0.646629 0.218725 0.308511
v 0.657617 0.212764 0.294781
v 0.635049 0.221995 0.322653
v 0.650199 0.209036 0.318179
v 0.650528 0.213881 0.316381
v 0.663317 0.212764 0.302965
v 0.636065 0.213652 0.328023
v 0.648398 0.204192 0.317865
v 0.664333 0.204421 0.308335
v 0.631380 0.205309 0.325208
v 0.659648 0.196078 0.305520
v 0.653948 0.143535 0.297336
v 0.639814 0.138920 0.307180
v 0.638799 0.130577 0.301811
v 0.638469 0.135421 0.303609
v 0.625681 0.134305 0.317024
v 0.645514 0.138920 0.315364
v 0.642368 0.140266 0.311478
v 0.652932 0.135192 0.291967
v 0.643483 0.122234 0.304625
v 0.640599 0.125733 0.302125
v 0.624665 0.125962 0.311655
v 0.657617 0.126849 0.294781
v 0.649183 0.122234 0.312809
v 0.646629 0.120889 0.308511
v 0.629349 0.117619 0.314469
v 0.663317 0.126849 0.302965
v 0.650199 0.130577 0.318179
v 0.650528 0.125733 0.316381
v 0.635049 0.117619 0.322653
v 0.664333 0.135192 0.308335
v 0.648398 0.135421 0.317865
v 0.636065 0.125962 0.328023
v 0.659648 0.143535 0.305520
v 0.631380 0.134305 0.325208
v 0.665447 0.207199 0.310976
v 0.660071 0.204539 0.314329
v 0.661860 0.206744 0.313354
v 0.665447 0.132415 0.310976
v 0.668960 0.169807 0.315652
v 0.670713 0.204539 0.306917
v 0.668981 0.206744 0.308394
v 0.660429 0.254975 0.304650
v 0.660502 0.237872 0.304490
v 0.670713 0.135074 0.306917
v 0.668981 0.132870 0.308394
v 0.660071 0.135074 0.314329
v 0.661860 0.132870 0.313354
v 0.660429 0.084639 0.304650
v 0.660502 0.101742 0.304490
v 0.650842 0.132415 0.290006
v 0.645832 0.135074 0.293886
v 0.647367 0.132870 0.292546
v 0.650842 0.207199 0.290006
v 0.647674 0.169807 0.285090
v 0.656474 0.135074 0.286474
v 0.654489 0.132870 0.287586
v 0.655035 0.084639 0.296906
v 0.655211 0.101742 0.296893
v 0.656474 0.204539 0.286474
v 0.654489 0.206744 0.287586
v 0.645832 0.204539 0.293886
v 0.647367 0.206744 0.292546
v 0.655035 0.254975 0.296906
v 0.655211 0.237872 0.296893
v 0.663983 0.100897 0.296424
v 0.661744 0.083857 0.297984
v 0.663095 0.093139 0.297043
v 0.661746 0.109414 0.293530
v 0.664444 0.137390 0.296103
v 0.664340 0.113289 0.296176
v 0.665922 0.109414 0.299525
v 0.653097 0.169807 0.281904
v 0.659062 0.137237 0.288778
v 0.663983 0.238717 0.296424
v 0.661746 0.230200 0.293530
v 0.664444 0.202224 0.296103
v 0.659062 0.202377 0.288778
v 0.661744 0.255757 0.297984
v 0.663095 0.246475 0.297043
v 0.665922 0.230200 0.299525
v 0.664340 0.226324 0.296176
v 0.673829 0.169807 0.311669
v 0.669449 0.202377 0.303692
v 0.669449 0.137237 0.303692
v 0.664448 0.169807 0.296100
v 0.652166 0.238717 0.304655
v 0.653716 0.255757 0.303575
v 0.652573 0.246475 0.304372
v 0.650319 0.230200 0.301489
v 0.652341 0.202224 0.304533
v 0.652251 0.226324 0.304596
v 0.654495 0.230200 0.307484
v 0.642897 0.169807 0.289009
v 0.647275 0.202377 0.296988
v 0.652166 0.100897 0.304655
v 0.650319 0.109414 0.301489
v 0.652341 0.137390 0.304533
v 0.647275 0.137237 0.296988
v 0.653716 0.083857 0.303575
v 0.652573 0.093139 0.304372
v 0.654495 0.109414 0.307484
v 0.652251 0.113289 0.304596
v 0.663628 0.169807 0.318774
v 0.657662 0.137237 0.311901
v 0.657662 0.202377 0.311901
v 0.652368 0.169807 0.304514
v 0.652841 0.255105 0.300143
v 0.657718 0.264672 0.300788
v 0.654644 0.262396 0.296374
v 0.658833 0.255105 0.295969
v 0.652841 0.084508 0.300143
v 0.657718 0.074942 0.300788
v 0.655441 0.077217 0.302374
v 0.656631 0.084508 0.305586
v 0.656631 0.255105 0.305586
v 0.655441 0.262396 0.302374
v 0.662624 0.084508 0.301412
v 0.659996 0.077217 0.299201
v 0.658833 0.084508 0.295969
v 0.659996 0.262396 0.299201
v 0.662624 0.255105 0.301412
v 0.654644 0.077217 0.296374
v 0.660793 0.077217 0.305202
v 0.660793 0.262396 0.305202
v 0.657385 0.220425 0.387081
v 0.655818 0.220425 0.387855
v 0.656605 0.220425 0.387506
v 0.658205 0.188105 0.389947
v 0.658000 0.205333 0.389230
v 0.658931 0.220425 0.386085
v 0.658160 0.220425 0.386602
v 0.654108 0.239920 0.375623
v 0.656156 0.232310 0.382784
v 0.658205 0.151509 0.389947
v 0.658205 0.169807 0.389947
v 0.659751 0.188105 0.388952
v 0.658980 0.188105 0.389468
v 0.656635 0.188105 0.390712
v 0.657423 0.188105 0.390367
v 0.661289 0.188105 0.387881
v 0.660520 0.188105 0.388416
v 0.659546 0.205333 0.388235
v 0.659751 0.151509 0.388952
v 0.659751 0.169807 0.388952
v 0.655651 0.239920 0.374618
v 0.657701 0.232310 0.381786
v 0.660469 0.220425 0.385013
v 0.659700 0.220425 0.385549
v 0.657385 0.119189 0.387081
v 0.654108 0.099694 0.375623
v 0.656156 0.107304 0.382784
v 0.658931 0.119189 0.386085
v 0.658160 0.119189 0.386602
v 0.658000 0.134280 0.389230
v 0.655818 0.119189 0.387855
v 0.656605 0.119189 0.387506
v 0.660469 0.119189 0.385013
v 0.659700 0.119189 0.385549
v 0.659546 0.134280 0.388235
v 0.655651 0.099694 0.374618
v 0.657701 0.107304 0.381786
v 0.658980 0.151509 0.389468
v 0.661289 0.151509 0.387881
v 0.660520 0.151509 0.388416
v 0.656635 0.151509 0.390712
v 0.657423 0.151509 0.390367
v 0.599094 0.088638 0.278063
v 0.593164 0.108944 0.269549
v 0.594165 0.095751 0.270986
v 0.600610 0.088638 0.277007
v 0.599847 0.088638 0.277539
v 0.615194 0.086275 0.301179
v 0.606565 0.086011 0.288790
v 0.597641 0.088638 0.279075
v 0.598357 0.088638 0.278576
v 0.602149 0.088638 0.275935
v 0.601380 0.088638 0.276471
v 0.616712 0.086275 0.300125
v 0.608082 0.086011 0.287735
v 0.594681 0.108944 0.268493
v 0.595682 0.095751 0.269930
v 0.631904 0.089095 0.321938
v 0.625114 0.087834 0.312189
v 0.615948 0.086275 0.300656
v 0.618250 0.086275 0.299054
v 0.617481 0.086275 0.299589
v 0.613736 0.086275 0.302184
v 0.614455 0.086275 0.301690
v 0.630382 0.089095 0.322986
v 0.623595 0.087834 0.313241
v 0.591711 0.108944 0.270561
v 0.592427 0.108944 0.270062
v 0.596573 0.147492 0.274443
v 0.594498 0.126698 0.271464
v 0.593917 0.108944 0.269025
v 0.596573 0.192121 0.274443
v 0.597795 0.169807 0.276199
v 0.598089 0.147492 0.273387
v 0.597326 0.147492 0.273919
v 0.595120 0.147492 0.275455
v 0.595836 0.147492 0.274956
v 0.599627 0.147492 0.272315
v 0.598858 0.147492 0.272851
v 0.596014 0.126698 0.270408
v 0.598089 0.192121 0.273387
v 0.599312 0.169807 0.275142
v 0.596219 0.108944 0.267421
v 0.595450 0.108944 0.267957
v 0.593164 0.230669 0.269549
v 0.599094 0.250975 0.278063
v 0.594165 0.243862 0.270986
v 0.594681 0.230669 0.268493
v 0.593917 0.230669 0.269025
v 0.594498 0.212915 0.271464
v 0.591711 0.230669 0.270561
v 0.592427 0.230669 0.270062
v 0.596219 0.230669 0.267421
v 0.595450 0.230669 0.267957
v 0.596014 0.212915 0.270408
v 0.600610 0.250975 0.277007
v 0.595682 0.243862 0.269930
v 0.597326 0.192121 0.273919
v 0.599627 0.192121 0.272315
v 0.598858 0.192121 0.272851
v 0.595120 0.192121 0.275455
v 0.595836 0.192121 0.274956
v 0.597641 0.250975 0.279075
v 0.598357 0.250975 0.278576
v 0.615194 0.253339 0.301179
v 0.606565 0.253602 0.288790
v 0.599847 0.250975 0.277539
v 0.630382 0.250519 0.322986
v 0.623595 0.251779 0.313241
v 0.616712 0.253339 0.300125
v 0.615948 0.253339 0.300656
v 0.613736 0.253339 0.302184
v 0.614455 0.253339 0.301690
v 0.618250 0.253339 0.299054
v 0.617481 0.253339 0.299589
v 0.608082 0.253602 0.287735
v 0.631904 0.250519 0.321938
v 0.625114 0.251779 0.312189
v 0.602149 0.250975 0.275935
v 0.601380 0.250975 0.276471
v 0.633442 0.089095 0.320866
v 0.632673 0.089095 0.321402
v 0.641987 0.091113 0.338104
v 0.637417 0.090155 0.330275
v 0.631140 0.089095 0.322468
v 0.649638 0.093121 0.355848
v 0.645949 0.092069 0.346327
v 0.640456 0.091113 0.339139
v 0.641220 0.091113 0.338631
v 0.643525 0.091113 0.337033
v 0.642756 0.091113 0.337569
v 0.638947 0.091113 0.340064
v 0.639698 0.091113 0.339619
v 0.635890 0.090155 0.331317
v 0.648100 0.093121 0.356867
v 0.644414 0.092069 0.347355
v 0.628904 0.089095 0.323961
v 0.629635 0.089095 0.323485
v 0.652550 0.099694 0.376429
v 0.653332 0.099694 0.376060
v 0.651377 0.095315 0.366637
v 0.654881 0.099694 0.375137
v 0.648869 0.093121 0.356370
v 0.646561 0.093121 0.357730
v 0.647331 0.093121 0.357325
v 0.651177 0.093121 0.354777
v 0.650408 0.093121 0.355312
v 0.652918 0.095315 0.365625
v 0.657189 0.099694 0.373547
v 0.656420 0.099694 0.374082
v 0.631140 0.250519 0.322468
v 0.641987 0.248501 0.338104
v 0.637417 0.249459 0.330275
v 0.633442 0.250519 0.320866
v 0.632673 0.250519 0.321402
v 0.628904 0.250519 0.323961
v 0.629635 0.250519 0.323485
v 0.640456 0.248501 0.339139
v 0.635890 0.249459 0.331317
v 0.648100 0.246492 0.356867
v 0.644414 0.247545 0.347355
v 0.641220 0.248501 0.338631
v 0.638947 0.248501 0.340064
v 0.639698 0.248501 0.339619
v 0.643525 0.248501 0.337033
v 0.642756 0.248501 0.337569
v 0.649638 0.246492 0.355848
v 0.645949 0.247545 0.346327
v 0.657189 0.239920 0.373547
v 0.656420 0.239920 0.374082
v 0.652918 0.244299 0.365625
v 0.654881 0.239920 0.375137
v 0.648869 0.246492 0.356370
v 0.651177 0.246492 0.354777
v 0.650408 0.246492 0.355312
v 0.646561 0.246492 0.357730
v 0.647331 0.246492 0.357325
v 0.651377 0.244299 0.366637
v 0.652550 0.239920 0.376429
v 0.653332 0.239920 0.376060
v 0.649828 0.244299 0.367471
v 0.650936 0.235862 0.375843
v 0.651755 0.238905 0.376452
v 0.654592 0.232310 0.383570
v 0.642889 0.247545 0.348250
v 0.645215 0.241699 0.358357
v 0.645840 0.245294 0.358077
v 0.644445 0.222528 0.358685
v 0.644733 0.234510 0.358562
v 0.648405 0.239724 0.367769
v 0.637644 0.243582 0.340783
v 0.641562 0.242686 0.348923
v 0.653785 0.218804 0.385802
v 0.652750 0.229194 0.382037
v 0.650247 0.219477 0.376085
v 0.650349 0.229737 0.375442
v 0.634398 0.249459 0.332270
v 0.638247 0.247271 0.340456
v 0.622130 0.251779 0.314235
v 0.627725 0.245474 0.324866
v 0.628248 0.249258 0.324420
v 0.627323 0.225296 0.325745
v 0.627398 0.237908 0.325306
v 0.633139 0.244481 0.333058
v 0.612893 0.248118 0.303570
v 0.621084 0.246656 0.315331
v 0.636903 0.223909 0.341172
v 0.637181 0.236205 0.341026
v 0.605111 0.253602 0.289801
v 0.613171 0.252033 0.302774
v 0.592712 0.243862 0.271998
v 0.598187 0.246002 0.282314
v 0.597425 0.249732 0.280130
v 0.600340 0.227105 0.286680
v 0.599351 0.238792 0.284779
v 0.604734 0.248390 0.291820
v 0.592999 0.228235 0.274864
v 0.594020 0.239702 0.276259
v 0.613733 0.227235 0.306234
v 0.613036 0.240287 0.304686
v 0.593045 0.212915 0.272476
v 0.591681 0.230061 0.271882
v 0.596343 0.169807 0.277210
v 0.595843 0.191996 0.279090
v 0.594948 0.192090 0.276609
v 0.602924 0.191493 0.290713
v 0.598327 0.191807 0.283568
v 0.593986 0.212150 0.276387
v 0.595843 0.147618 0.279090
v 0.596990 0.169807 0.280736
v 0.595830 0.226735 0.279724
v 0.593045 0.126698 0.272476
v 0.594948 0.147524 0.276609
v 0.592712 0.095751 0.271998
v 0.592999 0.111379 0.274864
v 0.591681 0.109553 0.271882
v 0.600340 0.112508 0.286680
v 0.595830 0.112878 0.279724
v 0.593986 0.127464 0.276387
v 0.598187 0.093611 0.282314
v 0.594020 0.099912 0.276259
v 0.602924 0.148120 0.290713
v 0.598327 0.147806 0.283568
v 0.605111 0.086011 0.289801
v 0.597425 0.089881 0.280130
v 0.622130 0.087834 0.314235
v 0.612893 0.091496 0.303570
v 0.613171 0.087580 0.302774
v 0.613733 0.112379 0.306234
v 0.613036 0.099327 0.304686
v 0.604734 0.091223 0.291820
v 0.627725 0.094139 0.324866
v 0.621084 0.092958 0.315331
v 0.599351 0.100822 0.284779
v 0.634398 0.090155 0.332270
v 0.628248 0.090356 0.324420
v 0.642889 0.092069 0.348250
v 0.637644 0.096031 0.340783
v 0.638247 0.092343 0.340456
v 0.636903 0.115705 0.341172
v 0.637181 0.103409 0.341026
v 0.633139 0.095133 0.333058
v 0.645215 0.097914 0.358357
v 0.641562 0.096928 0.348923
v 0.627323 0.114317 0.325745
v 0.627398 0.101706 0.325306
v 0.649827 0.095315 0.367471
v 0.645840 0.094319 0.358077
v 0.654592 0.107304 0.383570
v 0.650936 0.103752 0.375843
v 0.651755 0.100708 0.376452
v 0.650247 0.120136 0.376085
v 0.650349 0.109877 0.375442
v 0.648405 0.099889 0.367769
v 0.653785 0.120810 0.385802
v 0.652750 0.110419 0.382037
v 0.644445 0.117086 0.358685
v 0.644733 0.105103 0.358562
v 0.656431 0.134280 0.389998
v 0.654914 0.119594 0.387498
v 0.656635 0.169807 0.390712
v 0.654430 0.151434 0.388355
v 0.655688 0.151490 0.390276
v 0.650388 0.151135 0.377250
v 0.652715 0.151322 0.384249
v 0.654270 0.134592 0.387718
v 0.654430 0.188179 0.388355
v 0.654430 0.169807 0.388355
v 0.652280 0.121452 0.382191
v 0.656431 0.205333 0.389998
v 0.655688 0.188123 0.390276
v 0.654914 0.220020 0.387498
v 0.652280 0.218162 0.382191
v 0.654270 0.205022 0.387718
v 0.650388 0.188479 0.377250
v 0.652715 0.188292 0.384249
v 0.601437 0.211240 0.288498
v 0.606363 0.227790 0.295571
v 0.603764 0.169807 0.291920
v 0.615472 0.190690 0.309094
v 0.608887 0.191104 0.299548
v 0.627528 0.189985 0.326404
v 0.621934 0.190300 0.318372
v 0.614655 0.210267 0.307830
v 0.615472 0.148924 0.309094
v 0.615854 0.169807 0.309643
v 0.621153 0.226163 0.316886
v 0.606363 0.111824 0.295571
v 0.601437 0.128374 0.288498
v 0.621153 0.113451 0.316886
v 0.614655 0.129346 0.307830
v 0.608887 0.148509 0.299548
v 0.627528 0.149629 0.326404
v 0.621934 0.149314 0.318372
v 0.627605 0.169807 0.326514
v 0.636718 0.189480 0.341270
v 0.632406 0.189720 0.333825
v 0.627400 0.208902 0.326130
v 0.644252 0.188978 0.358766
v 0.640616 0.189241 0.349371
v 0.636765 0.207924 0.341246
v 0.636718 0.150133 0.341270
v 0.636718 0.169807 0.341270
v 0.632492 0.224568 0.333584
v 0.640806 0.223252 0.349282
v 0.644301 0.206951 0.358746
v 0.647649 0.221387 0.368059
v 0.644252 0.150635 0.358766
v 0.644252 0.169807 0.358766
v 0.647538 0.188716 0.368407
v 0.650353 0.205564 0.376959
v 0.650388 0.169807 0.377250
v 0.627400 0.130712 0.326130
v 0.632406 0.149894 0.333825
v 0.632492 0.115046 0.333584
v 0.640806 0.116362 0.349282
v 0.636765 0.131689 0.341246
v 0.640616 0.150372 0.349371
v 0.644301 0.132662 0.358746
v 0.647538 0.150898 0.368407
v 0.647649 0.118227 0.368059
v 0.650353 0.134049 0.376959
v 0.608541 0.112508 0.280969
v 0.599929 0.111379 0.270037
v 0.603552 0.112878 0.274346
v 0.611447 0.148120 0.284777
v 0.609880 0.128374 0.282618
v 0.622276 0.112379 0.300324
v 0.614811 0.111824 0.289697
v 0.605117 0.093611 0.277487
v 0.607073 0.100822 0.279401
v 0.611447 0.191493 0.284777
v 0.612288 0.169807 0.285984
v 0.624378 0.148924 0.302933
v 0.617688 0.148509 0.293429
v 0.602914 0.147618 0.274165
v 0.606306 0.147806 0.278010
v 0.636514 0.149629 0.320358
v 0.630870 0.149314 0.312254
v 0.623471 0.129346 0.301732
v 0.624378 0.190690 0.302933
v 0.624761 0.169807 0.303482
v 0.619978 0.091496 0.298665
v 0.621032 0.099327 0.299153
v 0.635940 0.114317 0.319943
v 0.629723 0.113451 0.311016
v 0.608541 0.227105 0.280969
v 0.605117 0.246002 0.277487
v 0.607073 0.238792 0.279401
v 0.622276 0.227235 0.300324
v 0.614811 0.227790 0.289697
v 0.609880 0.211240 0.282618
v 0.599929 0.228235 0.270037
v 0.603552 0.226735 0.274346
v 0.635940 0.225296 0.319943
v 0.629723 0.226163 0.311016
v 0.623471 0.210267 0.301732
v 0.619978 0.248118 0.298665
v 0.621032 0.240287 0.299153
v 0.617688 0.191104 0.293429
v 0.636514 0.189985 0.320358
v 0.630870 0.190300 0.312254
v 0.602914 0.191996 0.274165
v 0.606306 0.191807 0.278010
v 0.661011 0.120810 0.381580
v 0.658814 0.120136 0.371078
v 0.660348 0.121452 0.377506
v 0.661815 0.151434 0.384076
v 0.661614 0.134592 0.383453
v 0.660989 0.119594 0.383888
v 0.658141 0.103752 0.371547
v 0.659892 0.110419 0.377824
v 0.661815 0.188179 0.384076
v 0.661815 0.169807 0.384076
v 0.661805 0.151490 0.386661
v 0.659304 0.151135 0.372074
v 0.661066 0.151322 0.379442
v 0.661084 0.134280 0.387164
v 0.661289 0.169807 0.387881
v 0.659240 0.107304 0.380714
v 0.661011 0.218804 0.381580
v 0.658141 0.235862 0.371547
v 0.659892 0.229194 0.377824
v 0.660989 0.220020 0.383888
v 0.661614 0.205022 0.383453
v 0.658814 0.219477 0.371078
v 0.660348 0.218162 0.377506
v 0.661084 0.205333 0.387164
v 0.659240 0.232310 0.380714
v 0.661805 0.188123 0.386661
v 0.659304 0.188479 0.372074
v 0.661066 0.188292 0.379442
v 0.611773 0.091223 0.286924
v 0.603275 0.089881 0.276056
v 0.600879 0.099912 0.271482
v 0.634865 0.094139 0.320039
v 0.628190 0.092958 0.310455
v 0.619067 0.087580 0.298689
v 0.609620 0.086011 0.286663
v 0.626652 0.087834 0.311118
v 0.597220 0.095751 0.268858
v 0.601022 0.212150 0.271487
v 0.597531 0.230061 0.267808
v 0.600879 0.239702 0.271482
v 0.604061 0.169807 0.275811
v 0.600834 0.192090 0.272510
v 0.597552 0.212915 0.269336
v 0.600850 0.169807 0.274071
v 0.597220 0.243862 0.268858
v 0.597531 0.109553 0.267808
v 0.601022 0.127464 0.271487
v 0.597552 0.126698 0.269336
v 0.600834 0.147524 0.272510
v 0.603275 0.249732 0.276056
v 0.611773 0.248390 0.286924
v 0.609620 0.253602 0.286663
v 0.626652 0.251779 0.311118
v 0.619067 0.252033 0.298689
v 0.634865 0.245474 0.320039
v 0.628190 0.246656 0.310455
v 0.635461 0.237908 0.319869
v 0.645640 0.223909 0.335560
v 0.641166 0.224568 0.327868
v 0.636294 0.208902 0.320143
v 0.653291 0.222528 0.353304
v 0.649602 0.223252 0.343782
v 0.645833 0.189480 0.335426
v 0.645784 0.207924 0.335460
v 0.644871 0.243582 0.336096
v 0.645352 0.236205 0.335761
v 0.645833 0.150133 0.335426
v 0.645833 0.169807 0.335426
v 0.641454 0.189720 0.327872
v 0.653484 0.188978 0.353170
v 0.649794 0.189241 0.343649
v 0.636590 0.169807 0.320466
v 0.652522 0.241699 0.353839
v 0.653003 0.234510 0.353505
v 0.656448 0.221387 0.362832
v 0.653436 0.206951 0.353203
v 0.659181 0.205564 0.371824
v 0.658402 0.229737 0.370698
v 0.659304 0.169807 0.372074
v 0.656715 0.188716 0.362981
v 0.653484 0.150635 0.353170
v 0.653484 0.169807 0.353170
v 0.641454 0.149894 0.327872
v 0.636294 0.130712 0.320143
v 0.649794 0.150372 0.343649
v 0.645640 0.115705 0.335560
v 0.645784 0.131689 0.335460
v 0.644871 0.096031 0.336096
v 0.645352 0.103409 0.335761
v 0.641166 0.115046 0.327868
v 0.653291 0.117086 0.353304
v 0.649602 0.116362 0.343782
v 0.635461 0.101706 0.319869
v 0.653436 0.132662 0.353203
v 0.656448 0.118227 0.362832
v 0.652522 0.097914 0.353839
v 0.653003 0.105103 0.353505
v 0.656715 0.150898 0.362981
v 0.659181 0.134049 0.371824
v 0.658402 0.109877 0.370698
v 0.634182 0.090356 0.320392
v 0.638955 0.090155 0.329204
v 0.640320 0.095133 0.328294
v 0.648833 0.096928 0.344318
v 0.644246 0.092343 0.336531
v 0.647487 0.092069 0.345255
v 0.654456 0.095315 0.364554
v 0.657812 0.100708 0.372778
v 0.651898 0.094319 0.354274
v 0.655703 0.099889 0.363351
v 0.638955 0.249459 0.329204
v 0.634182 0.249258 0.320392
v 0.647487 0.247545 0.345255
v 0.644246 0.247271 0.336531
v 0.640320 0.244481 0.328294
v 0.648833 0.242686 0.344318
v 0.655703 0.239724 0.363351
v 0.657812 0.238905 0.372778
v 0.651898 0.245294 0.354274
v 0.654456 0.244299 0.364554
v 0.652081 0.186576 0.300655
v 0.649922 0.186576 0.302159
v 0.646394 0.184019 0.297094
v 0.648089 0.185592 0.299526
v 0.646184 0.186224 0.304848
v 0.647908 0.186488 0.303583
v 0.653729 0.186576 0.307625
v 0.651826 0.186921 0.304892
v 0.643703 0.179310 0.293229
v 0.644909 0.181908 0.294961
v 0.642730 0.183721 0.299889
v 0.644399 0.183945 0.298544
v 0.648553 0.184019 0.295590
v 0.641028 0.182527 0.302047
v 0.641552 0.183273 0.301074
v 0.644389 0.185261 0.302270
v 0.640095 0.179110 0.296105
v 0.641276 0.181654 0.297801
v 0.649911 0.186224 0.310198
v 0.648048 0.186562 0.307523
v 0.644185 0.184816 0.306581
v 0.644895 0.185696 0.305873
v 0.617966 0.173137 0.308038
v 0.620125 0.173137 0.306535
v 0.621586 0.179310 0.308633
v 0.620687 0.176345 0.307342
v 0.624104 0.173067 0.304192
v 0.622199 0.173120 0.305197
v 0.620125 0.166477 0.306535
v 0.619928 0.169807 0.306252
v 0.624278 0.184019 0.312498
v 0.622793 0.181908 0.310365
v 0.625535 0.179110 0.306246
v 0.623653 0.179260 0.307284
v 0.619427 0.179310 0.310136
v 0.628376 0.178312 0.305722
v 0.627140 0.178811 0.305674
v 0.624655 0.176208 0.304983
v 0.628170 0.183721 0.310030
v 0.626716 0.181654 0.307942
v 0.624104 0.166546 0.304192
v 0.623911 0.169807 0.303915
v 0.627068 0.172787 0.303844
v 0.625755 0.172962 0.303686
v 0.662108 0.160304 0.315051
v 0.659949 0.160304 0.316555
v 0.661410 0.166477 0.318653
v 0.660847 0.163268 0.317844
v 0.656000 0.160503 0.318941
v 0.657882 0.160354 0.317903
v 0.657256 0.155594 0.312689
v 0.658742 0.157705 0.314823
v 0.661410 0.173137 0.318653
v 0.661607 0.169807 0.318936
v 0.657430 0.166546 0.320995
v 0.659336 0.166494 0.319990
v 0.663569 0.166477 0.317149
v 0.654466 0.166826 0.321343
v 0.655779 0.166651 0.321501
v 0.656880 0.163406 0.320204
v 0.657430 0.173067 0.320995
v 0.657624 0.169807 0.321272
v 0.653364 0.155893 0.315157
v 0.654819 0.157959 0.317246
v 0.653159 0.161301 0.319465
v 0.654394 0.160803 0.319513
v 0.622119 0.184019 0.314001
v 0.627806 0.186576 0.317563
v 0.625972 0.185592 0.314930
v 0.626330 0.183945 0.311129
v 0.631612 0.186576 0.323028
v 0.629709 0.186921 0.320296
v 0.631624 0.186224 0.314989
v 0.629840 0.186488 0.316167
v 0.625647 0.186576 0.319066
v 0.633942 0.184816 0.313715
v 0.633033 0.185696 0.314135
v 0.629829 0.185261 0.312411
v 0.635350 0.186224 0.320339
v 0.633487 0.186562 0.317664
v 0.630785 0.182527 0.309181
v 0.629690 0.183273 0.309336
v 0.663569 0.173137 0.317149
v 0.659949 0.179310 0.316555
v 0.660847 0.176345 0.317844
v 0.659336 0.173120 0.319990
v 0.657256 0.184019 0.312689
v 0.658742 0.181908 0.314823
v 0.656000 0.179110 0.318941
v 0.657882 0.179260 0.317903
v 0.662108 0.179310 0.315051
v 0.653159 0.178312 0.319465
v 0.654394 0.178811 0.319513
v 0.656880 0.176208 0.320204
v 0.653364 0.183721 0.315157
v 0.654819 0.181654 0.317246
v 0.654466 0.172787 0.321343
v 0.655779 0.172962 0.321501
v 0.629454 0.186576 0.324532
v 0.635140 0.184019 0.328093
v 0.633446 0.185592 0.325661
v 0.633626 0.186488 0.321604
v 0.637832 0.179310 0.331959
v 0.636626 0.181908 0.330226
v 0.638804 0.183721 0.325298
v 0.637136 0.183945 0.326643
v 0.632981 0.184019 0.329597
v 0.640507 0.182527 0.323140
v 0.639982 0.183273 0.324113
v 0.637146 0.185261 0.322917
v 0.641440 0.179110 0.329082
v 0.640259 0.181654 0.327387
v 0.637349 0.184816 0.318606
v 0.636639 0.185696 0.319313
v 0.659415 0.184019 0.311186
v 0.655563 0.185592 0.310257
v 0.655204 0.183945 0.314058
v 0.651695 0.186488 0.309020
v 0.655888 0.186576 0.306121
v 0.647592 0.184816 0.311473
v 0.648501 0.185696 0.311052
v 0.651706 0.185261 0.312776
v 0.650750 0.182527 0.316007
v 0.651844 0.183273 0.315852
v 0.637135 0.166477 0.335560
v 0.639293 0.166477 0.334057
v 0.637832 0.160304 0.331959
v 0.638730 0.163268 0.333248
v 0.642870 0.166546 0.331136
v 0.641267 0.166494 0.332575
v 0.639293 0.173137 0.334057
v 0.639491 0.169807 0.334340
v 0.635140 0.155594 0.328093
v 0.636626 0.157705 0.330226
v 0.641440 0.160503 0.329082
v 0.639813 0.160354 0.330487
v 0.635673 0.160304 0.333462
v 0.642916 0.161301 0.326599
v 0.642532 0.160803 0.327774
v 0.642320 0.163406 0.330346
v 0.638804 0.155893 0.325298
v 0.640259 0.157959 0.327387
v 0.642870 0.173067 0.331136
v 0.643063 0.169807 0.331414
v 0.644224 0.166826 0.328476
v 0.643917 0.166651 0.329762
v 0.648553 0.155594 0.295590
v 0.646394 0.155594 0.297094
v 0.649922 0.153037 0.302159
v 0.648089 0.154021 0.299526
v 0.642730 0.155893 0.299889
v 0.644399 0.155669 0.298544
v 0.643703 0.160304 0.293229
v 0.644909 0.157705 0.294961
v 0.653729 0.153037 0.307625
v 0.651826 0.152693 0.304892
v 0.646184 0.153389 0.304848
v 0.647908 0.153125 0.303583
v 0.652081 0.153037 0.300655
v 0.644185 0.154798 0.306581
v 0.644895 0.153918 0.305873
v 0.644389 0.154353 0.302270
v 0.649911 0.153389 0.310198
v 0.648048 0.153052 0.307523
v 0.640095 0.160503 0.296105
v 0.641276 0.157959 0.297801
v 0.641028 0.157086 0.302047
v 0.641552 0.156340 0.301074
v 0.644400 0.166477 0.289627
v 0.642241 0.166477 0.291131
v 0.642804 0.163268 0.291939
v 0.638665 0.166546 0.294051
v 0.640268 0.166494 0.292613
v 0.642241 0.173137 0.291131
v 0.642044 0.169807 0.290848
v 0.641721 0.160354 0.294700
v 0.645862 0.160304 0.291726
v 0.638618 0.161301 0.298588
v 0.639002 0.160803 0.297412
v 0.639215 0.163406 0.294842
v 0.638665 0.173067 0.294051
v 0.638472 0.169807 0.293774
v 0.637311 0.166826 0.296710
v 0.637617 0.166651 0.295424
v 0.632981 0.155594 0.329597
v 0.631612 0.153037 0.323028
v 0.633446 0.154021 0.325661
v 0.637136 0.155669 0.326643
v 0.627806 0.153037 0.317563
v 0.629709 0.152693 0.320296
v 0.635350 0.153389 0.320339
v 0.633626 0.153125 0.321604
v 0.629454 0.153037 0.324532
v 0.637349 0.154798 0.318606
v 0.636639 0.153918 0.319313
v 0.637146 0.154353 0.322917
v 0.631624 0.153389 0.314989
v 0.633487 0.153052 0.317664
v 0.640507 0.157086 0.323140
v 0.639982 0.156340 0.324113
v 0.645862 0.179310 0.291726
v 0.642804 0.176345 0.291939
v 0.641721 0.179260 0.294700
v 0.640268 0.173120 0.292613
v 0.644400 0.173137 0.289627
v 0.637311 0.172787 0.296710
v 0.637617 0.172962 0.295424
v 0.639215 0.176208 0.294842
v 0.638618 0.178312 0.298588
v 0.639002 0.178811 0.297412
v 0.655888 0.153037 0.306121
v 0.655563 0.154021 0.310257
v 0.651695 0.153125 0.309020
v 0.655204 0.155669 0.314058
v 0.659415 0.155594 0.311186
v 0.650750 0.157086 0.316007
v 0.651844 0.156340 0.315852
v 0.651706 0.154353 0.312776
v 0.647592 0.154798 0.311473
v 0.648501 0.153918 0.311052
v 0.635673 0.179310 0.333462
v 0.638730 0.176345 0.333248
v 0.639813 0.179260 0.330487
v 0.641267 0.173120 0.332575
v 0.637135 0.173137 0.335560
v 0.644224 0.172787 0.328476
v 0.643917 0.172962 0.329762
v 0.642320 0.176208 0.330346
v 0.642916 0.178312 0.326599
v 0.642532 0.178811 0.327774
v 0.625647 0.153037 0.319066
v 0.624278 0.155594 0.312498
v 0.625972 0.154021 0.314930
v 0.629840 0.153125 0.316167
v 0.621586 0.160304 0.308633
v 0.622793 0.157705 0.310365
v 0.628170 0.155893 0.310030
v 0.626330 0.155669 0.311129
v 0.622119 0.155594 0.314001
v 0.630785 0.157086 0.309181
v 0.629690 0.156340 0.309336
v 0.629829 0.154353 0.312411
v 0.625535 0.160503 0.306246
v 0.626716 0.157959 0.307942
v 0.633942 0.154798 0.313715
v 0.633033 0.153918 0.314135
v 0.619427 0.160304 0.310136
v 0.620687 0.163268 0.307342
v 0.623653 0.160354 0.307284
v 0.622199 0.166494 0.305197
v 0.617966 0.166477 0.308038
v 0.627068 0.166826 0.303844
v 0.625755 0.166651 0.303686
v 0.624655 0.163406 0.304983
v 0.628376 0.161301 0.305722
v 0.627140 0.160803 0.305674
v 0.638990 0.183935 0.320963
v 0.638222 0.182703 0.317487
v 0.637778 0.183760 0.318053
v 0.635646 0.185124 0.316161
v 0.641836 0.180638 0.325048
v 0.640935 0.180737 0.321383
v 0.640713 0.181632 0.322267
v 0.642770 0.179544 0.319132
v 0.641509 0.179991 0.320376
v 0.639632 0.181947 0.319512
v 0.643005 0.177115 0.324355
v 0.642078 0.179114 0.323023
v 0.635295 0.182703 0.313284
v 0.636758 0.182969 0.315386
v 0.640353 0.181295 0.315662
v 0.638981 0.181823 0.316746
v 0.638990 0.155678 0.320963
v 0.640935 0.158876 0.321383
v 0.640713 0.157981 0.322267
v 0.641836 0.158976 0.325048
v 0.635646 0.154489 0.316161
v 0.638222 0.156910 0.317487
v 0.637778 0.155854 0.318053
v 0.640353 0.158318 0.315662
v 0.638981 0.157790 0.316746
v 0.639632 0.157667 0.319512
v 0.635295 0.156910 0.313284
v 0.636758 0.156645 0.315386
v 0.643005 0.162498 0.324355
v 0.642078 0.160500 0.323023
v 0.642770 0.160070 0.319132
v 0.641509 0.159622 0.320376
v 0.632301 0.183935 0.311358
v 0.632582 0.180737 0.309389
v 0.631675 0.181632 0.309291
v 0.629456 0.180638 0.307273
v 0.634610 0.183760 0.313505
v 0.637745 0.181295 0.311918
v 0.636254 0.181823 0.312829
v 0.633884 0.181947 0.311259
v 0.630512 0.177115 0.306417
v 0.631439 0.179114 0.307749
v 0.635328 0.179544 0.308448
v 0.633726 0.179991 0.309200
v 0.627571 0.175659 0.304567
v 0.629388 0.172368 0.304803
v 0.628219 0.172578 0.304329
v 0.626891 0.169807 0.303591
v 0.629435 0.177714 0.306075
v 0.633484 0.176317 0.305800
v 0.631797 0.176616 0.306430
v 0.629820 0.174835 0.305424
v 0.629388 0.167246 0.304803
v 0.629236 0.169807 0.304585
v 0.632483 0.172088 0.304363
v 0.630750 0.172193 0.304927
v 0.653964 0.163955 0.320620
v 0.651023 0.162498 0.318771
v 0.652099 0.161900 0.319113
v 0.652079 0.158976 0.317914
v 0.654643 0.169807 0.321597
v 0.652147 0.167246 0.320384
v 0.653315 0.167036 0.320858
v 0.649052 0.167525 0.320825
v 0.650785 0.167420 0.320260
v 0.651715 0.164778 0.319764
v 0.652147 0.172368 0.320384
v 0.652299 0.169807 0.320602
v 0.648953 0.158876 0.315799
v 0.650096 0.160500 0.317439
v 0.648050 0.163297 0.319387
v 0.649738 0.162997 0.318757
v 0.627571 0.163955 0.304567
v 0.630512 0.162498 0.306417
v 0.629435 0.161900 0.306075
v 0.629456 0.158976 0.307273
v 0.628219 0.167036 0.304329
v 0.632483 0.167525 0.304363
v 0.630750 0.167420 0.304927
v 0.629820 0.164778 0.305424
v 0.632582 0.158876 0.309389
v 0.631439 0.160500 0.307749
v 0.633484 0.163297 0.305800
v 0.631797 0.162997 0.306430
v 0.653964 0.175659 0.320620
v 0.653315 0.172578 0.320858
v 0.652079 0.180638 0.317914
v 0.651023 0.177115 0.318771
v 0.652099 0.177714 0.319113
v 0.648050 0.176317 0.319387
v 0.649738 0.176616 0.318757
v 0.651715 0.174835 0.319764
v 0.648953 0.180737 0.315799
v 0.650096 0.179114 0.317439
v 0.649052 0.172088 0.320825
v 0.650785 0.172193 0.320260
v 0.632301 0.155678 0.311358
v 0.634610 0.155854 0.313505
v 0.631675 0.157981 0.309291
v 0.635328 0.160070 0.308448
v 0.633726 0.159622 0.309200
v 0.633884 0.157667 0.311259
v 0.637745 0.158318 0.311918
v 0.636254 0.157790 0.312829
v 0.649233 0.183935 0.313829
v 0.649860 0.181632 0.315897
v 0.645889 0.185124 0.309027
v 0.646240 0.182703 0.311903
v 0.646925 0.183760 0.311683
v 0.643789 0.181295 0.313269
v 0.645281 0.181823 0.312358
v 0.647650 0.181947 0.313927
v 0.643313 0.182703 0.307700
v 0.644776 0.182969 0.309801
v 0.646206 0.179544 0.316739
v 0.647809 0.179991 0.315988
v 0.649233 0.155678 0.313829
v 0.646240 0.156910 0.311903
v 0.646925 0.155854 0.311683
v 0.645889 0.154489 0.309027
v 0.649860 0.157981 0.315897
v 0.646206 0.160070 0.316739
v 0.647809 0.159622 0.315988
v 0.647650 0.157667 0.313927
v 0.643313 0.156910 0.307700
v 0.644776 0.156645 0.309801
v 0.643789 0.158318 0.313269
v 0.645281 0.157790 0.312358
v 0.642544 0.183935 0.304224
v 0.643757 0.183760 0.307135
v 0.639698 0.180638 0.300139
v 0.640599 0.180737 0.303804
v 0.640822 0.181632 0.302920
v 0.638765 0.179544 0.306055
v 0.640025 0.179991 0.304812
v 0.641902 0.181947 0.305675
v 0.638529 0.177115 0.300832
v 0.639457 0.179114 0.302164
v 0.641181 0.181295 0.309525
v 0.642553 0.181823 0.308442
v 0.637814 0.175659 0.297433
v 0.638582 0.177714 0.299705
v 0.637134 0.169807 0.296457
v 0.637406 0.172368 0.299219
v 0.637366 0.172578 0.297959
v 0.635920 0.172088 0.301970
v 0.637049 0.172193 0.300539
v 0.637838 0.174835 0.299840
v 0.637406 0.167246 0.299219
v 0.637254 0.169807 0.299001
v 0.636921 0.176317 0.303407
v 0.638097 0.176616 0.302043
v 0.637814 0.163955 0.297433
v 0.637366 0.167036 0.297959
v 0.639698 0.158976 0.300139
v 0.638529 0.162498 0.300832
v 0.638582 0.161900 0.299705
v 0.636921 0.163297 0.303407
v 0.638097 0.162997 0.302043
v 0.637838 0.164778 0.299840
v 0.640599 0.158876 0.303804
v 0.639457 0.160500 0.302164
v 0.635920 0.167525 0.301970
v 0.637049 0.167420 0.300539
v 0.642544 0.155678 0.304224
v 0.640822 0.157981 0.302920
v 0.643757 0.155854 0.307135
v 0.641181 0.158318 0.309525
v 0.642553 0.157790 0.308442
v 0.641902 0.157667 0.305675
v 0.638765 0.160070 0.306055
v 0.640025 0.159622 0.304812
v 0.643721 0.163955 0.327754
v 0.644129 0.167246 0.325968
v 0.644168 0.167036 0.327229
v 0.644401 0.169807 0.328731
v 0.642953 0.161900 0.325483
v 0.644614 0.163297 0.321780
v 0.643438 0.162997 0.323145
v 0.643697 0.164778 0.325348
v 0.644129 0.172368 0.325968
v 0.644281 0.169807 0.326187
v 0.645615 0.167525 0.323218
v 0.644485 0.167420 0.324648
v 0.643721 0.175659 0.327754
v 0.642953 0.177714 0.325483
v 0.644168 0.172578 0.327229
v 0.645615 0.172088 0.323218
v 0.644485 0.172193 0.324648
v 0.643697 0.174835 0.325348
v 0.644614 0.176317 0.321780
v 0.643438 0.176616 0.323145
v 0.642485 0.158082 0.311397
v 0.639483 0.158494 0.310750
v 0.639925 0.158993 0.307721
v 0.636489 0.158993 0.310115
v 0.639049 0.158082 0.313790
v 0.634311 0.161516 0.306987
v 0.637104 0.160219 0.307333
v 0.637747 0.161516 0.304594
v 0.635288 0.163396 0.304726
v 0.636305 0.165327 0.302523
v 0.632869 0.165327 0.304916
v 0.632348 0.169807 0.304169
v 0.634302 0.167560 0.303311
v 0.635784 0.169807 0.301776
v 0.634302 0.172053 0.303311
v 0.636305 0.174286 0.302523
v 0.632869 0.174286 0.304916
v 0.634311 0.178097 0.306987
v 0.635288 0.176217 0.304726
v 0.637747 0.178097 0.304594
v 0.637104 0.179394 0.307333
v 0.639925 0.180621 0.307721
v 0.636489 0.180621 0.310115
v 0.639049 0.181531 0.313790
v 0.639483 0.181119 0.310750
v 0.642485 0.181531 0.311397
v 0.642051 0.181119 0.314437
v 0.645046 0.180621 0.315073
v 0.641610 0.180621 0.317467
v 0.643787 0.178097 0.320593
v 0.644431 0.179394 0.317854
v 0.647224 0.178097 0.318200
v 0.646247 0.176217 0.320461
v 0.648666 0.174286 0.320270
v 0.645229 0.174286 0.322664
v 0.645750 0.169807 0.323412
v 0.647232 0.172053 0.321876
v 0.649187 0.169807 0.321019
v 0.647232 0.167560 0.321876
v 0.648666 0.165327 0.320270
v 0.645229 0.165327 0.322664
v 0.643787 0.161516 0.320593
v 0.646247 0.163396 0.320461
v 0.647224 0.161516 0.318200
v 0.644431 0.160219 0.317854
v 0.645046 0.158993 0.315073
v 0.641610 0.158993 0.317467
v 0.642051 0.158494 0.314437
v 0.668822 0.088062 0.323918
v 0.675344 0.088062 0.319375
v 0.672268 0.088062 0.321912
v 0.668822 0.094891 0.323918
v 0.668822 0.091477 0.323918
v 0.661205 0.088062 0.326226
v 0.665102 0.088062 0.325366
v 0.668822 0.082787 0.323918
v 0.668822 0.085036 0.323918
v 0.668822 0.100166 0.323918
v 0.668822 0.097917 0.323918
v 0.661205 0.094891 0.326226
v 0.665102 0.094891 0.325366
v 0.675344 0.094891 0.319375
v 0.672268 0.094891 0.321912
v 0.653257 0.094891 0.326067
v 0.657225 0.094891 0.326470
v 0.661205 0.091477 0.326226
v 0.661205 0.100166 0.326226
v 0.661205 0.097917 0.326226
v 0.661205 0.082787 0.326226
v 0.661205 0.085036 0.326226
v 0.653257 0.088062 0.326067
v 0.657225 0.088062 0.326470
v 0.653257 0.091477 0.326067
v 0.645738 0.088062 0.323457
v 0.649397 0.088062 0.325052
v 0.653257 0.082787 0.326067
v 0.653257 0.085036 0.326067
v 0.653257 0.100166 0.326067
v 0.653257 0.097917 0.326067
v 0.645738 0.094891 0.323457
v 0.649397 0.094891 0.325052
v 0.639402 0.094891 0.318658
v 0.642376 0.094891 0.321316
v 0.645738 0.091477 0.323457
v 0.645738 0.100166 0.323457
v 0.645738 0.097917 0.323457
v 0.645738 0.082787 0.323457
v 0.645738 0.085036 0.323457
v 0.639402 0.088062 0.318658
v 0.642376 0.088062 0.321316
v 0.639402 0.091477 0.318658
v 0.634853 0.088062 0.312127
v 0.636876 0.088062 0.315568
v 0.639402 0.082787 0.318658
v 0.639402 0.085036 0.318658
v 0.639402 0.100166 0.318658
v 0.639402 0.097917 0.318658
v 0.634853 0.094891 0.312127
v 0.636876 0.094891 0.315568
v 0.632548 0.094891 0.304519
v 0.633392 0.094891 0.308417
v 0.634853 0.091477 0.312127
v 0.634853 0.100166 0.312127
v 0.634853 0.097917 0.312127
v 0.634853 0.082787 0.312127
v 0.634853 0.085036 0.312127
v 0.632548 0.088062 0.304519
v 0.633392 0.088062 0.308417
v 0.632548 0.091477 0.304519
v 0.632707 0.088062 0.296562
v 0.632320 0.088062 0.300534
v 0.632548 0.082788 0.304519
v 0.632548 0.085036 0.304519
v 0.632548 0.100166 0.304519
v 0.632548 0.097917 0.304519
v 0.632707 0.094891 0.296562
v 0.632320 0.094891 0.300534
v 0.635314 0.094891 0.289052
v 0.633705 0.094891 0.292701
v 0.632707 0.091477 0.296562
v 0.632707 0.100166 0.296562
v 0.632707 0.097917 0.296562
v 0.632707 0.082788 0.296562
v 0.632707 0.085036 0.296562
v 0.635314 0.088062 0.289052
v 0.633705 0.088062 0.292701
v 0.635314 0.091477 0.289052
v 0.640119 0.088062 0.282708
v 0.637472 0.088062 0.285695
v 0.635314 0.082788 0.289052
v 0.635314 0.085036 0.289052
v 0.635314 0.100166 0.289052
v 0.635314 0.097917 0.289052
v 0.640119 0.094891 0.282708
v 0.637472 0.094891 0.285695
v 0.646642 0.094891 0.278165
v 0.643196 0.094891 0.280171
v 0.640119 0.091477 0.282708
v 0.640119 0.100166 0.282708
v 0.640119 0.097917 0.282708
v 0.640119 0.082788 0.282708
v 0.640119 0.085036 0.282708
v 0.646642 0.088062 0.278165
v 0.643196 0.088062 0.280171
v 0.646642 0.091477 0.278165
v 0.654260 0.088062 0.275857
v 0.650362 0.088062 0.276717
v 0.646642 0.082788 0.278165
v 0.646642 0.085036 0.278165
v 0.646642 0.100166 0.278165
v 0.646642 0.097917 0.278165
v 0.654260 0.094891 0.275857
v 0.650362 0.094891 0.276717
v 0.662207 0.094891 0.276015
v 0.658240 0.094891 0.275613
v 0.654260 0.091477 0.275857
v 0.654260 0.100166 0.275857
v 0.654260 0.097917 0.275857
v 0.654260 0.082788 0.275857
v 0.654260 0.085036 0.275857
v 0.662207 0.088062 0.276015
v 0.658240 0.088062 0.275613
v 0.662207 0.091477 0.276015
v 0.669726 0.088062 0.278625
v 0.666067 0.088062 0.277030
v 0.662207 0.082788 0.276015
v 0.662207 0.085036 0.276015
v 0.662207 0.100166 0.276015
v 0.662207 0.097917 0.276015
v 0.669726 0.094891 0.278625
v 0.666067 0.094891 0.277030
v 0.676063 0.094891 0.283425
v 0.673089 0.094891 0.280768
v 0.669726 0.091477 0.278625
v 0.669726 0.100166 0.278625
v 0.669726 0.097917 0.278625
v 0.669726 0.082788 0.278625
v 0.669726 0.085036 0.278625
v 0.676063 0.088062 0.283425
v 0.673089 0.088062 0.280768
v 0.676063 0.091477 0.283425
v 0.680611 0.088062 0.289956
v 0.678589 0.088062 0.286515
v 0.676063 0.082787 0.283425
v 0.676063 0.085036 0.283425
v 0.676063 0.100166 0.283425
v 0.676063 0.097917 0.283425
v 0.680611 0.094891 0.289956
v 0.678589 0.094891 0.286515
v 0.682916 0.094891 0.297564
v 0.682073 0.094891 0.293667
v 0.680611 0.091477 0.289956
v 0.680611 0.100166 0.289956
v 0.680611 0.097917 0.289956
v 0.680611 0.082787 0.289956
v 0.680611 0.085036 0.289956
v 0.682916 0.088062 0.297564
v 0.682073 0.088062 0.293667
v 0.682916 0.091477 0.297564
v 0.682757 0.088062 0.305521
v 0.683144 0.088062 0.301548
v 0.682916 0.082787 0.297564
v 0.682916 0.085036 0.297564
v 0.682916 0.100166 0.297564
v 0.682916 0.097917 0.297564
v 0.682757 0.094891 0.305521
v 0.683144 0.094891 0.301548
v 0.680150 0.094891 0.313031
v 0.681759 0.094891 0.309382
v 0.682757 0.091477 0.305521
v 0.682757 0.100166 0.305521
v 0.682757 0.097917 0.305521
v 0.682757 0.082787 0.305521
v 0.682757 0.085036 0.305521
v 0.680150 0.088062 0.313031
v 0.681759 0.088062 0.309382
v 0.680150 0.091477 0.313031
v 0.677992 0.088062 0.316388
v 0.680150 0.082787 0.313031
v 0.680150 0.085036 0.313031
v 0.680150 0.100166 0.313031
v 0.680150 0.097917 0.313031
v 0.677992 0.094891 0.316388
v 0.675344 0.091477 0.319375
v 0.675344 0.100166 0.319375
v 0.675344 0.097917 0.319375
v 0.675344 0.082787 0.319375
v 0.675344 0.085036 0.319375
v 0.665102 0.100166 0.325366
v 0.661081 0.102837 0.325329
v 0.661174 0.101763 0.326002
v 0.657225 0.100166 0.326470
v 0.672268 0.100166 0.321912
v 0.668427 0.102837 0.323103
v 0.668723 0.101763 0.323714
v 0.666847 0.103918 0.319844
v 0.667834 0.103513 0.321881
v 0.664840 0.102837 0.324500
v 0.674717 0.102837 0.318722
v 0.671750 0.102837 0.321168
v 0.653416 0.102837 0.325176
v 0.657243 0.102837 0.325564
v 0.660586 0.103918 0.321741
v 0.660895 0.103513 0.323984
v 0.632320 0.082788 0.300534
v 0.633445 0.080117 0.304395
v 0.632772 0.081190 0.304488
v 0.633392 0.082787 0.308417
v 0.633705 0.082788 0.292701
v 0.633598 0.080117 0.296721
v 0.632930 0.081190 0.296602
v 0.637164 0.079035 0.297359
v 0.634935 0.079440 0.296961
v 0.633226 0.080117 0.300552
v 0.636112 0.080117 0.289479
v 0.634561 0.080117 0.292998
v 0.635668 0.080117 0.311732
v 0.634259 0.080117 0.308154
v 0.637033 0.079035 0.303900
v 0.634790 0.079440 0.304210
v 0.649397 0.100166 0.325052
v 0.646166 0.102837 0.322660
v 0.645845 0.101763 0.323258
v 0.642376 0.100166 0.321316
v 0.653297 0.101763 0.325845
v 0.654054 0.103918 0.321610
v 0.653656 0.103513 0.323840
v 0.649694 0.102837 0.324198
v 0.640054 0.102837 0.318030
v 0.642922 0.102837 0.320593
v 0.647874 0.103918 0.319465
v 0.646806 0.103513 0.321462
v 0.677992 0.082787 0.316388
v 0.679352 0.080117 0.312604
v 0.679951 0.081190 0.312924
v 0.681759 0.082787 0.309382
v 0.672268 0.082787 0.321912
v 0.674717 0.080117 0.318722
v 0.675188 0.081190 0.319212
v 0.672208 0.079035 0.316110
v 0.673776 0.079440 0.317742
v 0.677271 0.080117 0.315842
v 0.668427 0.080117 0.323103
v 0.671750 0.080117 0.321168
v 0.681866 0.080117 0.305361
v 0.680903 0.080117 0.309085
v 0.676158 0.079035 0.310896
v 0.678154 0.079440 0.311963
v 0.637472 0.082788 0.285695
v 0.635513 0.081190 0.289159
v 0.643196 0.082788 0.280171
v 0.640747 0.080117 0.283361
v 0.640276 0.081190 0.282871
v 0.643256 0.079035 0.285973
v 0.641688 0.079440 0.284340
v 0.638193 0.080117 0.286241
v 0.647037 0.080117 0.278979
v 0.643714 0.080117 0.280915
v 0.639306 0.079035 0.291187
v 0.637310 0.079440 0.290120
v 0.636876 0.100166 0.315568
v 0.635668 0.102837 0.311732
v 0.635057 0.101763 0.312028
v 0.633392 0.100166 0.308417
v 0.639565 0.101763 0.318501
v 0.642666 0.103918 0.315520
v 0.641034 0.103513 0.317089
v 0.637618 0.102837 0.315050
v 0.633445 0.102837 0.304395
v 0.634259 0.102837 0.308154
v 0.638928 0.103918 0.310153
v 0.636890 0.103513 0.311140
v 0.650362 0.082788 0.276717
v 0.646741 0.081190 0.278368
v 0.658240 0.082788 0.275613
v 0.654383 0.080117 0.276754
v 0.654290 0.081190 0.276081
v 0.654878 0.079035 0.280342
v 0.654569 0.079440 0.278099
v 0.650624 0.080117 0.277583
v 0.662048 0.080117 0.276907
v 0.658222 0.080117 0.276519
v 0.648617 0.079035 0.282239
v 0.647630 0.079440 0.280202
v 0.632320 0.100166 0.300534
v 0.633598 0.102837 0.296721
v 0.632930 0.101763 0.296602
v 0.633705 0.100166 0.292701
v 0.632772 0.101763 0.304488
v 0.637033 0.103918 0.303900
v 0.634790 0.103513 0.304210
v 0.633226 0.102837 0.300552
v 0.636112 0.102837 0.289479
v 0.634561 0.102837 0.292998
v 0.637164 0.103918 0.297359
v 0.634935 0.103513 0.296961
v 0.666067 0.082788 0.277030
v 0.662167 0.081190 0.276238
v 0.673089 0.082787 0.280768
v 0.669299 0.080117 0.279424
v 0.669619 0.081190 0.278825
v 0.667590 0.079035 0.282618
v 0.668658 0.079440 0.280622
v 0.665770 0.080117 0.277886
v 0.675410 0.080117 0.284053
v 0.672542 0.080117 0.281490
v 0.661410 0.079035 0.280472
v 0.661809 0.079440 0.278244
v 0.637472 0.100166 0.285695
v 0.640747 0.102837 0.283361
v 0.640276 0.101763 0.282871
v 0.643196 0.100166 0.280171
v 0.635513 0.101763 0.289159
v 0.639306 0.103918 0.291187
v 0.637310 0.103513 0.290120
v 0.638193 0.102837 0.286241
v 0.647037 0.102837 0.278979
v 0.643714 0.102837 0.280915
v 0.643256 0.103918 0.285973
v 0.641688 0.103513 0.284340
v 0.677992 0.100166 0.316388
v 0.675188 0.101763 0.319212
v 0.681759 0.100166 0.309382
v 0.679352 0.102837 0.312604
v 0.679951 0.101763 0.312924
v 0.676158 0.103918 0.310896
v 0.678154 0.103513 0.311963
v 0.677271 0.102837 0.315842
v 0.681866 0.102837 0.305361
v 0.680903 0.102837 0.309085
v 0.672208 0.103918 0.316110
v 0.673776 0.103513 0.317742
v 0.678589 0.082787 0.286515
v 0.675899 0.081190 0.283582
v 0.682073 0.082787 0.293667
v 0.679796 0.080117 0.290351
v 0.680408 0.081190 0.290055
v 0.676537 0.079035 0.291930
v 0.678574 0.079440 0.290943
v 0.677846 0.080117 0.287033
v 0.682020 0.080117 0.297688
v 0.681206 0.080117 0.293929
v 0.672798 0.079035 0.286563
v 0.674430 0.079440 0.284994
v 0.650362 0.100166 0.276717
v 0.654383 0.102837 0.276754
v 0.654290 0.101763 0.276081
v 0.658240 0.100166 0.275613
v 0.646741 0.101763 0.278368
v 0.648617 0.103918 0.282239
v 0.647630 0.103513 0.280202
v 0.650624 0.102837 0.277583
v 0.662048 0.102837 0.276907
v 0.658222 0.102837 0.276519
v 0.654878 0.103918 0.280342
v 0.654569 0.103513 0.278099
v 0.683144 0.082787 0.301548
v 0.682692 0.081190 0.297595
v 0.682535 0.081190 0.305481
v 0.678300 0.079035 0.304723
v 0.680529 0.079440 0.305123
v 0.682239 0.080117 0.301531
v 0.678431 0.079035 0.298183
v 0.680674 0.079440 0.297874
v 0.666067 0.100166 0.277030
v 0.669299 0.102837 0.279424
v 0.669619 0.101763 0.278825
v 0.673089 0.100166 0.280768
v 0.662167 0.101763 0.276238
v 0.661410 0.103918 0.280472
v 0.661809 0.103513 0.278244
v 0.665770 0.102837 0.277886
v 0.675410 0.102837 0.284053
v 0.672542 0.102837 0.281490
v 0.667590 0.103918 0.282618
v 0.668658 0.103513 0.280622
v 0.678589 0.100166 0.286515
v 0.679796 0.102837 0.290351
v 0.680408 0.101763 0.290055
v 0.682073 0.100166 0.293667
v 0.675899 0.101763 0.283582
v 0.672798 0.103918 0.286563
v 0.674430 0.103513 0.284994
v 0.677846 0.102837 0.287033
v 0.682020 0.102837 0.297688
v 0.681206 0.102837 0.293929
v 0.676537 0.103918 0.291930
v 0.678574 0.103513 0.290943
v 0.683144 0.100166 0.301548
v 0.682535 0.101763 0.305481
v 0.682692 0.101763 0.297595
v 0.678431 0.103918 0.298183
v 0.680674 0.103513 0.297874
v 0.682239 0.102837 0.301531
v 0.678300 0.103918 0.304723
v 0.680529 0.103513 0.305123
v 0.665102 0.082787 0.325366
v 0.668723 0.081190 0.323714
v 0.657225 0.082787 0.326470
v 0.661081 0.080117 0.325329
v 0.661174 0.081190 0.326002
v 0.660586 0.079035 0.321741
v 0.660895 0.079440 0.323984
v 0.664840 0.080117 0.324500
v 0.653416 0.080117 0.325176
v 0.657243 0.080117 0.325564
v 0.666847 0.079035 0.319844
v 0.667834 0.079440 0.321881
v 0.649397 0.082787 0.325052
v 0.653297 0.081190 0.325845
v 0.642376 0.082787 0.321316
v 0.646166 0.080117 0.322660
v 0.645845 0.081190 0.323258
v 0.647874 0.079035 0.319465
v 0.646806 0.079440 0.321462
v 0.649694 0.080117 0.324198
v 0.640054 0.080117 0.318030
v 0.642922 0.080117 0.320593
v 0.654054 0.079035 0.321610
v 0.653656 0.079440 0.323840
v 0.636876 0.082787 0.315568
v 0.639565 0.081190 0.318501
v 0.635057 0.081190 0.312028
v 0.638928 0.079035 0.310153
v 0.636890 0.079440 0.311140
v 0.637618 0.080117 0.315050
v 0.642666 0.079035 0.315520
v 0.641034 0.079440 0.317089
v 0.636846 0.103918 0.300625
v 0.642512 0.104189 0.298317
v 0.639838 0.104121 0.297838
v 0.637984 0.103918 0.294186
v 0.637726 0.103918 0.307103
v 0.642415 0.104189 0.303157
v 0.639724 0.104121 0.303528
v 0.646003 0.104189 0.302661
v 0.644658 0.104189 0.302847
v 0.642277 0.104189 0.300733
v 0.643817 0.104189 0.307784
v 0.642928 0.104189 0.305527
v 0.644097 0.104189 0.293750
v 0.643119 0.104189 0.295969
v 0.646077 0.104189 0.298955
v 0.644740 0.104189 0.298716
v 0.678618 0.103918 0.301458
v 0.672952 0.104189 0.303766
v 0.675626 0.104121 0.304244
v 0.677480 0.103918 0.307896
v 0.677738 0.103918 0.294980
v 0.673049 0.104189 0.298926
v 0.675740 0.104121 0.298555
v 0.669461 0.104189 0.299421
v 0.670807 0.104189 0.299237
v 0.673188 0.104189 0.301350
v 0.671648 0.104189 0.294300
v 0.672536 0.104189 0.296556
v 0.671367 0.104189 0.308334
v 0.672346 0.104189 0.306115
v 0.669387 0.104189 0.303128
v 0.670724 0.104189 0.303367
v 0.674384 0.103918 0.313655
v 0.668445 0.104189 0.312193
v 0.670326 0.104121 0.314151
v 0.669679 0.103918 0.318195
v 0.673763 0.104121 0.309615
v 0.668173 0.104189 0.306625
v 0.669371 0.104189 0.307266
v 0.670054 0.104189 0.310375
v 0.664477 0.104189 0.314956
v 0.666573 0.104189 0.313735
v 0.665935 0.104189 0.309580
v 0.666875 0.104189 0.310559
v 0.674874 0.103918 0.289102
v 0.674092 0.104121 0.293115
v 0.670354 0.103918 0.284378
v 0.668881 0.104189 0.290327
v 0.670839 0.104121 0.288445
v 0.666269 0.104189 0.292837
v 0.667248 0.104189 0.291896
v 0.670417 0.104189 0.292207
v 0.665027 0.104189 0.287408
v 0.667072 0.104189 0.288711
v 0.668388 0.104189 0.295879
v 0.669610 0.104189 0.295287
v 0.663789 0.103918 0.321034
v 0.659844 0.104189 0.316359
v 0.660216 0.104121 0.319051
v 0.657315 0.103918 0.321941
v 0.665662 0.104121 0.317400
v 0.662897 0.104189 0.311696
v 0.663489 0.104189 0.312918
v 0.662214 0.104189 0.315835
v 0.655010 0.104189 0.316262
v 0.657424 0.104189 0.316508
v 0.659349 0.104189 0.312771
v 0.659535 0.104189 0.314117
v 0.664583 0.103918 0.281307
v 0.666308 0.104121 0.285013
v 0.658149 0.103918 0.280142
v 0.660454 0.104189 0.285821
v 0.660932 0.104121 0.283146
v 0.659816 0.104189 0.289386
v 0.660055 0.104189 0.288049
v 0.662802 0.104189 0.286438
v 0.655620 0.104189 0.285724
v 0.658041 0.104189 0.285576
v 0.663318 0.104189 0.290602
v 0.663959 0.104189 0.289404
v 0.678618 0.079035 0.301458
v 0.673049 0.078764 0.298926
v 0.675740 0.078832 0.298555
v 0.677738 0.079035 0.294980
v 0.677480 0.079035 0.307896
v 0.672952 0.078764 0.303766
v 0.675626 0.078832 0.304244
v 0.669387 0.078764 0.303128
v 0.670724 0.078764 0.303367
v 0.673188 0.078764 0.301350
v 0.671367 0.078764 0.308334
v 0.672346 0.078764 0.306115
v 0.671648 0.078764 0.294300
v 0.672536 0.078764 0.296556
v 0.669461 0.078764 0.299421
v 0.670807 0.078764 0.299237
v 0.651675 0.103918 0.281049
v 0.655249 0.104121 0.283033
v 0.645785 0.103918 0.283888
v 0.650987 0.104189 0.287128
v 0.649802 0.104121 0.284683
v 0.652567 0.104189 0.290387
v 0.651975 0.104189 0.289165
v 0.653250 0.104189 0.286247
v 0.647020 0.104189 0.289891
v 0.648891 0.104189 0.288348
v 0.656115 0.104189 0.289312
v 0.655929 0.104189 0.287967
v 0.674874 0.079035 0.289102
v 0.668881 0.078764 0.290327
v 0.670839 0.078832 0.288445
v 0.670354 0.079035 0.284378
v 0.674092 0.078832 0.293115
v 0.668388 0.078764 0.295879
v 0.669610 0.078764 0.295287
v 0.670417 0.078764 0.292207
v 0.665027 0.078764 0.287408
v 0.667072 0.078764 0.288711
v 0.666269 0.078764 0.292837
v 0.667248 0.078764 0.291896
v 0.664583 0.079035 0.281307
v 0.660454 0.078764 0.285821
v 0.660932 0.078832 0.283146
v 0.658149 0.079035 0.280142
v 0.666308 0.078832 0.285013
v 0.663318 0.078764 0.290602
v 0.663959 0.078764 0.289404
v 0.662802 0.078764 0.286438
v 0.655620 0.078764 0.285724
v 0.658041 0.078764 0.285576
v 0.659816 0.078764 0.289386
v 0.660055 0.078764 0.288049
v 0.641080 0.103918 0.288428
v 0.645138 0.104121 0.287932
v 0.641702 0.104121 0.292469
v 0.647291 0.104189 0.295458
v 0.646093 0.104189 0.294817
v 0.645410 0.104189 0.291708
v 0.649530 0.104189 0.292503
v 0.648588 0.104189 0.291523
v 0.640590 0.103918 0.312981
v 0.641372 0.104121 0.308968
v 0.645110 0.103918 0.317705
v 0.646584 0.104189 0.311756
v 0.644625 0.104121 0.313638
v 0.649196 0.104189 0.309247
v 0.648216 0.104189 0.310187
v 0.645047 0.104189 0.309876
v 0.650438 0.104189 0.314675
v 0.648392 0.104189 0.313372
v 0.647077 0.104189 0.306204
v 0.645854 0.104189 0.306797
v 0.651675 0.079035 0.281049
v 0.650987 0.078764 0.287128
v 0.649802 0.078832 0.284683
v 0.645785 0.079035 0.283888
v 0.655249 0.078832 0.283033
v 0.656115 0.078764 0.289312
v 0.655929 0.078764 0.287967
v 0.653250 0.078764 0.286247
v 0.647020 0.078764 0.289891
v 0.648891 0.078764 0.288348
v 0.652567 0.078764 0.290387
v 0.651975 0.078764 0.289165
v 0.641080 0.079035 0.288428
v 0.644097 0.078764 0.293750
v 0.641702 0.078832 0.292469
v 0.637984 0.079035 0.294186
v 0.645138 0.078832 0.287932
v 0.649530 0.078764 0.292503
v 0.648588 0.078764 0.291523
v 0.645410 0.078764 0.291708
v 0.642512 0.078764 0.298317
v 0.643119 0.078764 0.295969
v 0.647291 0.078764 0.295458
v 0.646093 0.078764 0.294817
v 0.674384 0.079035 0.313655
v 0.673763 0.078832 0.309615
v 0.669679 0.079035 0.318195
v 0.668445 0.078764 0.312193
v 0.670326 0.078832 0.314151
v 0.665935 0.078764 0.309580
v 0.666875 0.078764 0.310559
v 0.670054 0.078764 0.310375
v 0.664477 0.078764 0.314956
v 0.666573 0.078764 0.313735
v 0.668173 0.078764 0.306625
v 0.669371 0.078764 0.307266
v 0.636846 0.079035 0.300625
v 0.642415 0.078764 0.303157
v 0.639724 0.078832 0.303528
v 0.637726 0.079035 0.307103
v 0.639838 0.078832 0.297838
v 0.646077 0.078764 0.298955
v 0.644740 0.078764 0.298716
v 0.642277 0.078764 0.300733
v 0.643817 0.078764 0.307784
v 0.642928 0.078764 0.305527
v 0.646003 0.078764 0.302661
v 0.644658 0.078764 0.302847
v 0.640590 0.079035 0.312981
v 0.646584 0.078764 0.311756
v 0.644625 0.078832 0.313638
v 0.645110 0.079035 0.317705
v 0.641372 0.078832 0.308968
v 0.647077 0.078764 0.306204
v 0.645854 0.078764 0.306797
v 0.645047 0.078764 0.309876
v 0.650438 0.078764 0.314675
v 0.648392 0.078764 0.313372
v 0.649196 0.078764 0.309247
v 0.648216 0.078764 0.310187
v 0.650881 0.103918 0.320776
v 0.649156 0.104121 0.317070
v 0.654532 0.104121 0.318936
v 0.655648 0.104189 0.312697
v 0.655409 0.104189 0.314034
v 0.652663 0.104189 0.315645
v 0.652146 0.104189 0.311481
v 0.651506 0.104189 0.312680
v 0.650881 0.079035 0.320776
v 0.655010 0.078764 0.316262
v 0.654532 0.078832 0.318936
v 0.657315 0.079035 0.321941
v 0.649156 0.078832 0.317070
v 0.652146 0.078764 0.311481
v 0.651506 0.078764 0.312680
v 0.652663 0.078764 0.315645
v 0.659844 0.078764 0.316359
v 0.657424 0.078764 0.316508
v 0.655648 0.078764 0.312697
v 0.655409 0.078764 0.314034
v 0.663789 0.079035 0.321034
v 0.665662 0.078832 0.317400
v 0.660216 0.078832 0.319051
v 0.659349 0.078764 0.312771
v 0.659535 0.078764 0.314117
v 0.662214 0.078764 0.315835
v 0.662897 0.078764 0.311696
v 0.663489 0.078764 0.312918
v 0.648019 0.078764 0.307807
v 0.649988 0.079271 0.308484
v 0.649720 0.078891 0.308741
v 0.650580 0.078764 0.310483
v 0.646396 0.078764 0.304476
v 0.648066 0.079271 0.305725
v 0.647732 0.078891 0.305887
v 0.648764 0.081300 0.305387
v 0.648328 0.080032 0.305598
v 0.648920 0.079271 0.307179
v 0.647092 0.079271 0.302511
v 0.647449 0.079271 0.304157
v 0.652665 0.079271 0.310512
v 0.651244 0.079271 0.309606
v 0.650547 0.081300 0.307947
v 0.650197 0.080032 0.308282
v 0.669567 0.104189 0.301278
v 0.668306 0.103682 0.302935
v 0.668671 0.104062 0.303000
v 0.668922 0.104189 0.304926
v 0.669068 0.104189 0.297607
v 0.668372 0.103682 0.299572
v 0.668741 0.104062 0.299522
v 0.667605 0.101653 0.299679
v 0.668084 0.102921 0.299612
v 0.668468 0.103682 0.301255
v 0.667398 0.103682 0.296358
v 0.668015 0.103682 0.297925
v 0.667204 0.103682 0.306107
v 0.667884 0.103682 0.304566
v 0.667542 0.101653 0.302797
v 0.668019 0.102921 0.302883
v 0.669567 0.078764 0.301278
v 0.668372 0.079271 0.299572
v 0.668741 0.078891 0.299522
v 0.669068 0.078764 0.297607
v 0.668922 0.078764 0.304926
v 0.668306 0.079271 0.302935
v 0.668671 0.078891 0.303000
v 0.667542 0.081300 0.302797
v 0.668019 0.080032 0.302883
v 0.668468 0.079271 0.301255
v 0.667204 0.079271 0.306107
v 0.667884 0.079271 0.304566
v 0.667398 0.079271 0.296358
v 0.668015 0.079271 0.297925
v 0.667605 0.081300 0.299679
v 0.668084 0.080032 0.299612
v 0.645897 0.078764 0.300805
v 0.646724 0.078891 0.302562
v 0.646542 0.078764 0.297157
v 0.647159 0.079271 0.299149
v 0.646793 0.078891 0.299083
v 0.647922 0.081300 0.299285
v 0.647445 0.080032 0.299200
v 0.646996 0.079271 0.300827
v 0.648261 0.079271 0.295976
v 0.647581 0.079271 0.297518
v 0.647860 0.081300 0.302405
v 0.647380 0.080032 0.302471
v 0.648296 0.078764 0.293894
v 0.647933 0.078891 0.295801
v 0.650963 0.078764 0.291322
v 0.650291 0.079271 0.293296
v 0.650033 0.078891 0.293028
v 0.650828 0.081300 0.293855
v 0.650492 0.080032 0.293506
v 0.649172 0.079271 0.294558
v 0.653047 0.079271 0.291377
v 0.651591 0.079271 0.292224
v 0.648944 0.081300 0.296342
v 0.648517 0.080032 0.296113
v 0.661165 0.104189 0.312370
v 0.659200 0.103682 0.311682
v 0.659250 0.104062 0.312050
v 0.657496 0.104189 0.312884
v 0.664501 0.104189 0.310761
v 0.662417 0.103682 0.310706
v 0.662579 0.104062 0.311041
v 0.662079 0.101653 0.310009
v 0.662291 0.102921 0.310446
v 0.660846 0.103682 0.311318
v 0.665173 0.103682 0.308787
v 0.663874 0.103682 0.309859
v 0.655842 0.103682 0.311615
v 0.657518 0.103682 0.311785
v 0.659093 0.101653 0.310914
v 0.659159 0.102921 0.311393
v 0.667168 0.078764 0.308189
v 0.667531 0.078891 0.306282
v 0.664501 0.078764 0.310761
v 0.665173 0.079271 0.308787
v 0.665431 0.078891 0.309055
v 0.664636 0.081300 0.308228
v 0.664972 0.080032 0.308578
v 0.666292 0.079271 0.307525
v 0.662417 0.079271 0.310706
v 0.663874 0.079271 0.309859
v 0.666520 0.081300 0.305741
v 0.666947 0.080032 0.305969
v 0.653850 0.104189 0.312224
v 0.652665 0.103682 0.310512
v 0.652490 0.104062 0.310840
v 0.650580 0.104189 0.310483
v 0.655776 0.104062 0.311980
v 0.655978 0.101653 0.310851
v 0.655893 0.102921 0.311329
v 0.654210 0.103682 0.311185
v 0.649988 0.103682 0.308484
v 0.651244 0.103682 0.309606
v 0.653031 0.101653 0.309829
v 0.652802 0.102921 0.310255
v 0.654300 0.078764 0.289713
v 0.652885 0.078891 0.291042
v 0.657969 0.078764 0.289199
v 0.656265 0.079271 0.290401
v 0.656214 0.078891 0.290033
v 0.656371 0.081300 0.291169
v 0.656305 0.080032 0.290689
v 0.654618 0.079271 0.290765
v 0.659623 0.079271 0.290468
v 0.657947 0.079271 0.290298
v 0.653385 0.081300 0.292074
v 0.653174 0.080032 0.291638
v 0.648019 0.104189 0.307807
v 0.648066 0.103682 0.305725
v 0.647732 0.104062 0.305887
v 0.646396 0.104189 0.304476
v 0.649720 0.104062 0.308741
v 0.650547 0.101653 0.307947
v 0.650197 0.102921 0.308282
v 0.648920 0.103682 0.307179
v 0.647092 0.103682 0.302511
v 0.647449 0.103682 0.304157
v 0.648764 0.101653 0.305387
v 0.648328 0.102921 0.305598
v 0.645897 0.104189 0.300805
v 0.647159 0.103682 0.299149
v 0.646793 0.104062 0.299083
v 0.646542 0.104189 0.297157
v 0.646724 0.104062 0.302562
v 0.647860 0.101653 0.302405
v 0.647380 0.102921 0.302471
v 0.646996 0.103682 0.300827
v 0.648261 0.103682 0.295976
v 0.647581 0.103682 0.297518
v 0.647922 0.101653 0.299285
v 0.647445 0.102921 0.299200
v 0.648296 0.104189 0.293894
v 0.650291 0.103682 0.293296
v 0.650033 0.104062 0.293028
v 0.650963 0.104189 0.291322
v 0.647933 0.104062 0.295801
v 0.648944 0.101653 0.296342
v 0.648517 0.102921 0.296113
v 0.649172 0.103682 0.294558
v 0.653047 0.103682 0.291377
v 0.651591 0.103682 0.292224
v 0.650828 0.101653 0.293855
v 0.650492 0.102921 0.293506
v 0.667168 0.104189 0.308189
v 0.665431 0.104062 0.309055
v 0.667531 0.104062 0.306282
v 0.666520 0.101653 0.305741
v 0.666947 0.102921 0.305969
v 0.666292 0.103682 0.307525
v 0.664636 0.101653 0.308228
v 0.664972 0.102921 0.308578
v 0.654300 0.104189 0.289713
v 0.656265 0.103682 0.290401
v 0.656214 0.104062 0.290033
v 0.657969 0.104189 0.289199
v 0.652885 0.104062 0.291042
v 0.653385 0.101653 0.292074
v 0.653174 0.102921 0.291638
v 0.654618 0.103682 0.290765
v 0.659623 0.103682 0.290468
v 0.657947 0.103682 0.290298
v 0.656371 0.101653 0.291169
v 0.656305 0.102921 0.290689
v 0.661165 0.078764 0.312370
v 0.662579 0.078891 0.311041
v 0.657496 0.078764 0.312884
v 0.659200 0.079271 0.311682
v 0.659250 0.078891 0.312050
v 0.659093 0.081300 0.310914
v 0.659159 0.080032 0.311393
v 0.660846 0.079271 0.311318
v 0.655842 0.079271 0.311615
v 0.657518 0.079271 0.311785
v 0.662079 0.081300 0.310009
v 0.662291 0.080032 0.310446
v 0.661614 0.104189 0.289859
v 0.662799 0.103682 0.291571
v 0.662975 0.104062 0.291243
v 0.664884 0.104189 0.291600
v 0.659688 0.104062 0.290102
v 0.659486 0.101653 0.291232
v 0.659571 0.102921 0.290755
v 0.661254 0.103682 0.290897
v 0.665477 0.103682 0.293599
v 0.664220 0.103682 0.292476
v 0.662434 0.101653 0.292255
v 0.662662 0.102921 0.291827
v 0.661614 0.078764 0.289859
v 0.659688 0.078891 0.290102
v 0.664884 0.078764 0.291600
v 0.662799 0.079271 0.291571
v 0.662975 0.078891 0.291243
v 0.662434 0.081300 0.292255
v 0.662662 0.080032 0.291827
v 0.661254 0.079271 0.290897
v 0.665477 0.079271 0.293599
v 0.664220 0.079271 0.292476
v 0.659486 0.081300 0.291232
v 0.659571 0.080032 0.290755
v 0.653850 0.078764 0.312224
v 0.655776 0.078891 0.311980
v 0.652490 0.078891 0.310840
v 0.653031 0.081300 0.309829
v 0.652802 0.080032 0.310255
v 0.654210 0.079271 0.311185
v 0.655978 0.081300 0.310851
v 0.655893 0.080032 0.311329
v 0.667446 0.104189 0.294276
v 0.667733 0.104062 0.296196
v 0.665744 0.104062 0.293341
v 0.664917 0.101653 0.294136
v 0.665267 0.102921 0.293800
v 0.666544 0.103682 0.294904
v 0.666701 0.101653 0.296696
v 0.667136 0.102921 0.296485
v 0.667446 0.078764 0.294276
v 0.665744 0.078891 0.293341
v 0.667733 0.078891 0.296196
v 0.666701 0.081300 0.296696
v 0.667136 0.080032 0.296485
v 0.666544 0.079271 0.294904
v 0.664917 0.081300 0.294136
v 0.665267 0.080032 0.293800
v 0.649557 0.101653 0.306736
v 0.650397 0.098808 0.304542
v 0.649434 0.100181 0.305049
v 0.648191 0.101653 0.303933
v 0.651712 0.101653 0.308988
v 0.651905 0.098808 0.306708
v 0.651096 0.100181 0.307436
v 0.654769 0.097033 0.304954
v 0.653092 0.097702 0.305852
v 0.651194 0.098709 0.305595
v 0.653855 0.098808 0.308185
v 0.652728 0.098906 0.307649
v 0.649688 0.098808 0.302201
v 0.649800 0.098906 0.303445
v 0.653036 0.097033 0.302465
v 0.651612 0.097702 0.303727
v 0.660622 0.081300 0.310577
v 0.661321 0.084146 0.308335
v 0.661763 0.082772 0.309329
v 0.663430 0.081300 0.309222
v 0.657533 0.081300 0.311010
v 0.658795 0.084146 0.309100
v 0.658979 0.082772 0.310172
v 0.657634 0.085921 0.305948
v 0.658395 0.085251 0.307693
v 0.660042 0.084244 0.308667
v 0.656349 0.084146 0.309051
v 0.657567 0.084047 0.309328
v 0.663328 0.084146 0.306937
v 0.662469 0.084047 0.307843
v 0.660537 0.085921 0.305068
v 0.660873 0.085251 0.306942
v 0.665674 0.101653 0.307058
v 0.663328 0.098808 0.306937
v 0.664108 0.100181 0.307696
v 0.663430 0.101653 0.309222
v 0.667151 0.101653 0.304311
v 0.664922 0.098808 0.304832
v 0.665864 0.100181 0.305377
v 0.662368 0.097033 0.302651
v 0.663741 0.097702 0.303970
v 0.664083 0.098709 0.305852
v 0.665725 0.098808 0.302522
v 0.665562 0.098906 0.303760
v 0.661321 0.098808 0.308335
v 0.662469 0.098906 0.307843
v 0.660537 0.097033 0.305068
v 0.662178 0.097702 0.306033
v 0.654465 0.101653 0.310454
v 0.653374 0.100181 0.309162
v 0.657533 0.101653 0.311010
v 0.656349 0.098808 0.309051
v 0.656122 0.100181 0.310115
v 0.657634 0.097033 0.305948
v 0.656804 0.097702 0.307660
v 0.655119 0.098709 0.308569
v 0.658795 0.098808 0.309100
v 0.657567 0.098906 0.309328
v 0.654359 0.097702 0.306812
v 0.654465 0.081300 0.310454
v 0.656122 0.082772 0.310115
v 0.651712 0.081300 0.308988
v 0.653855 0.084146 0.308185
v 0.653374 0.082772 0.309162
v 0.654769 0.085921 0.304954
v 0.654359 0.085251 0.306812
v 0.655119 0.084244 0.308569
v 0.651905 0.084146 0.306708
v 0.652728 0.084047 0.307649
v 0.656804 0.085251 0.307660
v 0.660622 0.101653 0.310577
v 0.658979 0.100181 0.310172
v 0.661763 0.100181 0.309329
v 0.660873 0.097702 0.306942
v 0.660042 0.098709 0.308667
v 0.658395 0.097702 0.307693
v 0.654843 0.081300 0.291506
v 0.654144 0.084146 0.293749
v 0.653701 0.082772 0.292754
v 0.652034 0.081300 0.292861
v 0.657931 0.081300 0.291074
v 0.656670 0.084146 0.292984
v 0.656485 0.082772 0.291911
v 0.657830 0.085921 0.296135
v 0.657069 0.085251 0.294391
v 0.655422 0.084244 0.293416
v 0.659115 0.084146 0.293032
v 0.657897 0.084047 0.292755
v 0.652136 0.084146 0.295147
v 0.652995 0.084047 0.294240
v 0.654927 0.085921 0.297015
v 0.654592 0.085251 0.295141
v 0.665674 0.081300 0.307058
v 0.664922 0.084146 0.304832
v 0.665864 0.082772 0.305377
v 0.667151 0.081300 0.304311
v 0.664108 0.082772 0.307696
v 0.662178 0.085251 0.306033
v 0.664083 0.084244 0.305852
v 0.665725 0.084146 0.302522
v 0.665562 0.084047 0.303760
v 0.662368 0.085921 0.302651
v 0.663741 0.085251 0.303970
v 0.649557 0.081300 0.306736
v 0.651096 0.082772 0.307436
v 0.648191 0.081300 0.303933
v 0.650397 0.084146 0.304542
v 0.649434 0.082772 0.305049
v 0.653036 0.085921 0.302465
v 0.651612 0.085251 0.303727
v 0.651194 0.084244 0.305595
v 0.649688 0.084146 0.302201
v 0.649800 0.084047 0.303445
v 0.653092 0.085251 0.305852
v 0.667693 0.081300 0.301240
v 0.665776 0.084146 0.299882
v 0.666860 0.082772 0.299770
v 0.667273 0.081300 0.298150
v 0.666801 0.082772 0.302677
v 0.664262 0.085251 0.302466
v 0.665699 0.084244 0.301201
v 0.665067 0.084146 0.297540
v 0.665664 0.084047 0.298638
v 0.662429 0.085921 0.299619
v 0.664314 0.085251 0.299879
v 0.649790 0.081300 0.295026
v 0.650542 0.084146 0.297251
v 0.649600 0.082772 0.296706
v 0.648314 0.081300 0.297772
v 0.651357 0.082772 0.294388
v 0.653287 0.085251 0.296051
v 0.651381 0.084244 0.296230
v 0.649740 0.084146 0.299562
v 0.649902 0.084047 0.298323
v 0.653096 0.085921 0.299432
v 0.651724 0.085251 0.298114
v 0.665908 0.081300 0.295347
v 0.663559 0.084146 0.295375
v 0.664368 0.082772 0.294647
v 0.663752 0.081300 0.293095
v 0.666031 0.082772 0.297035
v 0.663853 0.085251 0.298357
v 0.664271 0.084244 0.296488
v 0.661609 0.084146 0.293898
v 0.662737 0.084047 0.294435
v 0.660695 0.085921 0.297130
v 0.662373 0.085251 0.296232
v 0.660999 0.101653 0.291629
v 0.661609 0.098808 0.293898
v 0.662090 0.100181 0.292922
v 0.663752 0.101653 0.293095
v 0.657931 0.101653 0.291074
v 0.659115 0.098808 0.293032
v 0.659342 0.100181 0.291968
v 0.657830 0.097033 0.296135
v 0.658660 0.097702 0.294422
v 0.660345 0.098709 0.293514
v 0.656670 0.098808 0.292984
v 0.657897 0.098906 0.292755
v 0.663559 0.098808 0.295375
v 0.662737 0.098906 0.294435
v 0.660695 0.097033 0.297130
v 0.661105 0.097702 0.295271
v 0.665908 0.101653 0.295347
v 0.665067 0.098808 0.297540
v 0.666031 0.100181 0.297035
v 0.667273 0.101653 0.298150
v 0.664368 0.100181 0.294647
v 0.662373 0.097702 0.296232
v 0.664271 0.098709 0.296488
v 0.665776 0.098808 0.299882
v 0.665664 0.098906 0.298638
v 0.662429 0.097033 0.299619
v 0.663853 0.097702 0.298357
v 0.654843 0.101653 0.291506
v 0.656485 0.100181 0.291911
v 0.652034 0.101653 0.292861
v 0.654144 0.098808 0.293749
v 0.653701 0.100181 0.292754
v 0.654927 0.097033 0.297015
v 0.654592 0.097702 0.295141
v 0.655422 0.098709 0.293416
v 0.652136 0.098808 0.295147
v 0.652995 0.098906 0.294240
v 0.657069 0.097702 0.294391
v 0.647771 0.081300 0.300843
v 0.648605 0.082772 0.302314
v 0.648663 0.082772 0.299406
v 0.651202 0.085251 0.299617
v 0.649766 0.084244 0.300883
v 0.651150 0.085251 0.302205
v 0.649790 0.101653 0.295026
v 0.651357 0.100181 0.294388
v 0.648314 0.101653 0.297772
v 0.650542 0.098808 0.297251
v 0.649600 0.100181 0.296706
v 0.653096 0.097033 0.299432
v 0.651724 0.097702 0.298114
v 0.651381 0.098709 0.296230
v 0.649740 0.098808 0.299562
v 0.649902 0.098906 0.298323
v 0.653287 0.097702 0.296051
v 0.667693 0.101653 0.301240
v 0.666801 0.100181 0.302677
v 0.666860 0.100181 0.299770
v 0.664314 0.097702 0.299879
v 0.665699 0.098709 0.301201
v 0.664262 0.097702 0.302466
v 0.647771 0.101653 0.300843
v 0.648663 0.100181 0.299406
v 0.648605 0.100181 0.302314
v 0.651150 0.097702 0.302205
v 0.649766 0.098709 0.300883
v 0.651202 0.097702 0.299617
v 0.660999 0.081300 0.291629
v 0.659342 0.082772 0.291968
v 0.662090 0.082772 0.292922
v 0.661105 0.085251 0.295271
v 0.660345 0.084244 0.293514
v 0.658660 0.085251 0.294422
v 0.660855 0.096807 0.303407
v 0.658868 0.096807 0.304791
v 0.661649 0.096807 0.301120
v 0.660947 0.096807 0.298802
v 0.659017 0.096807 0.297340
v 0.656596 0.096807 0.297292
v 0.654609 0.096807 0.298676
v 0.653815 0.096807 0.300963
v 0.654517 0.096807 0.303281
v 0.656447 0.096807 0.304743
v 0.658868 0.086146 0.304791
v 0.660855 0.086146 0.303407
v 0.656447 0.086146 0.304743
v 0.654517 0.086146 0.303281
v 0.653815 0.086146 0.300963
v 0.654609 0.086146 0.298676
v 0.656596 0.086146 0.297292
v 0.659017 0.086146 0.297340
v 0.660947 0.086146 0.298802
v 0.661649 0.086146 0.301120
v 0.668822 0.251552 0.323918
v 0.668822 0.256826 0.323918
v 0.668822 0.254578 0.323918
v 0.661205 0.251552 0.326226
v 0.665102 0.251552 0.325366
v 0.668822 0.244722 0.323918
v 0.668822 0.248137 0.323918
v 0.675345 0.251552 0.319375
v 0.672268 0.251552 0.321912
v 0.653257 0.251552 0.326067
v 0.657225 0.251552 0.326470
v 0.661205 0.244722 0.326226
v 0.661205 0.248137 0.326226
v 0.661205 0.256826 0.326226
v 0.661205 0.254578 0.326226
v 0.661205 0.239448 0.326226
v 0.661205 0.241696 0.326226
v 0.665102 0.244722 0.325366
v 0.653257 0.244722 0.326067
v 0.657225 0.244722 0.326470
v 0.675345 0.244722 0.319375
v 0.672268 0.244722 0.321912
v 0.668822 0.239448 0.323918
v 0.668822 0.241696 0.323918
v 0.653257 0.256826 0.326067
v 0.653257 0.254578 0.326067
v 0.645738 0.251552 0.323457
v 0.649397 0.251552 0.325052
v 0.653257 0.248137 0.326067
v 0.639402 0.251552 0.318658
v 0.642376 0.251552 0.321316
v 0.645738 0.244722 0.323457
v 0.645738 0.248137 0.323457
v 0.645738 0.256826 0.323457
v 0.645738 0.254578 0.323457
v 0.645738 0.239448 0.323457
v 0.645738 0.241696 0.323457
v 0.649397 0.244722 0.325052
v 0.639402 0.244722 0.318658
v 0.642376 0.244722 0.321316
v 0.653257 0.239448 0.326067
v 0.653257 0.241696 0.326067
v 0.639402 0.256826 0.318658
v 0.639402 0.254578 0.318658
v 0.634853 0.251552 0.312127
v 0.636876 0.251552 0.315568
v 0.639402 0.248137 0.318658
v 0.632548 0.251552 0.304519
v 0.633392 0.251552 0.308417
v 0.634853 0.244722 0.312127
v 0.634853 0.248137 0.312127
v 0.634853 0.256826 0.312127
v 0.634853 0.254578 0.312127
v 0.634853 0.239448 0.312127
v 0.634853 0.241696 0.312127
v 0.636876 0.244722 0.315568
v 0.632548 0.244722 0.304519
v 0.633392 0.244722 0.308417
v 0.639402 0.239448 0.318658
v 0.639402 0.241696 0.318658
v 0.632548 0.256826 0.304519
v 0.632548 0.254578 0.304519
v 0.632707 0.251552 0.296562
v 0.632320 0.251552 0.300534
v 0.632548 0.248137 0.304519
v 0.635314 0.251552 0.289052
v 0.633705 0.251552 0.292701
v 0.632707 0.244722 0.296562
v 0.632707 0.248137 0.296562
v 0.632707 0.256826 0.296562
v 0.632707 0.254578 0.296562
v 0.632707 0.239448 0.296562
v 0.632707 0.241696 0.296562
v 0.632320 0.244722 0.300534
v 0.635314 0.244722 0.289052
v 0.633705 0.244722 0.292701
v 0.632548 0.239448 0.304519
v 0.632548 0.241696 0.304519
v 0.635314 0.256826 0.289052
v 0.635314 0.254578 0.289052
v 0.640119 0.251552 0.282708
v 0.637472 0.251552 0.285695
v 0.635314 0.248137 0.289052
v 0.646642 0.251552 0.278165
v 0.643196 0.251552 0.280171
v 0.640119 0.244722 0.282708
v 0.640119 0.248137 0.282708
v 0.640119 0.256826 0.282708
v 0.640119 0.254578 0.282708
v 0.640119 0.239448 0.282708
v 0.640119 0.241696 0.282708
v 0.637472 0.244722 0.285695
v 0.646642 0.244722 0.278165
v 0.643196 0.244722 0.280171
v 0.635314 0.239448 0.289052
v 0.635314 0.241696 0.289052
v 0.646642 0.256826 0.278165
v 0.646642 0.254578 0.278165
v 0.654260 0.251552 0.275857
v 0.650362 0.251552 0.276717
v 0.646642 0.248137 0.278165
v 0.662207 0.251552 0.276015
v 0.658240 0.251552 0.275613
v 0.654260 0.244722 0.275857
v 0.654260 0.248137 0.275857
v 0.654260 0.256826 0.275857
v 0.654260 0.254578 0.275857
v 0.654260 0.239448 0.275857
v 0.654260 0.241696 0.275857
v 0.650362 0.244722 0.276717
v 0.662207 0.244722 0.276015
v 0.658240 0.244722 0.275613
v 0.646642 0.239448 0.278165
v 0.646642 0.241696 0.278165
v 0.662207 0.256826 0.276015
v 0.662207 0.254578 0.276015
v 0.669726 0.251552 0.278625
v 0.666067 0.251552 0.277030
v 0.662207 0.248137 0.276015
v 0.676063 0.251552 0.283425
v 0.673089 0.251552 0.280768
v 0.669726 0.244722 0.278625
v 0.669726 0.248137 0.278625
v 0.669726 0.256826 0.278625
v 0.669726 0.254578 0.278625
v 0.669726 0.239448 0.278625
v 0.669726 0.241696 0.278625
v 0.666067 0.244722 0.277030
v 0.676063 0.244722 0.283425
v 0.673089 0.244722 0.280768
v 0.662207 0.239448 0.276015
v 0.662207 0.241696 0.276015
v 0.676063 0.256826 0.283425
v 0.676063 0.254578 0.283425
v 0.680611 0.251552 0.289956
v 0.678589 0.251552 0.286515
v 0.676063 0.248137 0.283425
v 0.682916 0.251552 0.297564
v 0.682073 0.251552 0.293667
v 0.680611 0.244722 0.289956
v 0.680611 0.248137 0.289956
v 0.680611 0.256826 0.289956
v 0.680611 0.254578 0.289956
v 0.680611 0.239448 0.289956
v 0.680611 0.241696 0.289956
v 0.678589 0.244722 0.286515
v 0.682916 0.244722 0.297564
v 0.682073 0.244722 0.293667
v 0.676063 0.239448 0.283425
v 0.676063 0.241696 0.283425
v 0.682916 0.256826 0.297564
v 0.682916 0.254578 0.297564
v 0.682757 0.251552 0.305521
v 0.683144 0.251552 0.301548
v 0.682916 0.248137 0.297564
v 0.680151 0.251552 0.313031
v 0.681759 0.251552 0.309382
v 0.682757 0.244722 0.305521
v 0.682757 0.248137 0.305521
v 0.682757 0.256826 0.305521
v 0.682757 0.254578 0.305521
v 0.682757 0.239448 0.305521
v 0.682757 0.241696 0.305521
v 0.683144 0.244722 0.301548
v 0.680151 0.244722 0.313031
v 0.681759 0.244722 0.309382
v 0.682916 0.239448 0.297564
v 0.682916 0.241696 0.297564
v 0.680151 0.256826 0.313031
v 0.680151 0.254578 0.313031
v 0.677992 0.251552 0.316388
v 0.680151 0.248137 0.313031
v 0.675345 0.248137 0.319375
v 0.675345 0.256826 0.319375
v 0.675345 0.254578 0.319375
v 0.675345 0.239448 0.319375
v 0.675345 0.241696 0.319375
v 0.677992 0.244722 0.316388
v 0.680151 0.239448 0.313031
v 0.680151 0.241696 0.313031
v 0.657225 0.239448 0.326470
v 0.661081 0.236777 0.325329
v 0.661174 0.237850 0.326002
v 0.665102 0.239448 0.325366
v 0.660586 0.235695 0.321741
v 0.660895 0.236101 0.323984
v 0.668427 0.236777 0.323103
v 0.664840 0.236777 0.324500
v 0.653416 0.236777 0.325176
v 0.657243 0.236777 0.325564
v 0.674717 0.236777 0.318722
v 0.671750 0.236777 0.321168
v 0.668723 0.237850 0.323714
v 0.666847 0.235695 0.319844
v 0.667834 0.236101 0.321881
v 0.672268 0.239448 0.321912
v 0.633392 0.256826 0.308417
v 0.633445 0.259497 0.304395
v 0.632772 0.258423 0.304488
v 0.632320 0.256826 0.300534
v 0.637033 0.260579 0.303900
v 0.634790 0.260173 0.304210
v 0.633598 0.259497 0.296721
v 0.633226 0.259497 0.300552
v 0.635668 0.259497 0.311732
v 0.634259 0.259497 0.308154
v 0.636112 0.259497 0.289479
v 0.634561 0.259497 0.292998
v 0.632930 0.258423 0.296602
v 0.637164 0.260579 0.297359
v 0.634935 0.260173 0.296961
v 0.633705 0.256826 0.292701
v 0.642376 0.239448 0.321316
v 0.646166 0.236777 0.322660
v 0.645845 0.237850 0.323258
v 0.649397 0.239448 0.325052
v 0.647874 0.235695 0.319465
v 0.646806 0.236101 0.321462
v 0.649694 0.236777 0.324198
v 0.640054 0.236777 0.318030
v 0.642922 0.236777 0.320593
v 0.653297 0.237850 0.325845
v 0.654054 0.235695 0.321610
v 0.653656 0.236101 0.323840
v 0.681759 0.256826 0.309382
v 0.679352 0.259497 0.312604
v 0.679951 0.258423 0.312924
v 0.677992 0.256826 0.316388
v 0.676158 0.260579 0.310896
v 0.678154 0.260173 0.311963
v 0.674717 0.259497 0.318722
v 0.677271 0.259497 0.315842
v 0.681866 0.259497 0.305361
v 0.680903 0.259497 0.309085
v 0.668427 0.259497 0.323103
v 0.671750 0.259497 0.321168
v 0.675188 0.258423 0.319212
v 0.672208 0.260579 0.316110
v 0.673776 0.260173 0.317742
v 0.672268 0.256826 0.321912
v 0.635513 0.258423 0.289159
v 0.637472 0.256826 0.285695
v 0.639306 0.260579 0.291187
v 0.637310 0.260173 0.290120
v 0.640747 0.259497 0.283361
v 0.638193 0.259497 0.286241
v 0.647037 0.259497 0.278979
v 0.643714 0.259497 0.280915
v 0.640276 0.258423 0.282871
v 0.643256 0.260579 0.285973
v 0.641688 0.260173 0.284340
v 0.643196 0.256826 0.280171
v 0.633392 0.239448 0.308417
v 0.635668 0.236777 0.311732
v 0.635057 0.237850 0.312028
v 0.636876 0.239448 0.315568
v 0.638928 0.235695 0.310153
v 0.636890 0.236101 0.311140
v 0.637618 0.236777 0.315050
v 0.633445 0.236777 0.304395
v 0.634259 0.236777 0.308154
v 0.639565 0.237850 0.318501
v 0.642666 0.235695 0.315520
v 0.641034 0.236101 0.317089
v 0.646741 0.258423 0.278368
v 0.650362 0.256826 0.276717
v 0.648617 0.260579 0.282239
v 0.647630 0.260173 0.280202
v 0.654383 0.259497 0.276754
v 0.650624 0.259497 0.277583
v 0.662048 0.259497 0.276907
v 0.658222 0.259497 0.276519
v 0.654290 0.258423 0.276081
v 0.654878 0.260579 0.280342
v 0.654569 0.260173 0.278099
v 0.658240 0.256826 0.275613
v 0.633705 0.239448 0.292701
v 0.633598 0.236777 0.296721
v 0.632930 0.237850 0.296602
v 0.632320 0.239448 0.300534
v 0.637164 0.235695 0.297359
v 0.634935 0.236101 0.296961
v 0.633226 0.236777 0.300552
v 0.636112 0.236777 0.289479
v 0.634561 0.236777 0.292998
v 0.632772 0.237850 0.304488
v 0.637033 0.235695 0.303900
v 0.634790 0.236101 0.304210
v 0.662167 0.258423 0.276238
v 0.666067 0.256826 0.277030
v 0.661410 0.260579 0.280472
v 0.661809 0.260173 0.278244
v 0.669299 0.259497 0.279424
v 0.665770 0.259497 0.277886
v 0.675410 0.259497 0.284053
v 0.672542 0.259497 0.281490
v 0.669619 0.258423 0.278825
v 0.667590 0.260579 0.282618
v 0.668658 0.260173 0.280622
v 0.673089 0.256826 0.280768
v 0.643196 0.239448 0.280171
v 0.640747 0.236777 0.283361
v 0.640276 0.237850 0.282871
v 0.637472 0.239448 0.285695
v 0.643256 0.235695 0.285973
v 0.641688 0.236101 0.284340
v 0.638193 0.236777 0.286241
v 0.647037 0.236777 0.278979
v 0.643714 0.236777 0.280915
v 0.635513 0.237850 0.289159
v 0.639306 0.235695 0.291187
v 0.637310 0.236101 0.290120
v 0.675188 0.237850 0.319212
v 0.677992 0.239448 0.316388
v 0.672208 0.235695 0.316110
v 0.673776 0.236101 0.317742
v 0.679352 0.236777 0.312604
v 0.677271 0.236777 0.315842
v 0.681866 0.236777 0.305361
v 0.680903 0.236777 0.309085
v 0.679951 0.237850 0.312924
v 0.676158 0.235695 0.310896
v 0.678154 0.236101 0.311963
v 0.681759 0.239448 0.309382
v 0.675899 0.258423 0.283582
v 0.678589 0.256826 0.286515
v 0.672798 0.260579 0.286563
v 0.674430 0.260173 0.284994
v 0.679796 0.259497 0.290351
v 0.677846 0.259497 0.287033
v 0.682020 0.259497 0.297688
v 0.681206 0.259497 0.293929
v 0.680408 0.258423 0.290055
v 0.676537 0.260579 0.291930
v 0.678574 0.260173 0.290943
v 0.682073 0.256826 0.293667
v 0.658240 0.239448 0.275613
v 0.654383 0.236777 0.276754
v 0.654290 0.237850 0.276081
v 0.650362 0.239448 0.276717
v 0.654878 0.235695 0.280342
v 0.654569 0.236101 0.278099
v 0.650624 0.236777 0.277583
v 0.662048 0.236777 0.276907
v 0.658222 0.236777 0.276519
v 0.646741 0.237850 0.278368
v 0.648617 0.235695 0.282239
v 0.647630 0.236101 0.280202
v 0.682692 0.258423 0.297595
v 0.683144 0.256826 0.301548
v 0.678431 0.260579 0.298183
v 0.680674 0.260173 0.297874
v 0.682239 0.259497 0.301531
v 0.682535 0.258423 0.305481
v 0.678300 0.260579 0.304723
v 0.680529 0.260173 0.305123
v 0.673089 0.239448 0.280768
v 0.669299 0.236777 0.279424
v 0.669619 0.237850 0.278825
v 0.666067 0.239448 0.277030
v 0.667590 0.235695 0.282618
v 0.668658 0.236101 0.280622
v 0.665770 0.236777 0.277886
v 0.675410 0.236777 0.284053
v 0.672542 0.236777 0.281490
v 0.662167 0.237850 0.276238
v 0.661410 0.235695 0.280472
v 0.661809 0.236101 0.278244
v 0.682073 0.239448 0.293667
v 0.679796 0.236777 0.290351
v 0.680408 0.237850 0.290055
v 0.678589 0.239448 0.286515
v 0.676537 0.235695 0.291930
v 0.678574 0.236101 0.290943
v 0.677846 0.236777 0.287033
v 0.682020 0.236777 0.297688
v 0.681206 0.236777 0.293929
v 0.675899 0.237850 0.283582
v 0.672798 0.235695 0.286563
v 0.674430 0.236101 0.284994
v 0.682535 0.237850 0.305481
v 0.683144 0.239448 0.301548
v 0.678300 0.235695 0.304723
v 0.680529 0.236101 0.305123
v 0.682239 0.236777 0.301531
v 0.682692 0.237850 0.297595
v 0.678431 0.235695 0.298183
v 0.680674 0.236101 0.297874
v 0.668723 0.258423 0.323714
v 0.665102 0.256826 0.325366
v 0.666847 0.260579 0.319844
v 0.667834 0.260173 0.321881
v 0.661081 0.259497 0.325329
v 0.664840 0.259497 0.324500
v 0.653416 0.259497 0.325176
v 0.657243 0.259497 0.325564
v 0.661174 0.258423 0.326002
v 0.660586 0.260579 0.321741
v 0.660895 0.260173 0.323984
v 0.657225 0.256826 0.326470
v 0.653297 0.258423 0.325845
v 0.649397 0.256826 0.325052
v 0.654054 0.260579 0.321610
v 0.653656 0.260173 0.323840
v 0.646166 0.259497 0.322660
v 0.649694 0.259497 0.324198
v 0.640054 0.259497 0.318030
v 0.642922 0.259497 0.320593
v 0.645845 0.258423 0.323258
v 0.647874 0.260579 0.319465
v 0.646806 0.260173 0.321462
v 0.642376 0.256826 0.321316
v 0.639565 0.258423 0.318501
v 0.636876 0.256826 0.315568
v 0.642666 0.260579 0.315520
v 0.641034 0.260173 0.317089
v 0.637618 0.259497 0.315050
v 0.635057 0.258423 0.312028
v 0.638928 0.260579 0.310153
v 0.636890 0.260173 0.311140
v 0.637984 0.235695 0.294186
v 0.642512 0.235425 0.298317
v 0.639838 0.235492 0.297838
v 0.636846 0.235695 0.300625
v 0.646077 0.235425 0.298955
v 0.644740 0.235425 0.298716
v 0.642415 0.235425 0.303157
v 0.642277 0.235425 0.300733
v 0.644097 0.235425 0.293750
v 0.643119 0.235425 0.295969
v 0.643817 0.235425 0.307784
v 0.642928 0.235425 0.305527
v 0.639724 0.235492 0.303528
v 0.646003 0.235425 0.302661
v 0.644658 0.235425 0.302847
v 0.637726 0.235695 0.307103
v 0.677480 0.235695 0.307896
v 0.672952 0.235425 0.303766
v 0.675626 0.235492 0.304244
v 0.678618 0.235695 0.301458
v 0.669387 0.235425 0.303128
v 0.670724 0.235425 0.303367
v 0.673049 0.235425 0.298926
v 0.673188 0.235425 0.301350
v 0.671367 0.235425 0.308334
v 0.672346 0.235425 0.306115
v 0.671648 0.235425 0.294300
v 0.672536 0.235425 0.296556
v 0.675740 0.235492 0.298555
v 0.669461 0.235425 0.299421
v 0.670807 0.235425 0.299237
v 0.677738 0.235695 0.294980
v 0.669679 0.235695 0.318195
v 0.668445 0.235425 0.312193
v 0.670326 0.235492 0.314151
v 0.674384 0.235695 0.313655
v 0.665935 0.235425 0.309580
v 0.666875 0.235425 0.310559
v 0.670054 0.235425 0.310375
v 0.664477 0.235425 0.314956
v 0.666573 0.235425 0.313735
v 0.673763 0.235492 0.309615
v 0.668173 0.235425 0.306625
v 0.669371 0.235425 0.307266
v 0.674092 0.235492 0.293115
v 0.674874 0.235695 0.289102
v 0.668388 0.235425 0.295879
v 0.669610 0.235425 0.295287
v 0.668881 0.235425 0.290327
v 0.670417 0.235425 0.292207
v 0.665027 0.235425 0.287408
v 0.667072 0.235425 0.288711
v 0.670839 0.235492 0.288445
v 0.666269 0.235425 0.292837
v 0.667248 0.235425 0.291896
v 0.670354 0.235695 0.284378
v 0.657315 0.235695 0.321941
v 0.659844 0.235425 0.316359
v 0.660216 0.235492 0.319051
v 0.663789 0.235695 0.321034
v 0.659349 0.235425 0.312771
v 0.659535 0.235425 0.314117
v 0.662214 0.235425 0.315835
v 0.655010 0.235425 0.316262
v 0.657424 0.235425 0.316508
v 0.665662 0.235492 0.317400
v 0.662897 0.235425 0.311696
v 0.663489 0.235425 0.312918
v 0.666308 0.235492 0.285013
v 0.664583 0.235695 0.281307
v 0.663318 0.235425 0.290602
v 0.663959 0.235425 0.289404
v 0.660454 0.235425 0.285821
v 0.662802 0.235425 0.286438
v 0.655620 0.235425 0.285724
v 0.658041 0.235425 0.285576
v 0.660932 0.235492 0.283146
v 0.659816 0.235425 0.289386
v 0.660055 0.235425 0.288049
v 0.658149 0.235695 0.280142
v 0.677738 0.260579 0.294980
v 0.673049 0.260849 0.298926
v 0.675740 0.260782 0.298555
v 0.678618 0.260579 0.301458
v 0.669461 0.260849 0.299421
v 0.670807 0.260849 0.299237
v 0.672952 0.260849 0.303766
v 0.673188 0.260849 0.301350
v 0.671648 0.260849 0.294300
v 0.672536 0.260849 0.296556
v 0.671367 0.260849 0.308334
v 0.672346 0.260849 0.306115
v 0.675626 0.260782 0.304244
v 0.669387 0.260849 0.303128
v 0.670724 0.260849 0.303367
v 0.677480 0.260579 0.307896
v 0.655249 0.235492 0.283033
v 0.651675 0.235695 0.281049
v 0.656115 0.235425 0.289312
v 0.655929 0.235425 0.287967
v 0.650987 0.235425 0.287128
v 0.653250 0.235425 0.286247
v 0.647020 0.235425 0.289891
v 0.648891 0.235425 0.288348
v 0.649802 0.235492 0.284683
v 0.652567 0.235425 0.290387
v 0.651975 0.235425 0.289165
v 0.645785 0.235695 0.283888
v 0.670354 0.260579 0.284378
v 0.668881 0.260849 0.290327
v 0.670839 0.260782 0.288445
v 0.674874 0.260579 0.289102
v 0.666269 0.260849 0.292837
v 0.667248 0.260849 0.291896
v 0.670417 0.260849 0.292207
v 0.665027 0.260849 0.287408
v 0.667072 0.260849 0.288711
v 0.674092 0.260782 0.293115
v 0.668388 0.260849 0.295879
v 0.669610 0.260849 0.295287
v 0.658149 0.260579 0.280142
v 0.660454 0.260849 0.285821
v 0.660932 0.260782 0.283146
v 0.664583 0.260579 0.281307
v 0.659816 0.260849 0.289386
v 0.660055 0.260849 0.288049
v 0.662802 0.260849 0.286438
v 0.655620 0.260849 0.285724
v 0.658041 0.260849 0.285576
v 0.666308 0.260782 0.285013
v 0.663318 0.260849 0.290602
v 0.663959 0.260849 0.289404
v 0.645138 0.235492 0.287932
v 0.641080 0.235695 0.288428
v 0.649530 0.235425 0.292503
v 0.648588 0.235425 0.291523
v 0.645410 0.235425 0.291708
v 0.641702 0.235492 0.292469
v 0.647291 0.235425 0.295458
v 0.646093 0.235425 0.294817
v 0.641372 0.235492 0.308968
v 0.640590 0.235695 0.312981
v 0.647077 0.235425 0.306204
v 0.645854 0.235425 0.306797
v 0.646584 0.235425 0.311756
v 0.645047 0.235425 0.309876
v 0.650438 0.235425 0.314675
v 0.648392 0.235425 0.313372
v 0.644625 0.235492 0.313638
v 0.649196 0.235425 0.309247
v 0.648216 0.235425 0.310187
v 0.645110 0.235695 0.317705
v 0.645785 0.260579 0.283888
v 0.650987 0.260849 0.287128
v 0.649802 0.260782 0.284683
v 0.651675 0.260579 0.281049
v 0.652567 0.260849 0.290387
v 0.651975 0.260849 0.289165
v 0.653250 0.260849 0.286247
v 0.647020 0.260849 0.289891
v 0.648891 0.260849 0.288348
v 0.655249 0.260782 0.283033
v 0.656115 0.260849 0.289312
v 0.655929 0.260849 0.287967
v 0.637984 0.260579 0.294186
v 0.644097 0.260849 0.293750
v 0.641702 0.260782 0.292469
v 0.641080 0.260579 0.288428
v 0.647291 0.260849 0.295458
v 0.646093 0.260849 0.294817
v 0.645410 0.260849 0.291708
v 0.642512 0.260849 0.298317
v 0.643119 0.260849 0.295969
v 0.645138 0.260782 0.287932
v 0.649530 0.260849 0.292503
v 0.648588 0.260849 0.291523
v 0.673763 0.260782 0.309615
v 0.674384 0.260579 0.313655
v 0.668173 0.260849 0.306625
v 0.669371 0.260849 0.307266
v 0.668445 0.260849 0.312193
v 0.670054 0.260849 0.310375
v 0.664477 0.260849 0.314956
v 0.666573 0.260849 0.313735
v 0.670326 0.260782 0.314151
v 0.665935 0.260849 0.309580
v 0.666875 0.260849 0.310559
v 0.669679 0.260579 0.318195
v 0.637726 0.260579 0.307103
v 0.642415 0.260849 0.303157
v 0.639724 0.260782 0.303528
v 0.636846 0.260579 0.300625
v 0.646003 0.260849 0.302661
v 0.644658 0.260849 0.302847
v 0.642277 0.260849 0.300733
v 0.643817 0.260849 0.307784
v 0.642928 0.260849 0.305527
v 0.639838 0.260782 0.297838
v 0.646077 0.260849 0.298955
v 0.644740 0.260849 0.298716
v 0.645110 0.260579 0.317705
v 0.646584 0.260849 0.311756
v 0.644625 0.260782 0.313638
v 0.640590 0.260579 0.312981
v 0.649196 0.260849 0.309247
v 0.648216 0.260849 0.310187
v 0.645047 0.260849 0.309876
v 0.650438 0.260849 0.314675
v 0.648392 0.260849 0.313372
v 0.641372 0.260782 0.308968
v 0.647077 0.260849 0.306204
v 0.645854 0.260849 0.306797
v 0.649156 0.235492 0.317070
v 0.650881 0.235695 0.320776
v 0.652146 0.235425 0.311481
v 0.651506 0.235425 0.312680
v 0.652663 0.235425 0.315645
v 0.654532 0.235492 0.318936
v 0.655648 0.235425 0.312697
v 0.655409 0.235425 0.314034
v 0.657315 0.260579 0.321941
v 0.655010 0.260849 0.316262
v 0.654532 0.260782 0.318936
v 0.650881 0.260579 0.320776
v 0.655648 0.260849 0.312697
v 0.655409 0.260849 0.314034
v 0.652663 0.260849 0.315645
v 0.659844 0.260849 0.316359
v 0.657424 0.260849 0.316508
v 0.649156 0.260782 0.317070
v 0.652146 0.260849 0.311481
v 0.651506 0.260849 0.312680
v 0.665662 0.260782 0.317400
v 0.663789 0.260579 0.321034
v 0.662897 0.260849 0.311696
v 0.663489 0.260849 0.312918
v 0.662214 0.260849 0.315835
v 0.660216 0.260782 0.319051
v 0.659349 0.260849 0.312771
v 0.659535 0.260849 0.314117
v 0.650580 0.260849 0.310483
v 0.649988 0.260342 0.308484
v 0.649720 0.260723 0.308741
v 0.648019 0.260849 0.307807
v 0.650547 0.258314 0.307947
v 0.650197 0.259582 0.308282
v 0.648066 0.260342 0.305725
v 0.648920 0.260342 0.307179
v 0.652665 0.260342 0.310512
v 0.651244 0.260342 0.309606
v 0.647092 0.260342 0.302511
v 0.647449 0.260342 0.304157
v 0.647732 0.260723 0.305887
v 0.648764 0.258314 0.305387
v 0.648328 0.259582 0.305598
v 0.646396 0.260849 0.304476
v 0.668922 0.235425 0.304926
v 0.668306 0.235932 0.302935
v 0.668671 0.235551 0.303000
v 0.669567 0.235425 0.301278
v 0.667542 0.237960 0.302797
v 0.668019 0.236692 0.302883
v 0.668372 0.235932 0.299572
v 0.668468 0.235932 0.301255
v 0.667204 0.235932 0.306107
v 0.667884 0.235932 0.304566
v 0.667398 0.235932 0.296358
v 0.668015 0.235932 0.297925
v 0.668741 0.235551 0.299522
v 0.667605 0.237960 0.299679
v 0.668084 0.236692 0.299612
v 0.669068 0.235425 0.297607
v 0.669068 0.260849 0.297607
v 0.668372 0.260342 0.299572
v 0.668741 0.260723 0.299522
v 0.669567 0.260849 0.301278
v 0.667605 0.258314 0.299679
v 0.668084 0.259582 0.299612
v 0.668306 0.260342 0.302935
v 0.668468 0.260342 0.301255
v 0.667398 0.260342 0.296358
v 0.668015 0.260342 0.297925
v 0.667204 0.260342 0.306107
v 0.667884 0.260342 0.304566
v 0.668671 0.260723 0.303000
v 0.667542 0.258314 0.302797
v 0.668019 0.259582 0.302883
v 0.668922 0.260849 0.304926
v 0.646724 0.260723 0.302562
v 0.645897 0.260849 0.300805
v 0.647860 0.258314 0.302405
v 0.647380 0.259582 0.302471
v 0.647159 0.260342 0.299149
v 0.646996 0.260342 0.300827
v 0.648261 0.260342 0.295976
v 0.647581 0.260342 0.297518
v 0.646793 0.260723 0.299083
v 0.647922 0.258314 0.299285
v 0.647446 0.259582 0.299200
v 0.646542 0.260849 0.297157
v 0.647933 0.260723 0.295801
v 0.648296 0.260849 0.293894
v 0.648944 0.258314 0.296342
v 0.648517 0.259582 0.296113
v 0.650291 0.260342 0.293296
v 0.649172 0.260342 0.294558
v 0.653047 0.260342 0.291377
v 0.651591 0.260342 0.292224
v 0.650034 0.260723 0.293028
v 0.650828 0.258314 0.293855
v 0.650492 0.259582 0.293506
v 0.650963 0.260849 0.291322
v 0.657496 0.235425 0.312884
v 0.659200 0.235932 0.311682
v 0.659250 0.235551 0.312050
v 0.661165 0.235425 0.312370
v 0.659093 0.237960 0.310914
v 0.659159 0.236692 0.311393
v 0.662417 0.235932 0.310706
v 0.660846 0.235932 0.311318
v 0.655842 0.235932 0.311615
v 0.657518 0.235932 0.311785
v 0.665173 0.235932 0.308787
v 0.663874 0.235932 0.309859
v 0.662579 0.235551 0.311041
v 0.662079 0.237960 0.310009
v 0.662291 0.236692 0.310446
v 0.664501 0.235425 0.310761
v 0.667531 0.260723 0.306282
v 0.667168 0.260849 0.308189
v 0.666520 0.258314 0.305741
v 0.666947 0.259582 0.305969
v 0.665173 0.260342 0.308787
v 0.666292 0.260342 0.307525
v 0.662417 0.260342 0.310706
v 0.663874 0.260342 0.309859
v 0.665431 0.260723 0.309055
v 0.664636 0.258314 0.308228
v 0.664972 0.259582 0.308578
v 0.664501 0.260849 0.310761
v 0.650580 0.235425 0.310483
v 0.652665 0.235932 0.310512
v 0.652490 0.235551 0.310840
v 0.653850 0.235425 0.312224
v 0.653031 0.237960 0.309829
v 0.652802 0.236692 0.310255
v 0.654210 0.235932 0.311185
v 0.649988 0.235932 0.308484
v 0.651244 0.235932 0.309606
v 0.655776 0.235551 0.311980
v 0.655978 0.237960 0.310851
v 0.655893 0.236692 0.311329
v 0.652885 0.260723 0.291042
v 0.654300 0.260849 0.289713
v 0.653385 0.258314 0.292074
v 0.653174 0.259582 0.291638
v 0.656265 0.260342 0.290401
v 0.654618 0.260342 0.290765
v 0.659623 0.260342 0.290468
v 0.657947 0.260342 0.290298
v 0.656214 0.260723 0.290033
v 0.656371 0.258314 0.291169
v 0.656305 0.259582 0.290689
v 0.657969 0.260849 0.289199
v 0.646396 0.235425 0.304476
v 0.648066 0.235932 0.305725
v 0.647732 0.235551 0.305887
v 0.648019 0.235425 0.307807
v 0.648764 0.237960 0.305387
v 0.648328 0.236692 0.305598
v 0.648920 0.235932 0.307179
v 0.647092 0.235932 0.302511
v 0.647449 0.235932 0.304157
v 0.649720 0.235551 0.308741
v 0.650547 0.237960 0.307947
v 0.650197 0.236692 0.308282
v 0.646542 0.235425 0.297157
v 0.647159 0.235932 0.299149
v 0.646793 0.235551 0.299083
v 0.645897 0.235425 0.300805
v 0.647922 0.237960 0.299285
v 0.647446 0.236692 0.299200
v 0.646996 0.235932 0.300827
v 0.648261 0.235932 0.295976
v 0.647581 0.235932 0.297518
v 0.646724 0.235551 0.302562
v 0.647860 0.237960 0.302405
v 0.647380 0.236692 0.302471
v 0.650963 0.235425 0.291322
v 0.650291 0.235932 0.293296
v 0.650034 0.235551 0.293028
v 0.648296 0.235425 0.293894
v 0.650828 0.237960 0.293855
v 0.650492 0.236692 0.293506
v 0.649172 0.235932 0.294558
v 0.653047 0.235932 0.291377
v 0.651591 0.235932 0.292224
v 0.647933 0.235551 0.295801
v 0.648944 0.237960 0.296342
v 0.648517 0.236692 0.296113
v 0.665431 0.235551 0.309055
v 0.667168 0.235425 0.308189
v 0.664636 0.237960 0.308228
v 0.664972 0.236692 0.308578
v 0.666292 0.235932 0.307525
v 0.667531 0.235551 0.306282
v 0.666520 0.237960 0.305741
v 0.666947 0.236692 0.305969
v 0.657969 0.235425 0.289199
v 0.656265 0.235932 0.290401
v 0.656214 0.235551 0.290033
v 0.654300 0.235425 0.289713
v 0.656371 0.237960 0.291169
v 0.656305 0.236692 0.290689
v 0.654618 0.235932 0.290765
v 0.659623 0.235932 0.290468
v 0.657947 0.235932 0.290298
v 0.652885 0.235551 0.291042
v 0.653385 0.237960 0.292074
v 0.653174 0.236692 0.291638
v 0.662579 0.260723 0.311041
v 0.661165 0.260849 0.312370
v 0.662079 0.258314 0.310009
v 0.662291 0.259582 0.310446
v 0.659200 0.260342 0.311682
v 0.660846 0.260342 0.311318
v 0.655842 0.260342 0.311615
v 0.657518 0.260342 0.311785
v 0.659250 0.260723 0.312050
v 0.659093 0.258314 0.310914
v 0.659159 0.259582 0.311393
v 0.657496 0.260849 0.312884
v 0.664884 0.235425 0.291600
v 0.662799 0.235932 0.291571
v 0.662975 0.235551 0.291243
v 0.661614 0.235425 0.289859
v 0.662434 0.237960 0.292255
v 0.662662 0.236692 0.291827
v 0.661254 0.235932 0.290897
v 0.665477 0.235932 0.293599
v 0.664220 0.235932 0.292476
v 0.659688 0.235551 0.290102
v 0.659486 0.237960 0.291232
v 0.659571 0.236692 0.290755
v 0.659688 0.260723 0.290102
v 0.661614 0.260849 0.289859
v 0.659486 0.258314 0.291232
v 0.659571 0.259582 0.290755
v 0.662799 0.260342 0.291571
v 0.661254 0.260342 0.290897
v 0.665477 0.260342 0.293599
v 0.664220 0.260342 0.292476
v 0.662975 0.260723 0.291243
v 0.662434 0.258314 0.292255
v 0.662662 0.259582 0.291827
v 0.664884 0.260849 0.291600
v 0.655776 0.260723 0.311980
v 0.653850 0.260849 0.312224
v 0.655978 0.258314 0.310851
v 0.655893 0.259582 0.311329
v 0.654210 0.260342 0.311185
v 0.652490 0.260723 0.310840
v 0.653031 0.258314 0.309829
v 0.652802 0.259582 0.310255
v 0.667733 0.235551 0.296196
v 0.667446 0.235425 0.294276
v 0.666701 0.237960 0.296696
v 0.667136 0.236692 0.296485
v 0.666544 0.235932 0.294904
v 0.665744 0.235551 0.293341
v 0.664917 0.237960 0.294136
v 0.665267 0.236692 0.293800
v 0.665744 0.260723 0.293341
v 0.667446 0.260849 0.294276
v 0.664917 0.258314 0.294136
v 0.665267 0.259582 0.293800
v 0.666544 0.260342 0.294904
v 0.667733 0.260723 0.296196
v 0.666701 0.258314 0.296696
v 0.667136 0.259582 0.296485
v 0.648191 0.237960 0.303933
v 0.650397 0.240806 0.304542
v 0.649434 0.239432 0.305049
v 0.649557 0.237960 0.306736
v 0.653036 0.242581 0.302465
v 0.651612 0.241912 0.303727
v 0.651905 0.240806 0.306708
v 0.651194 0.240905 0.305595
v 0.649688 0.240806 0.302201
v 0.649800 0.240707 0.303445
v 0.653855 0.240806 0.308185
v 0.652728 0.240707 0.307649
v 0.651096 0.239432 0.307436
v 0.654769 0.242581 0.304954
v 0.653092 0.241912 0.305852
v 0.651712 0.237960 0.308988
v 0.663430 0.258314 0.309222
v 0.661321 0.255468 0.308335
v 0.661763 0.256842 0.309329
v 0.660622 0.258314 0.310577
v 0.660537 0.253693 0.305068
v 0.660873 0.254362 0.306942
v 0.658795 0.255468 0.309100
v 0.660042 0.255369 0.308667
v 0.663328 0.255468 0.306937
v 0.662469 0.255567 0.307843
v 0.656349 0.255468 0.309051
v 0.657567 0.255567 0.309328
v 0.658979 0.256842 0.310172
v 0.657634 0.253693 0.305948
v 0.658395 0.254362 0.307693
v 0.657533 0.258314 0.311010
v 0.663430 0.237960 0.309222
v 0.663328 0.240806 0.306937
v 0.664108 0.239432 0.307696
v 0.665674 0.237960 0.307058
v 0.660537 0.242581 0.305068
v 0.662178 0.241912 0.306033
v 0.664922 0.240806 0.304832
v 0.664083 0.240905 0.305852
v 0.661321 0.240806 0.308335
v 0.662469 0.240707 0.307843
v 0.665725 0.240806 0.302522
v 0.665562 0.240707 0.303760
v 0.665864 0.239432 0.305377
v 0.662368 0.242581 0.302651
v 0.663741 0.241912 0.303970
v 0.667151 0.237960 0.304311
v 0.653374 0.239432 0.309162
v 0.654465 0.237960 0.310454
v 0.654359 0.241912 0.306812
v 0.656349 0.240806 0.309051
v 0.655119 0.240905 0.308569
v 0.658795 0.240806 0.309100
v 0.657567 0.240707 0.309328
v 0.656122 0.239432 0.310115
v 0.657634 0.242581 0.305948
v 0.656804 0.241912 0.307660
v 0.657533 0.237960 0.311010
v 0.656122 0.256842 0.310115
v 0.654465 0.258314 0.310454
v 0.656804 0.254362 0.307660
v 0.653855 0.255468 0.308185
v 0.655119 0.255369 0.308569
v 0.651905 0.255468 0.306708
v 0.652728 0.255567 0.307649
v 0.653374 0.256842 0.309162
v 0.654769 0.253693 0.304954
v 0.654359 0.254362 0.306812
v 0.651712 0.258314 0.308988
v 0.658979 0.239432 0.310172
v 0.660622 0.237960 0.310577
v 0.658395 0.241912 0.307693
v 0.660042 0.240905 0.308667
v 0.661763 0.239432 0.309329
v 0.660873 0.241912 0.306942
v 0.652034 0.258314 0.292861
v 0.654144 0.255468 0.293749
v 0.653701 0.256842 0.292754
v 0.654843 0.258314 0.291506
v 0.654927 0.253693 0.297015
v 0.654592 0.254362 0.295141
v 0.656670 0.255468 0.292984
v 0.655422 0.255369 0.293416
v 0.652136 0.255468 0.295147
v 0.652995 0.255567 0.294240
v 0.659115 0.255468 0.293032
v 0.657898 0.255567 0.292755
v 0.656485 0.256842 0.291911
v 0.657830 0.253693 0.296135
v 0.657069 0.254362 0.294391
v 0.657931 0.258314 0.291074
v 0.667151 0.258314 0.304311
v 0.664922 0.255468 0.304832
v 0.665864 0.256842 0.305377
v 0.665674 0.258314 0.307058
v 0.662368 0.253693 0.302651
v 0.663741 0.254362 0.303970
v 0.664083 0.255369 0.305852
v 0.665725 0.255468 0.302522
v 0.665562 0.255567 0.303760
v 0.664108 0.256842 0.307696
v 0.662178 0.254362 0.306033
v 0.651096 0.256842 0.307436
v 0.649557 0.258314 0.306736
v 0.653092 0.254362 0.305852
v 0.650397 0.255468 0.304542
v 0.651194 0.255369 0.305595
v 0.649688 0.255468 0.302201
v 0.649800 0.255567 0.303445
v 0.649434 0.256842 0.305049
v 0.653036 0.253693 0.302465
v 0.651612 0.254362 0.303727
v 0.648191 0.258314 0.303933
v 0.667273 0.258314 0.298150
v 0.665776 0.255468 0.299882
v 0.666860 0.256842 0.299770
v 0.667693 0.258314 0.301240
v 0.662429 0.253693 0.299619
v 0.664314 0.254362 0.299879
v 0.665699 0.255369 0.301201
v 0.665067 0.255468 0.297540
v 0.665664 0.255567 0.298638
v 0.666801 0.256842 0.302677
v 0.664262 0.254362 0.302466
v 0.648314 0.258314 0.297772
v 0.650542 0.255468 0.297251
v 0.649600 0.256842 0.296706
v 0.649790 0.258314 0.295026
v 0.653096 0.253693 0.299432
v 0.651724 0.254362 0.298114
v 0.651381 0.255369 0.296230
v 0.649740 0.255468 0.299562
v 0.649902 0.255567 0.298323
v 0.651357 0.256842 0.294388
v 0.653287 0.254362 0.296051
v 0.663752 0.258314 0.293095
v 0.663559 0.255468 0.295375
v 0.664368 0.256842 0.294647
v 0.665908 0.258314 0.295347
v 0.660695 0.253693 0.297130
v 0.662373 0.254362 0.296232
v 0.664271 0.255369 0.296488
v 0.661609 0.255468 0.293898
v 0.662737 0.255567 0.294435
v 0.666031 0.256842 0.297035
v 0.663853 0.254362 0.298357
v 0.663752 0.237960 0.293095
v 0.661609 0.240806 0.293898
v 0.662090 0.239432 0.292922
v 0.660999 0.237960 0.291629
v 0.660695 0.242581 0.297130
v 0.661105 0.241912 0.295271
v 0.659115 0.240806 0.293032
v 0.660345 0.240905 0.293514
v 0.663559 0.240806 0.295375
v 0.662737 0.240707 0.294435
v 0.656670 0.240806 0.292984
v 0.657898 0.240707 0.292755
v 0.659342 0.239432 0.291968
v 0.657830 0.242581 0.296135
v 0.658660 0.241912 0.294422
v 0.657931 0.237960 0.291074
v 0.667273 0.237960 0.298150
v 0.665067 0.240806 0.297540
v 0.666031 0.239432 0.297035
v 0.665908 0.237960 0.295347
v 0.662429 0.242581 0.299619
v 0.663853 0.241912 0.298357
v 0.664271 0.240905 0.296488
v 0.665776 0.240806 0.299882
v 0.665664 0.240707 0.298638
v 0.664368 0.239432 0.294647
v 0.662373 0.241912 0.296232
v 0.656485 0.239432 0.291911
v 0.654843 0.237960 0.291506
v 0.657069 0.241912 0.294391
v 0.654144 0.240806 0.293749
v 0.655422 0.240905 0.293416
v 0.652136 0.240806 0.295147
v 0.652995 0.240707 0.294240
v 0.653701 0.239432 0.292754
v 0.654927 0.242581 0.297015
v 0.654592 0.241912 0.295141
v 0.652034 0.237960 0.292861
v 0.648605 0.256842 0.302314
v 0.647771 0.258314 0.300843
v 0.651150 0.254362 0.302205
v 0.649766 0.255369 0.300883
v 0.648663 0.256842 0.299406
v 0.651202 0.254362 0.299617
v 0.651357 0.239432 0.294388
v 0.649790 0.237960 0.295026
v 0.653287 0.241912 0.296051
v 0.650542 0.240806 0.297251
v 0.651381 0.240905 0.296230
v 0.649740 0.240806 0.299562
v 0.649902 0.240707 0.298323
v 0.649600 0.239432 0.296706
v 0.653096 0.242581 0.299432
v 0.651724 0.241912 0.298114
v 0.648314 0.237960 0.297772
v 0.666801 0.239432 0.302677
v 0.667693 0.237960 0.301240
v 0.664262 0.241912 0.302466
v 0.665699 0.240905 0.301201
v 0.666860 0.239432 0.299770
v 0.664314 0.241912 0.299879
v 0.648663 0.239432 0.299406
v 0.647771 0.237960 0.300843
v 0.651202 0.241912 0.299617
v 0.649766 0.240905 0.300883
v 0.648605 0.239432 0.302314
v 0.651150 0.241912 0.302205
v 0.659342 0.256842 0.291968
v 0.660999 0.258314 0.291629
v 0.658660 0.254362 0.294422
v 0.660345 0.255369 0.293514
v 0.662090 0.256842 0.292922
v 0.661105 0.254362 0.295271
v 0.658868 0.242806 0.304791
v 0.660855 0.242806 0.303407
v 0.656447 0.242806 0.304743
v 0.654517 0.242806 0.303281
v 0.653815 0.242806 0.300963
v 0.654609 0.242806 0.298676
v 0.656596 0.242806 0.297292
v 0.659017 0.242806 0.297340
v 0.660947 0.242806 0.298802
v 0.661649 0.242806 0.301120
v 0.660855 0.253468 0.303407
v 0.658868 0.253468 0.304791
v 0.661649 0.253468 0.301120
v 0.660947 0.253468 0.298802
v 0.659017 0.253468 0.297340
v 0.656596 0.253468 0.297292
v 0.654609 0.253468 0.298676
v 0.653815 0.253468 0.300963
v 0.654517 0.253468 0.303281
v 0.656447 0.253468 0.304743
v 0.648043 0.197399 0.304390
v 0.650985 0.197399 0.308613
v 0.649435 0.197040 0.306557
v 0.633909 0.202014 0.314234
v 0.640976 0.199707 0.309312
v 0.646021 0.199911 0.300309
v 0.646881 0.198386 0.302258
v 0.655110 0.195091 0.299468
v 0.626843 0.204322 0.319155
v 0.631888 0.204526 0.310153
v 0.632747 0.203001 0.312102
v 0.636851 0.202014 0.318457
v 0.635301 0.201655 0.316400
v 0.631363 0.208832 0.307381
v 0.631402 0.206500 0.308531
v 0.638954 0.202219 0.305231
v 0.624821 0.206834 0.315075
v 0.653088 0.197603 0.295387
v 0.645497 0.204217 0.297537
v 0.645536 0.201885 0.298687
v 0.638430 0.206525 0.302459
v 0.646602 0.209241 0.296768
v 0.645866 0.206729 0.296889
v 0.652564 0.201909 0.292615
v 0.624296 0.211140 0.312303
v 0.632468 0.213856 0.306612
v 0.631732 0.211344 0.306733
v 0.634886 0.218162 0.308065
v 0.633532 0.216188 0.307047
v 0.639535 0.211548 0.301690
v 0.625401 0.216163 0.311534
v 0.653669 0.206933 0.291846
v 0.649020 0.213547 0.298221
v 0.647666 0.211573 0.297203
v 0.641953 0.215854 0.303143
v 0.652146 0.216058 0.301532
v 0.650550 0.215072 0.299703
v 0.656086 0.211239 0.293299
v 0.627819 0.220469 0.312987
v 0.638012 0.220674 0.311376
v 0.636416 0.219687 0.309547
v 0.640954 0.220674 0.315600
v 0.639562 0.221033 0.313433
v 0.645079 0.218366 0.306454
v 0.630945 0.222981 0.316298
v 0.659213 0.213751 0.296610
v 0.655088 0.216058 0.305756
v 0.653696 0.216417 0.303589
v 0.648021 0.218366 0.310678
v 0.657110 0.213547 0.309837
v 0.656250 0.215072 0.307887
v 0.662155 0.213751 0.300834
v 0.633887 0.222981 0.320522
v 0.642976 0.218162 0.319681
v 0.642116 0.219687 0.317731
v 0.643500 0.213856 0.322452
v 0.643461 0.216188 0.321303
v 0.650043 0.215854 0.314759
v 0.635909 0.220469 0.324603
v 0.664177 0.211239 0.304915
v 0.657634 0.209241 0.312608
v 0.657595 0.211573 0.311459
v 0.650567 0.211548 0.317530
v 0.656529 0.204217 0.313377
v 0.657266 0.206729 0.313257
v 0.664701 0.206933 0.307686
v 0.636433 0.216163 0.327373
v 0.642395 0.208832 0.323221
v 0.643132 0.211344 0.323101
v 0.639978 0.204526 0.321769
v 0.641331 0.206500 0.322787
v 0.649462 0.206525 0.318299
v 0.635328 0.211140 0.328143
v 0.663596 0.201909 0.308455
v 0.654112 0.199911 0.311925
v 0.655465 0.201885 0.312943
v 0.647045 0.202219 0.316847
v 0.652581 0.198386 0.310442
v 0.661179 0.197603 0.307003
v 0.632911 0.206834 0.326691
v 0.638447 0.203001 0.320286
v 0.643918 0.199707 0.313535
v 0.629784 0.204322 0.323379
v 0.658052 0.195091 0.303691
v 0.655110 0.144522 0.299468
v 0.648043 0.142214 0.304390
v 0.646021 0.139703 0.300309
v 0.646881 0.141228 0.302258
v 0.633909 0.137599 0.314234
v 0.640976 0.139907 0.309312
v 0.650985 0.142214 0.308613
v 0.649435 0.142573 0.306557
v 0.645497 0.135397 0.297537
v 0.645536 0.137729 0.298687
v 0.631888 0.135087 0.310153
v 0.638954 0.137395 0.305231
v 0.653088 0.142010 0.295387
v 0.624821 0.132780 0.315075
v 0.632747 0.136612 0.312102
v 0.631363 0.130781 0.307381
v 0.631402 0.133114 0.308531
v 0.636851 0.137599 0.318457
v 0.635301 0.137958 0.316400
v 0.626843 0.135292 0.319155
v 0.652564 0.137704 0.292615
v 0.646602 0.130373 0.296768
v 0.645866 0.132885 0.296889
v 0.638430 0.133089 0.302459
v 0.649020 0.126067 0.298221
v 0.647666 0.128040 0.297203
v 0.632468 0.125758 0.306612
v 0.639535 0.128065 0.301690
v 0.653669 0.132680 0.291846
v 0.625401 0.123450 0.311534
v 0.631732 0.128269 0.306733
v 0.634886 0.121452 0.308065
v 0.633532 0.123425 0.307047
v 0.624296 0.128474 0.312303
v 0.656086 0.128374 0.293299
v 0.652146 0.123555 0.301532
v 0.650550 0.124542 0.299703
v 0.641953 0.123759 0.303143
v 0.655088 0.123555 0.305756
v 0.653696 0.123196 0.303589
v 0.638012 0.118940 0.311376
v 0.645079 0.121247 0.306454
v 0.659213 0.125863 0.296610
v 0.630945 0.116632 0.316298
v 0.636416 0.119927 0.309547
v 0.640954 0.118940 0.315600
v 0.639562 0.118581 0.313433
v 0.627819 0.119144 0.312987
v 0.662155 0.125863 0.300834
v 0.657110 0.126067 0.309837
v 0.656250 0.124542 0.307887
v 0.648021 0.121247 0.310678
v 0.657634 0.130373 0.312608
v 0.657595 0.128040 0.311459
v 0.642976 0.121452 0.319681
v 0.650043 0.123759 0.314759
v 0.664177 0.128374 0.304915
v 0.635909 0.119144 0.324603
v 0.642116 0.119927 0.317731
v 0.643500 0.125758 0.322452
v 0.643461 0.123425 0.321303
v 0.633887 0.116632 0.320522
v 0.664701 0.132680 0.307686
v 0.656529 0.135397 0.313377
v 0.657266 0.132885 0.313257
v 0.650567 0.128065 0.317530
v 0.654112 0.139703 0.311925
v 0.655465 0.137729 0.312943
v 0.642395 0.130781 0.323221
v 0.649462 0.133089 0.318299
v 0.663596 0.137704 0.308455
v 0.635328 0.128474 0.328143
v 0.643132 0.128269 0.323101
v 0.639978 0.135087 0.321769
v 0.641331 0.133114 0.322787
v 0.636433 0.123450 0.327373
v 0.661179 0.142010 0.307003
v 0.652581 0.141228 0.310442
v 0.647045 0.137395 0.316847
v 0.643918 0.139907 0.313535
v 0.658052 0.144522 0.303691
v 0.629784 0.135292 0.323379
v 0.638447 0.136612 0.320286
v 0.632911 0.132780 0.326691
v 0.660410 0.224057 0.308562
v 0.657563 0.221741 0.310285
v 0.658514 0.223635 0.309537
v 0.666069 0.188824 0.315428
v 0.663506 0.207141 0.312266
v 0.664639 0.224057 0.305617
v 0.662652 0.223899 0.307283
v 0.657820 0.248222 0.305051
v 0.658081 0.238206 0.305697
v 0.666069 0.150789 0.315428
v 0.667217 0.169807 0.316874
v 0.669657 0.188824 0.312929
v 0.667853 0.188902 0.314175
v 0.663491 0.188202 0.317305
v 0.664537 0.188591 0.316526
v 0.672387 0.188202 0.311109
v 0.671246 0.188591 0.311853
v 0.667343 0.207141 0.309593
v 0.669657 0.150789 0.312929
v 0.670716 0.169807 0.314436
v 0.661795 0.248222 0.302283
v 0.662478 0.238206 0.302634
v 0.667453 0.221741 0.303396
v 0.666273 0.223635 0.304133
v 0.664639 0.115557 0.305617
v 0.667453 0.117872 0.303396
v 0.666273 0.115978 0.304133
v 0.667343 0.132473 0.309593
v 0.660410 0.115557 0.308562
v 0.662652 0.115715 0.307283
v 0.661795 0.091391 0.302283
v 0.662478 0.101408 0.302634
v 0.667853 0.150712 0.314175
v 0.672387 0.151412 0.311109
v 0.671246 0.151023 0.311853
v 0.663491 0.151412 0.317305
v 0.664537 0.151023 0.316526
v 0.663506 0.132473 0.312266
v 0.657820 0.091391 0.305051
v 0.658081 0.101408 0.305697
v 0.657563 0.117872 0.310285
v 0.658514 0.115978 0.309537
v 0.651359 0.115557 0.295567
v 0.648756 0.117872 0.297640
v 0.649788 0.115978 0.297008
v 0.646881 0.150789 0.287879
v 0.648959 0.132473 0.291379
v 0.655588 0.115557 0.292622
v 0.653337 0.115715 0.293909
v 0.653754 0.091391 0.299214
v 0.653239 0.101408 0.298746
v 0.646881 0.188824 0.287879
v 0.645923 0.169807 0.286301
v 0.650469 0.150789 0.285380
v 0.648675 0.150712 0.286639
v 0.644227 0.151412 0.289647
v 0.645321 0.151023 0.288935
v 0.653123 0.151412 0.283451
v 0.652030 0.151023 0.284263
v 0.652795 0.132473 0.288707
v 0.650469 0.188824 0.285380
v 0.649423 0.169807 0.283863
v 0.657729 0.091391 0.296446
v 0.657637 0.101408 0.295683
v 0.658646 0.117872 0.290752
v 0.657547 0.115978 0.291604
v 0.655588 0.224057 0.292622
v 0.658646 0.221741 0.290752
v 0.657547 0.223635 0.291604
v 0.652795 0.207141 0.288707
v 0.651359 0.224057 0.295567
v 0.653337 0.223899 0.293909
v 0.657729 0.248222 0.296446
v 0.657637 0.238206 0.295683
v 0.648675 0.188902 0.286639
v 0.653123 0.188202 0.283451
v 0.652030 0.188591 0.284263
v 0.644227 0.188202 0.289647
v 0.645321 0.188591 0.288935
v 0.648959 0.207141 0.291379
v 0.653754 0.248222 0.299214
v 0.653239 0.238206 0.298746
v 0.648756 0.221741 0.297640
v 0.649788 0.223635 0.297008
v 0.664124 0.098873 0.297678
v 0.663022 0.089306 0.298782
v 0.663514 0.094630 0.298056
v 0.662856 0.098873 0.295857
v 0.663605 0.096945 0.296688
v 0.665160 0.107820 0.297680
v 0.664717 0.102960 0.297578
v 0.665158 0.105550 0.299643
v 0.661371 0.105550 0.294206
v 0.663213 0.107820 0.294885
v 0.663156 0.102960 0.295336
v 0.661439 0.089306 0.296508
v 0.662290 0.094630 0.296299
v 0.662345 0.124596 0.293241
v 0.662963 0.114637 0.294266
v 0.664212 0.105975 0.296265
v 0.659777 0.123197 0.290184
v 0.661841 0.113510 0.293029
v 0.668378 0.123197 0.302534
v 0.666425 0.113510 0.299611
v 0.666401 0.124596 0.299065
v 0.665653 0.114637 0.298128
v 0.655593 0.133829 0.286749
v 0.659263 0.120519 0.290225
v 0.652034 0.169807 0.281977
v 0.655495 0.152345 0.284273
v 0.654146 0.151878 0.283326
v 0.660756 0.152967 0.290908
v 0.657566 0.152734 0.286672
v 0.657501 0.136327 0.287036
v 0.655495 0.187269 0.284273
v 0.654559 0.169807 0.282987
v 0.660649 0.124893 0.291048
v 0.655593 0.205784 0.286749
v 0.654146 0.187735 0.283326
v 0.662856 0.240741 0.295857
v 0.661371 0.234063 0.294206
v 0.659777 0.216417 0.290184
v 0.659263 0.219095 0.290225
v 0.662345 0.215017 0.293241
v 0.660649 0.214720 0.291048
v 0.657501 0.203287 0.287036
v 0.663213 0.231793 0.294885
v 0.661841 0.226104 0.293029
v 0.660756 0.186647 0.290908
v 0.657566 0.186880 0.286672
v 0.661439 0.250308 0.296508
v 0.662290 0.244984 0.296299
v 0.664124 0.240741 0.297678
v 0.663605 0.242669 0.296688
v 0.663156 0.236653 0.295336
v 0.665158 0.234063 0.299643
v 0.665160 0.231793 0.297680
v 0.664717 0.236653 0.297578
v 0.663022 0.250308 0.298782
v 0.663514 0.244984 0.298056
v 0.666401 0.215017 0.299065
v 0.665653 0.224976 0.298128
v 0.664212 0.233639 0.296265
v 0.668378 0.216417 0.302534
v 0.666425 0.226104 0.299611
v 0.662963 0.224976 0.294266
v 0.670149 0.205784 0.307649
v 0.668161 0.219095 0.303000
v 0.673391 0.169807 0.312641
v 0.672438 0.187269 0.308600
v 0.672857 0.187735 0.310192
v 0.668038 0.186647 0.301364
v 0.670905 0.186880 0.305824
v 0.670542 0.203287 0.305760
v 0.672438 0.152345 0.308600
v 0.673319 0.169807 0.309923
v 0.667870 0.214720 0.301415
v 0.670149 0.133829 0.307649
v 0.672857 0.151878 0.310192
v 0.668161 0.120519 0.303000
v 0.667870 0.124893 0.301415
v 0.670542 0.136327 0.305760
v 0.668038 0.152967 0.301364
v 0.670905 0.152734 0.305824
v 0.667247 0.202159 0.300229
v 0.664412 0.215664 0.296125
v 0.668421 0.169807 0.301925
v 0.664451 0.186569 0.296098
v 0.661546 0.202159 0.292044
v 0.660363 0.169807 0.290355
v 0.661546 0.137454 0.292044
v 0.664412 0.123950 0.296125
v 0.664451 0.153045 0.296098
v 0.667247 0.137454 0.300229
v 0.653055 0.240741 0.305387
v 0.654099 0.250308 0.304996
v 0.653392 0.244984 0.305106
v 0.651788 0.240741 0.303566
v 0.652286 0.242669 0.304571
v 0.653182 0.231793 0.306023
v 0.653012 0.236653 0.305730
v 0.654635 0.234063 0.306972
v 0.650849 0.234063 0.301535
v 0.651235 0.231793 0.303228
v 0.651451 0.236653 0.303488
v 0.652516 0.250308 0.302723
v 0.652168 0.244984 0.303349
v 0.650297 0.215017 0.301632
v 0.650922 0.224976 0.302653
v 0.652179 0.233639 0.304645
v 0.648152 0.216417 0.298280
v 0.650006 0.226104 0.301272
v 0.656753 0.216417 0.310631
v 0.654590 0.226104 0.307854
v 0.654353 0.215017 0.307456
v 0.653612 0.224976 0.306515
v 0.646290 0.205784 0.293229
v 0.648224 0.219095 0.297914
v 0.643297 0.169807 0.288063
v 0.644290 0.187269 0.292077
v 0.643813 0.187735 0.290523
v 0.648765 0.186647 0.299259
v 0.645870 0.186880 0.294819
v 0.646103 0.203287 0.294975
v 0.644290 0.152345 0.292077
v 0.643442 0.169807 0.290730
v 0.648767 0.214720 0.299324
v 0.646290 0.133829 0.293229
v 0.643813 0.151878 0.290523
v 0.651788 0.098873 0.303566
v 0.650849 0.105550 0.301535
v 0.648152 0.123197 0.298280
v 0.648224 0.120519 0.297914
v 0.650297 0.124596 0.301632
v 0.648767 0.124893 0.299324
v 0.646103 0.136327 0.294975
v 0.651235 0.107820 0.303228
v 0.650006 0.113510 0.301272
v 0.648765 0.152967 0.299259
v 0.645870 0.152734 0.294819
v 0.652516 0.089306 0.302723
v 0.652168 0.094630 0.303349
v 0.653055 0.098873 0.305387
v 0.652286 0.096945 0.304571
v 0.651451 0.102960 0.303488
v 0.654635 0.105550 0.306972
v 0.653182 0.107820 0.306023
v 0.653012 0.102960 0.305730
v 0.654099 0.089306 0.304996
v 0.653392 0.094630 0.305106
v 0.654353 0.124596 0.307456
v 0.653612 0.114637 0.306515
v 0.652179 0.105975 0.304645
v 0.656753 0.123197 0.310631
v 0.654590 0.113510 0.307854
v 0.650922 0.114637 0.302653
v 0.660846 0.133829 0.314128
v 0.657121 0.120519 0.310689
v 0.664654 0.169807 0.318727
v 0.661233 0.152345 0.316404
v 0.662524 0.151878 0.317389
v 0.656047 0.152967 0.309715
v 0.659209 0.152734 0.313970
v 0.659144 0.136327 0.313699
v 0.661233 0.187269 0.316404
v 0.662202 0.169807 0.317665
v 0.655987 0.124893 0.309691
v 0.660846 0.205784 0.314128
v 0.662524 0.187735 0.317389
v 0.657121 0.219095 0.310689
v 0.655987 0.214720 0.309691
v 0.659144 0.203287 0.313699
v 0.656047 0.186647 0.309715
v 0.659209 0.186880 0.313970
v 0.652305 0.215664 0.304558
v 0.655224 0.202159 0.308603
v 0.649523 0.202159 0.300417
v 0.648389 0.169807 0.298694
v 0.652362 0.186569 0.304518
v 0.656447 0.169807 0.310264
v 0.652305 0.123950 0.304558
v 0.649523 0.137454 0.300417
v 0.655224 0.137454 0.308603
v 0.652362 0.153045 0.304518
v 0.655516 0.247987 0.297508
v 0.656171 0.259331 0.295735
v 0.656897 0.254975 0.296075
v 0.659876 0.248979 0.296091
v 0.652677 0.248979 0.301105
v 0.653515 0.259331 0.297584
v 0.653611 0.254975 0.298363
v 0.654966 0.263563 0.299243
v 0.653842 0.261968 0.297628
v 0.654552 0.259566 0.296241
v 0.653545 0.259331 0.301251
v 0.653150 0.259095 0.299382
v 0.659600 0.259331 0.297033
v 0.657984 0.259095 0.296015
v 0.657224 0.263563 0.297670
v 0.656099 0.261968 0.296056
v 0.653060 0.088498 0.304032
v 0.655836 0.080283 0.304542
v 0.654980 0.084118 0.304871
v 0.655673 0.090634 0.305407
v 0.652677 0.090634 0.301105
v 0.653545 0.080283 0.301251
v 0.652939 0.084118 0.301940
v 0.654966 0.076050 0.299243
v 0.654248 0.077646 0.300428
v 0.654505 0.080048 0.303026
v 0.653515 0.080283 0.297584
v 0.653150 0.080518 0.299382
v 0.659266 0.080283 0.305841
v 0.657453 0.080518 0.305560
v 0.658213 0.076050 0.303904
v 0.656852 0.077646 0.304167
v 0.653060 0.251115 0.304032
v 0.652939 0.255496 0.301940
v 0.655673 0.248979 0.305407
v 0.655836 0.259331 0.304542
v 0.654981 0.255496 0.304871
v 0.658213 0.263563 0.303904
v 0.656852 0.261968 0.304167
v 0.654505 0.259566 0.303026
v 0.659266 0.259331 0.305841
v 0.657453 0.259095 0.305560
v 0.654248 0.261968 0.300428
v 0.662470 0.088498 0.297478
v 0.659600 0.080283 0.297033
v 0.660482 0.084118 0.296687
v 0.659876 0.090634 0.296091
v 0.662872 0.090634 0.300393
v 0.661892 0.080283 0.300324
v 0.662523 0.084118 0.299618
v 0.660470 0.076050 0.302332
v 0.661188 0.077646 0.301147
v 0.660932 0.080048 0.298549
v 0.661922 0.080283 0.303991
v 0.662287 0.080518 0.302193
v 0.656171 0.080283 0.295735
v 0.657984 0.080518 0.296015
v 0.657224 0.076050 0.297670
v 0.658584 0.077646 0.297408
v 0.662470 0.251115 0.297478
v 0.661892 0.259331 0.300324
v 0.662523 0.255496 0.299618
v 0.662872 0.248979 0.300393
v 0.660482 0.255496 0.296687
v 0.658584 0.261968 0.297408
v 0.660932 0.259566 0.298549
v 0.661922 0.259331 0.303991
v 0.662287 0.259095 0.302193
v 0.660470 0.263563 0.302332
v 0.661188 0.261968 0.301147
v 0.655516 0.091627 0.297508
v 0.653611 0.084639 0.298363
v 0.656897 0.084639 0.296075
v 0.656099 0.077646 0.296056
v 0.654552 0.080048 0.296241
v 0.653842 0.077646 0.297628
v 0.660031 0.091627 0.303990
v 0.661853 0.084639 0.303192
v 0.658568 0.084639 0.305480
v 0.659338 0.077646 0.305520
v 0.660885 0.080048 0.305334
v 0.661595 0.077646 0.303948
v 0.660031 0.247987 0.303990
v 0.658568 0.254975 0.305480
v 0.661853 0.254975 0.303192
v 0.661595 0.261968 0.303948
v 0.660885 0.259566 0.305334
v 0.659338 0.261968 0.305520
v 0.658897 0.075513 0.299966
v 0.655892 0.075513 0.298166
v 0.659544 0.075513 0.303409
v 0.656539 0.075513 0.301609
v 0.658897 0.264101 0.299966
v 0.659544 0.264101 0.303409
v 0.655892 0.264101 0.298166
v 0.656539 0.264101 0.301609
s 0
f 5 1307 1313
f 1307 1305 1313
f 351 1309 1307
f 1309 1305 1307
f 349 1311 1309
f 1311 1305 1309
f 357 1313 1311
f 1313 1305 1311
f 14 1315 1319
f 1315 1308 1319
f 353 1317 1315
f 1317 1308 1315
f 349 1309 1317
f 1309 1308 1317
f 351 1319 1309
f 1319 1308 1309
f 17 1321 1324
f 1321 1316 1324
f 355 1322 1321
f 1322 1316 1321
f 349 1317 1322
f 1317 1316 1322
f 353 1324 1317
f 1324 1316 1317
f 16 1326 1328
f 1326 1310 1328
f 357 1311 1326
f 1311 1310 1326
f 349 1322 1311
f 1322 1310 1311
f 355 1328 1322
f 1328 1310 1322
f 6 1331 1336
f 1331 1329 1336
f 359 1333 1331
f 1333 1329 1331
f 352 1334 1333
f 1334 1329 1333
f 363 1336 1334
f 1336 1329 1334
f 15 1338 1341
f 1338 1332 1341
f 361 1339 1338
f 1339 1332 1338
f 352 1333 1339
f 1333 1332 1339
f 359 1341 1333
f 1341 1332 1333
f 17 1324 1344
f 1324 1323 1344
f 353 1342 1324
f 1342 1323 1324
f 352 1339 1342
f 1339 1323 1342
f 361 1344 1339
f 1344 1323 1339
f 14 1346 1315
f 1346 1314 1315
f 363 1334 1346
f 1334 1314 1346
f 352 1342 1334
f 1342 1314 1334
f 353 1315 1342
f 1315 1314 1342
f 7 1349 1355
f 1349 1347 1355
f 366 1351 1349
f 1351 1347 1349
f 364 1353 1351
f 1353 1347 1351
f 372 1355 1353
f 1355 1347 1353
f 19 1357 1361
f 1357 1350 1361
f 368 1359 1357
f 1359 1350 1357
f 364 1351 1359
f 1351 1350 1359
f 366 1361 1351
f 1361 1350 1351
f 20 1363 1366
f 1363 1358 1366
f 370 1364 1363
f 1364 1358 1363
f 364 1359 1364
f 1359 1358 1364
f 368 1366 1359
f 1366 1358 1359
f 18 1368 1370
f 1368 1352 1370
f 372 1353 1368
f 1353 1352 1368
f 364 1364 1353
f 1364 1352 1353
f 370 1370 1364
f 1370 1352 1364
f 7 1372 1349
f 1372 1348 1349
f 374 1374 1372
f 1374 1348 1372
f 365 1375 1374
f 1375 1348 1374
f 366 1349 1375
f 1349 1348 1375
f 21 1377 1381
f 1377 1373 1381
f 376 1379 1377
f 1379 1373 1377
f 365 1374 1379
f 1374 1373 1379
f 374 1381 1374
f 1381 1373 1374
f 23 1383 1386
f 1383 1378 1386
f 378 1384 1383
f 1384 1378 1383
f 365 1379 1384
f 1379 1378 1384
f 376 1386 1379
f 1386 1378 1379
f 19 1361 1388
f 1361 1360 1388
f 366 1375 1361
f 1375 1360 1361
f 365 1384 1375
f 1384 1360 1375
f 378 1388 1384
f 1388 1360 1384
f 8 1391 1396
f 1391 1389 1396
f 380 1393 1391
f 1393 1389 1391
f 375 1394 1393
f 1394 1389 1393
f 384 1396 1394
f 1396 1389 1394
f 22 1398 1401
f 1398 1392 1401
f 382 1399 1398
f 1399 1392 1398
f 375 1393 1399
f 1393 1392 1399
f 380 1401 1393
f 1401 1392 1393
f 23 1386 1404
f 1386 1385 1404
f 376 1402 1386
f 1402 1385 1386
f 375 1399 1402
f 1399 1385 1402
f 382 1404 1399
f 1404 1385 1399
f 21 1406 1377
f 1406 1376 1377
f 384 1394 1406
f 1394 1376 1406
f 375 1402 1394
f 1402 1376 1394
f 376 1377 1402
f 1377 1376 1402
f 8 1408 1391
f 1408 1390 1391
f 386 1410 1408
f 1410 1390 1408
f 379 1411 1410
f 1411 1390 1410
f 380 1391 1411
f 1391 1390 1411
f 24 1413 1417
f 1413 1409 1417
f 388 1415 1413
f 1415 1409 1413
f 379 1410 1415
f 1410 1409 1415
f 386 1417 1410
f 1417 1409 1410
f 25 1419 1422
f 1419 1414 1422
f 390 1420 1419
f 1420 1414 1419
f 379 1415 1420
f 1415 1414 1420
f 388 1422 1415
f 1422 1414 1415
f 22 1401 1424
f 1401 1400 1424
f 380 1411 1401
f 1411 1400 1401
f 379 1420 1411
f 1420 1400 1411
f 390 1424 1420
f 1424 1400 1420
f 20 1426 1363
f 1426 1362 1363
f 392 1428 1426
f 1428 1362 1426
f 369 1429 1428
f 1429 1362 1428
f 370 1363 1429
f 1363 1362 1429
f 31 1431 1435
f 1431 1427 1435
f 393 1433 1431
f 1433 1427 1431
f 369 1428 1433
f 1428 1427 1433
f 392 1435 1428
f 1435 1427 1428
f 30 1437 1440
f 1437 1432 1440
f 395 1438 1437
f 1438 1432 1437
f 369 1433 1438
f 1433 1432 1438
f 393 1440 1433
f 1440 1432 1433
f 18 1370 1442
f 1370 1369 1442
f 370 1429 1370
f 1429 1369 1370
f 369 1438 1429
f 1438 1369 1429
f 395 1442 1438
f 1442 1369 1438
f 6 1444 1331
f 1444 1330 1331
f 397 1445 1444
f 1445 1330 1444
f 358 1446 1445
f 1446 1330 1445
f 359 1331 1446
f 1331 1330 1446
f 30 1440 1449
f 1440 1439 1449
f 393 1447 1440
f 1447 1439 1440
f 358 1445 1447
f 1445 1439 1447
f 397 1449 1445
f 1449 1439 1445
f 31 1451 1431
f 1451 1430 1431
f 399 1452 1451
f 1452 1430 1451
f 358 1447 1452
f 1447 1430 1452
f 393 1431 1447
f 1431 1430 1447
f 15 1341 1454
f 1341 1340 1454
f 359 1446 1341
f 1446 1340 1341
f 358 1452 1446
f 1452 1340 1446
f 399 1454 1452
f 1454 1340 1452
f 25 1422 1459
f 1422 1421 1459
f 388 1455 1422
f 1455 1421 1422
f 387 1457 1455
f 1457 1421 1455
f 404 1459 1457
f 1459 1421 1457
f 24 1461 1413
f 1461 1412 1413
f 401 1463 1461
f 1463 1412 1461
f 387 1455 1463
f 1455 1412 1463
f 388 1413 1455
f 1413 1412 1455
f 32 1465 1468
f 1465 1462 1468
f 402 1466 1465
f 1466 1462 1465
f 387 1463 1466
f 1463 1462 1466
f 401 1468 1463
f 1468 1462 1463
f 33 1470 1472
f 1470 1456 1472
f 404 1457 1470
f 1457 1456 1470
f 387 1466 1457
f 1466 1456 1457
f 402 1472 1466
f 1472 1456 1466
f 16 1474 1326
f 1474 1325 1326
f 406 1475 1474
f 1475 1325 1474
f 356 1476 1475
f 1476 1325 1475
f 357 1326 1476
f 1326 1325 1476
f 33 1472 1479
f 1472 1471 1479
f 402 1477 1472
f 1477 1471 1472
f 356 1475 1477
f 1475 1471 1477
f 406 1479 1475
f 1479 1471 1475
f 32 1481 1465
f 1481 1464 1465
f 408 1482 1481
f 1482 1464 1481
f 356 1477 1482
f 1477 1464 1482
f 402 1465 1477
f 1465 1464 1477
f 5 1313 1484
f 1313 1312 1484
f 357 1476 1313
f 1476 1312 1313
f 356 1482 1476
f 1482 1312 1476
f 408 1484 1482
f 1484 1312 1482
f 5 1484 1488
f 1484 1483 1488
f 408 1485 1484
f 1485 1483 1484
f 407 1487 1485
f 1487 1483 1485
f 412 1488 1487
f 1488 1483 1487
f 32 1489 1481
f 1489 1480 1481
f 409 1491 1489
f 1491 1480 1489
f 407 1485 1491
f 1485 1480 1491
f 408 1481 1485
f 1481 1480 1485
f 44 1493 1496
f 1493 1490 1496
f 411 1494 1493
f 1494 1490 1493
f 407 1491 1494
f 1491 1490 1494
f 409 1496 1491
f 1496 1490 1491
f 35 1498 1500
f 1498 1486 1500
f 412 1487 1498
f 1487 1486 1498
f 407 1494 1487
f 1494 1486 1487
f 411 1500 1494
f 1500 1486 1494
f 32 1468 1489
f 1468 1467 1489
f 401 1501 1468
f 1501 1467 1468
f 400 1502 1501
f 1502 1467 1501
f 409 1489 1502
f 1489 1467 1502
f 24 1503 1461
f 1503 1460 1461
f 413 1505 1503
f 1505 1460 1503
f 400 1501 1505
f 1501 1460 1505
f 401 1461 1501
f 1461 1460 1501
f 42 1507 1510
f 1507 1504 1510
f 415 1508 1507
f 1508 1504 1507
f 400 1505 1508
f 1505 1504 1508
f 413 1510 1505
f 1510 1504 1505
f 44 1496 1512
f 1496 1495 1512
f 409 1502 1496
f 1502 1495 1496
f 400 1508 1502
f 1508 1495 1502
f 415 1512 1508
f 1512 1495 1508
f 24 1417 1503
f 1417 1416 1503
f 386 1513 1417
f 1513 1416 1417
f 385 1514 1513
f 1514 1416 1513
f 413 1503 1514
f 1503 1416 1514
f 8 1515 1408
f 1515 1407 1408
f 416 1517 1515
f 1517 1407 1515
f 385 1513 1517
f 1513 1407 1517
f 386 1408 1513
f 1408 1407 1513
f 38 1519 1522
f 1519 1516 1522
f 418 1520 1519
f 1520 1516 1519
f 385 1517 1520
f 1517 1516 1520
f 416 1522 1517
f 1522 1516 1517
f 42 1510 1524
f 1510 1509 1524
f 413 1514 1510
f 1514 1509 1510
f 385 1520 1514
f 1520 1509 1514
f 418 1524 1520
f 1524 1509 1520
f 8 1396 1515
f 1396 1395 1515
f 384 1525 1396
f 1525 1395 1396
f 383 1526 1525
f 1526 1395 1525
f 416 1515 1526
f 1515 1395 1526
f 21 1527 1406
f 1527 1405 1406
f 419 1529 1527
f 1529 1405 1527
f 383 1525 1529
f 1525 1405 1529
f 384 1406 1525
f 1406 1405 1525
f 41 1531 1534
f 1531 1528 1534
f 420 1532 1531
f 1532 1528 1531
f 383 1529 1532
f 1529 1528 1532
f 419 1534 1529
f 1534 1528 1529
f 38 1522 1535
f 1522 1521 1535
f 416 1526 1522
f 1526 1521 1522
f 383 1532 1526
f 1532 1521 1526
f 420 1535 1532
f 1535 1521 1532
f 21 1381 1527
f 1381 1380 1527
f 374 1536 1381
f 1536 1380 1381
f 373 1537 1536
f 1537 1380 1536
f 419 1527 1537
f 1527 1380 1537
f 7 1538 1372
f 1538 1371 1372
f 421 1540 1538
f 1540 1371 1538
f 373 1536 1540
f 1536 1371 1540
f 374 1372 1536
f 1372 1371 1536
f 37 1542 1545
f 1542 1539 1545
f 423 1543 1542
f 1543 1539 1542
f 373 1540 1543
f 1540 1539 1543
f 421 1545 1540
f 1545 1539 1540
f 41 1534 1547
f 1534 1533 1547
f 419 1537 1534
f 1537 1533 1534
f 373 1543 1537
f 1543 1533 1537
f 423 1547 1543
f 1547 1533 1543
f 7 1355 1538
f 1355 1354 1538
f 372 1548 1355
f 1548 1354 1355
f 371 1549 1548
f 1549 1354 1548
f 421 1538 1549
f 1538 1354 1549
f 18 1550 1368
f 1550 1367 1368
f 424 1552 1550
f 1552 1367 1550
f 371 1548 1552
f 1548 1367 1552
f 372 1368 1548
f 1368 1367 1548
f 40 1554 1557
f 1554 1551 1557
f 425 1555 1554
f 1555 1551 1554
f 371 1552 1555
f 1552 1551 1555
f 424 1557 1552
f 1557 1551 1552
f 37 1545 1558
f 1545 1544 1558
f 421 1549 1545
f 1549 1544 1545
f 371 1555 1549
f 1555 1544 1549
f 425 1558 1555
f 1558 1544 1555
f 18 1442 1550
f 1442 1441 1550
f 395 1559 1442
f 1559 1441 1442
f 394 1560 1559
f 1560 1441 1559
f 424 1550 1560
f 1550 1441 1560
f 30 1561 1437
f 1561 1436 1437
f 426 1563 1561
f 1563 1436 1561
f 394 1559 1563
f 1559 1436 1563
f 395 1437 1559
f 1437 1436 1559
f 43 1565 1568
f 1565 1562 1568
f 428 1566 1565
f 1566 1562 1565
f 394 1563 1566
f 1563 1562 1566
f 426 1568 1563
f 1568 1562 1563
f 40 1557 1570
f 1557 1556 1570
f 424 1560 1557
f 1560 1556 1557
f 394 1566 1560
f 1566 1556 1560
f 428 1570 1566
f 1570 1556 1566
f 30 1449 1561
f 1449 1448 1561
f 397 1571 1449
f 1571 1448 1449
f 396 1572 1571
f 1572 1448 1571
f 426 1561 1572
f 1561 1448 1572
f 6 1573 1444
f 1573 1443 1444
f 429 1575 1573
f 1575 1443 1573
f 396 1571 1575
f 1571 1443 1575
f 397 1444 1571
f 1444 1443 1571
f 36 1577 1580
f 1577 1574 1580
f 431 1578 1577
f 1578 1574 1577
f 396 1575 1578
f 1575 1574 1578
f 429 1580 1575
f 1580 1574 1575
f 43 1568 1582
f 1568 1567 1582
f 426 1572 1568
f 1572 1567 1568
f 396 1578 1572
f 1578 1567 1572
f 431 1582 1578
f 1582 1567 1578
f 6 1336 1573
f 1336 1335 1573
f 363 1583 1336
f 1583 1335 1336
f 362 1584 1583
f 1584 1335 1583
f 429 1573 1584
f 1573 1335 1584
f 14 1585 1346
f 1585 1345 1346
f 432 1587 1585
f 1587 1345 1585
f 362 1583 1587
f 1583 1345 1587
f 363 1346 1583
f 1346 1345 1583
f 39 1589 1592
f 1589 1586 1592
f 433 1590 1589
f 1590 1586 1589
f 362 1587 1590
f 1587 1586 1590
f 432 1592 1587
f 1592 1586 1587
f 36 1580 1593
f 1580 1579 1593
f 429 1584 1580
f 1584 1579 1580
f 362 1590 1584
f 1590 1579 1584
f 433 1593 1590
f 1593 1579 1590
f 14 1319 1585
f 1319 1318 1585
f 351 1594 1319
f 1594 1318 1319
f 350 1595 1594
f 1595 1318 1594
f 432 1585 1595
f 1585 1318 1595
f 5 1488 1307
f 1488 1306 1307
f 412 1596 1488
f 1596 1306 1488
f 350 1594 1596
f 1594 1306 1596
f 351 1307 1594
f 1307 1306 1594
f 35 1597 1498
f 1597 1497 1498
f 434 1598 1597
f 1598 1497 1597
f 350 1596 1598
f 1596 1497 1598
f 412 1498 1596
f 1498 1497 1596
f 39 1592 1600
f 1592 1591 1600
f 432 1595 1592
f 1595 1591 1592
f 350 1598 1595
f 1598 1591 1595
f 434 1600 1598
f 1600 1591 1598
f 38 1535 1519
f 1535 1518 1519
f 420 1601 1535
f 1601 1518 1535
f 417 1602 1601
f 1602 1518 1601
f 418 1519 1602
f 1519 1518 1602
f 41 1603 1531
f 1603 1530 1531
f 435 1605 1603
f 1605 1530 1603
f 417 1601 1605
f 1601 1530 1605
f 420 1531 1601
f 1531 1530 1601
f 26 1607 1610
f 1607 1604 1610
f 436 1608 1607
f 1608 1604 1607
f 417 1605 1608
f 1605 1604 1608
f 435 1610 1605
f 1610 1604 1605
f 42 1524 1611
f 1524 1523 1611
f 418 1602 1524
f 1602 1523 1524
f 417 1608 1602
f 1608 1523 1602
f 436 1611 1608
f 1611 1523 1608
f 37 1558 1542
f 1558 1541 1542
f 425 1612 1558
f 1612 1541 1558
f 422 1613 1612
f 1613 1541 1612
f 423 1542 1613
f 1542 1541 1613
f 40 1614 1554
f 1614 1553 1554
f 437 1615 1614
f 1615 1553 1614
f 422 1612 1615
f 1612 1553 1615
f 425 1554 1612
f 1554 1553 1612
f 26 1610 1618
f 1610 1609 1618
f 435 1616 1610
f 1616 1609 1610
f 422 1615 1616
f 1615 1609 1616
f 437 1618 1615
f 1618 1609 1615
f 41 1547 1603
f 1547 1546 1603
f 423 1613 1547
f 1613 1546 1547
f 422 1616 1613
f 1616 1546 1613
f 435 1603 1616
f 1603 1546 1616
f 26 1619 1607
f 1619 1606 1607
f 438 1621 1619
f 1621 1606 1619
f 414 1622 1621
f 1622 1606 1621
f 436 1607 1622
f 1607 1606 1622
f 34 1624 1627
f 1624 1620 1627
f 439 1625 1624
f 1625 1620 1624
f 414 1621 1625
f 1621 1620 1625
f 438 1627 1621
f 1627 1620 1621
f 44 1512 1629
f 1512 1511 1629
f 415 1628 1512
f 1628 1511 1512
f 414 1625 1628
f 1625 1511 1628
f 439 1629 1625
f 1629 1511 1625
f 42 1611 1507
f 1611 1506 1507
f 436 1622 1611
f 1622 1506 1611
f 414 1628 1622
f 1628 1506 1622
f 415 1507 1628
f 1507 1506 1628
f 44 1629 1493
f 1629 1492 1493
f 439 1630 1629
f 1630 1492 1629
f 410 1631 1630
f 1631 1492 1630
f 411 1493 1631
f 1493 1492 1631
f 34 1633 1624
f 1633 1623 1624
f 440 1634 1633
f 1634 1623 1633
f 410 1630 1634
f 1630 1623 1634
f 439 1624 1630
f 1624 1623 1630
f 39 1600 1636
f 1600 1599 1636
f 434 1635 1600
f 1635 1599 1600
f 410 1634 1635
f 1634 1599 1635
f 440 1636 1634
f 1636 1599 1634
f 35 1500 1597
f 1500 1499 1597
f 411 1631 1500
f 1631 1499 1500
f 410 1635 1631
f 1635 1499 1631
f 434 1597 1635
f 1597 1499 1635
f 26 1618 1619
f 1618 1617 1619
f 437 1637 1618
f 1637 1617 1618
f 427 1638 1637
f 1638 1617 1637
f 438 1619 1638
f 1619 1617 1638
f 40 1570 1614
f 1570 1569 1614
f 428 1639 1570
f 1639 1569 1570
f 427 1637 1639
f 1637 1569 1639
f 437 1614 1637
f 1614 1569 1637
f 43 1640 1565
f 1640 1564 1565
f 441 1641 1640
f 1641 1564 1640
f 427 1639 1641
f 1639 1564 1641
f 428 1565 1639
f 1565 1564 1639
f 34 1627 1642
f 1627 1626 1642
f 438 1638 1627
f 1638 1626 1627
f 427 1641 1638
f 1641 1626 1638
f 441 1642 1641
f 1642 1626 1641
f 34 1642 1633
f 1642 1632 1633
f 441 1643 1642
f 1643 1632 1642
f 430 1644 1643
f 1644 1632 1643
f 440 1633 1644
f 1633 1632 1644
f 43 1582 1640
f 1582 1581 1640
f 431 1645 1582
f 1645 1581 1582
f 430 1643 1645
f 1643 1581 1645
f 441 1640 1643
f 1640 1581 1643
f 36 1593 1577
f 1593 1576 1577
f 433 1646 1593
f 1646 1576 1593
f 430 1645 1646
f 1645 1576 1646
f 431 1577 1645
f 1577 1576 1645
f 39 1636 1589
f 1636 1588 1589
f 440 1644 1636
f 1644 1588 1636
f 430 1646 1644
f 1646 1588 1644
f 433 1589 1646
f 1589 1588 1646
f 3 1649 1655
f 1649 1647 1655
f 443 1651 1649
f 1651 1647 1649
f 442 1653 1651
f 1653 1647 1651
f 448 1655 1653
f 1655 1647 1653
f 11 1657 1661
f 1657 1650 1661
f 445 1659 1657
f 1659 1650 1657
f 442 1651 1659
f 1651 1650 1659
f 443 1661 1651
f 1661 1650 1651
f 13 1663 1666
f 1663 1658 1666
f 447 1664 1663
f 1664 1658 1663
f 442 1659 1664
f 1659 1658 1664
f 445 1666 1659
f 1666 1658 1659
f 10 1668 1670
f 1668 1652 1670
f 448 1653 1668
f 1653 1652 1668
f 442 1664 1653
f 1664 1652 1653
f 447 1670 1664
f 1670 1652 1664
f 4 1673 1678
f 1673 1671 1678
f 449 1675 1673
f 1675 1671 1673
f 444 1676 1675
f 1676 1671 1675
f 452 1678 1676
f 1678 1671 1676
f 12 1680 1683
f 1680 1674 1683
f 451 1681 1680
f 1681 1674 1680
f 444 1675 1681
f 1675 1674 1681
f 449 1683 1675
f 1683 1674 1675
f 13 1666 1686
f 1666 1665 1686
f 445 1684 1666
f 1684 1665 1666
f 444 1681 1684
f 1681 1665 1684
f 451 1686 1681
f 1686 1665 1681
f 11 1688 1657
f 1688 1656 1657
f 452 1676 1688
f 1676 1656 1688
f 444 1684 1676
f 1684 1656 1676
f 445 1657 1684
f 1657 1656 1684
f 2 1691 1696
f 1691 1689 1696
f 454 1693 1691
f 1693 1689 1691
f 360 1694 1693
f 1694 1689 1693
f 456 1696 1694
f 1696 1689 1694
f 9 1698 1701
f 1698 1692 1701
f 455 1699 1698
f 1699 1692 1698
f 360 1693 1699
f 1693 1692 1699
f 454 1701 1693
f 1701 1692 1693
f 17 1344 1703
f 1344 1343 1703
f 361 1702 1344
f 1702 1343 1344
f 360 1699 1702
f 1699 1343 1702
f 455 1703 1699
f 1703 1343 1699
f 15 1704 1338
f 1704 1337 1338
f 456 1694 1704
f 1694 1337 1704
f 360 1702 1694
f 1702 1337 1694
f 361 1338 1702
f 1338 1337 1702
f 1 1707 1711
f 1707 1705 1711
f 457 1708 1707
f 1708 1705 1707
f 354 1709 1708
f 1709 1705 1708
f 459 1711 1709
f 1711 1705 1709
f 16 1328 1713
f 1328 1327 1713
f 355 1712 1328
f 1712 1327 1328
f 354 1708 1712
f 1708 1327 1712
f 457 1713 1708
f 1713 1327 1708
f 17 1703 1321
f 1703 1320 1321
f 455 1714 1703
f 1714 1320 1703
f 354 1712 1714
f 1712 1320 1714
f 355 1321 1712
f 1321 1320 1712
f 9 1716 1698
f 1716 1697 1698
f 459 1709 1716
f 1709 1697 1716
f 354 1714 1709
f 1714 1697 1709
f 455 1698 1714
f 1698 1697 1714
f 3 1655 1719
f 1655 1654 1719
f 448 1717 1655
f 1717 1654 1655
f 367 1718 1717
f 1718 1654 1717
f 461 1719 1718
f 1719 1654 1718
f 10 1721 1668
f 1721 1667 1668
f 460 1722 1721
f 1722 1667 1721
f 367 1717 1722
f 1717 1667 1722
f 448 1668 1717
f 1668 1667 1717
f 20 1366 1724
f 1366 1365 1724
f 368 1723 1366
f 1723 1365 1366
f 367 1722 1723
f 1722 1365 1723
f 460 1724 1722
f 1724 1365 1722
f 19 1725 1357
f 1725 1356 1357
f 461 1718 1725
f 1718 1356 1725
f 367 1723 1718
f 1723 1356 1718
f 368 1357 1723
f 1357 1356 1723
f 4 1678 1728
f 1678 1677 1728
f 452 1726 1678
f 1726 1677 1678
f 381 1727 1726
f 1727 1677 1726
f 463 1728 1727
f 1728 1677 1727
f 11 1729 1688
f 1729 1687 1688
f 462 1730 1729
f 1730 1687 1729
f 381 1726 1730
f 1726 1687 1730
f 452 1688 1726
f 1688 1687 1726
f 23 1404 1732
f 1404 1403 1732
f 382 1731 1404
f 1731 1403 1404
f 381 1730 1731
f 1730 1403 1731
f 462 1732 1730
f 1732 1403 1730
f 22 1733 1398
f 1733 1397 1398
f 463 1727 1733
f 1727 1397 1733
f 381 1731 1727
f 1731 1397 1727
f 382 1398 1731
f 1398 1397 1731
f 3 1719 1649
f 1719 1648 1649
f 461 1734 1719
f 1734 1648 1719
f 377 1735 1734
f 1735 1648 1734
f 443 1649 1735
f 1649 1648 1735
f 19 1388 1725
f 1388 1387 1725
f 378 1736 1388
f 1736 1387 1388
f 377 1734 1736
f 1734 1387 1736
f 461 1725 1734
f 1725 1387 1734
f 23 1732 1383
f 1732 1382 1383
f 462 1737 1732
f 1737 1382 1732
f 377 1736 1737
f 1736 1382 1737
f 378 1383 1736
f 1383 1382 1736
f 11 1661 1729
f 1661 1660 1729
f 443 1735 1661
f 1735 1660 1661
f 377 1737 1735
f 1737 1660 1735
f 462 1729 1737
f 1729 1660 1737
f 4 1728 1673
f 1728 1672 1673
f 463 1738 1728
f 1738 1672 1728
f 389 1739 1738
f 1739 1672 1738
f 449 1673 1739
f 1673 1672 1739
f 22 1424 1733
f 1424 1423 1733
f 390 1740 1424
f 1740 1423 1424
f 389 1738 1740
f 1738 1423 1740
f 463 1733 1738
f 1733 1423 1738
f 25 1741 1419
f 1741 1418 1419
f 464 1742 1741
f 1742 1418 1741
f 389 1740 1742
f 1740 1418 1742
f 390 1419 1740
f 1419 1418 1740
f 12 1683 1744
f 1683 1682 1744
f 449 1739 1683
f 1739 1682 1683
f 389 1742 1739
f 1742 1682 1739
f 464 1744 1742
f 1744 1682 1742
f 12 1745 1680
f 1745 1679 1680
f 465 1747 1745
f 1747 1679 1745
f 450 1748 1747
f 1748 1679 1747
f 451 1680 1748
f 1680 1679 1748
f 27 1750 1754
f 1750 1746 1754
f 466 1752 1750
f 1752 1746 1750
f 450 1747 1752
f 1747 1746 1752
f 465 1754 1747
f 1754 1746 1747
f 28 1756 1759
f 1756 1751 1759
f 467 1757 1756
f 1757 1751 1756
f 450 1752 1757
f 1752 1751 1757
f 466 1759 1752
f 1759 1751 1752
f 13 1686 1760
f 1686 1685 1760
f 451 1748 1686
f 1748 1685 1686
f 450 1757 1748
f 1757 1685 1748
f 467 1760 1757
f 1760 1685 1757
f 27 1762 1750
f 1762 1749 1750
f 468 1763 1762
f 1763 1749 1762
f 458 1764 1763
f 1764 1749 1763
f 466 1750 1764
f 1750 1749 1764
f 1 1711 1766
f 1711 1710 1766
f 459 1765 1711
f 1765 1710 1711
f 458 1763 1765
f 1763 1710 1765
f 468 1766 1763
f 1766 1710 1763
f 9 1767 1716
f 1767 1715 1716
f 469 1768 1767
f 1768 1715 1767
f 458 1765 1768
f 1765 1715 1768
f 459 1716 1765
f 1716 1715 1765
f 28 1759 1770
f 1759 1758 1770
f 466 1764 1759
f 1764 1758 1759
f 458 1768 1764
f 1768 1758 1764
f 469 1770 1768
f 1770 1758 1768
f 13 1760 1663
f 1760 1662 1663
f 467 1771 1760
f 1771 1662 1760
f 446 1772 1771
f 1772 1662 1771
f 447 1663 1772
f 1663 1662 1772
f 28 1773 1756
f 1773 1755 1756
f 470 1775 1773
f 1775 1755 1773
f 446 1771 1775
f 1771 1755 1775
f 467 1756 1771
f 1756 1755 1771
f 29 1777 1780
f 1777 1774 1780
f 471 1778 1777
f 1778 1774 1777
f 446 1775 1778
f 1775 1774 1778
f 470 1780 1775
f 1780 1774 1775
f 10 1670 1781
f 1670 1669 1781
f 447 1772 1670
f 1772 1669 1670
f 446 1778 1772
f 1778 1669 1772
f 471 1781 1778
f 1781 1669 1778
f 29 1780 1785
f 1780 1779 1785
f 470 1782 1780
f 1782 1779 1780
f 453 1783 1782
f 1783 1779 1782
f 472 1785 1783
f 1785 1779 1783
f 28 1770 1773
f 1770 1769 1773
f 469 1786 1770
f 1786 1769 1770
f 453 1782 1786
f 1782 1769 1786
f 470 1773 1782
f 1773 1769 1782
f 9 1701 1767
f 1701 1700 1767
f 454 1787 1701
f 1787 1700 1701
f 453 1786 1787
f 1786 1700 1787
f 469 1767 1786
f 1767 1700 1786
f 2 1788 1691
f 1788 1690 1691
f 472 1783 1788
f 1783 1690 1788
f 453 1787 1783
f 1787 1690 1783
f 454 1691 1787
f 1691 1690 1787
f 20 1724 1426
f 1724 1425 1426
f 460 1789 1724
f 1789 1425 1724
f 391 1790 1789
f 1790 1425 1789
f 392 1426 1790
f 1426 1425 1790
f 10 1781 1721
f 1781 1720 1721
f 471 1791 1781
f 1791 1720 1781
f 391 1789 1791
f 1789 1720 1791
f 460 1721 1789
f 1721 1720 1789
f 29 1792 1777
f 1792 1776 1777
f 473 1793 1792
f 1793 1776 1792
f 391 1791 1793
f 1791 1776 1793
f 471 1777 1791
f 1777 1776 1791
f 31 1435 1794
f 1435 1434 1794
f 392 1790 1435
f 1790 1434 1435
f 391 1793 1790
f 1793 1434 1790
f 473 1794 1793
f 1794 1434 1793
f 15 1454 1704
f 1454 1453 1704
f 399 1795 1454
f 1795 1453 1454
f 398 1796 1795
f 1796 1453 1795
f 456 1704 1796
f 1704 1453 1796
f 31 1794 1451
f 1794 1450 1451
f 473 1797 1794
f 1797 1450 1794
f 398 1795 1797
f 1795 1450 1797
f 399 1451 1795
f 1451 1450 1795
f 29 1785 1792
f 1785 1784 1792
f 472 1798 1785
f 1798 1784 1785
f 398 1797 1798
f 1797 1784 1798
f 473 1792 1797
f 1792 1784 1797
f 2 1696 1788
f 1696 1695 1788
f 456 1796 1696
f 1796 1695 1696
f 398 1798 1796
f 1798 1695 1796
f 472 1788 1798
f 1788 1695 1798
f 25 1459 1741
f 1459 1458 1741
f 404 1799 1459
f 1799 1458 1459
f 403 1800 1799
f 1800 1458 1799
f 464 1741 1800
f 1741 1458 1800
f 33 1801 1470
f 1801 1469 1470
f 474 1802 1801
f 1802 1469 1801
f 403 1799 1802
f 1799 1469 1802
f 404 1470 1799
f 1470 1469 1799
f 27 1754 1804
f 1754 1753 1804
f 465 1803 1754
f 1803 1753 1754
f 403 1802 1803
f 1802 1753 1803
f 474 1804 1802
f 1804 1753 1802
f 12 1744 1745
f 1744 1743 1745
f 464 1800 1744
f 1800 1743 1744
f 403 1803 1800
f 1803 1743 1800
f 465 1745 1803
f 1745 1743 1803
f 1 1766 1707
f 1766 1706 1707
f 468 1805 1766
f 1805 1706 1766
f 405 1806 1805
f 1806 1706 1805
f 457 1707 1806
f 1707 1706 1806
f 27 1804 1762
f 1804 1761 1762
f 474 1807 1804
f 1807 1761 1804
f 405 1805 1807
f 1805 1761 1807
f 468 1762 1805
f 1762 1761 1805
f 33 1479 1801
f 1479 1478 1801
f 406 1808 1479
f 1808 1478 1479
f 405 1807 1808
f 1807 1478 1808
f 474 1801 1807
f 1801 1478 1807
f 16 1713 1474
f 1713 1473 1474
f 457 1806 1713
f 1806 1473 1713
f 405 1808 1806
f 1808 1473 1806
f 406 1474 1808
f 1474 1473 1808
f 57 1809 1816
f 1809 1810 1816
f 475 1812 1809
f 1812 1810 1809
f 476 1814 1812
f 1814 1810 1812
f 482 1816 1814
f 1816 1810 1814
f 56 1818 1821
f 1818 1811 1821
f 478 1820 1818
f 1820 1811 1818
f 476 1812 1820
f 1812 1811 1820
f 475 1821 1812
f 1821 1811 1812
f 72 1823 1826
f 1823 1819 1826
f 480 1824 1823
f 1824 1819 1823
f 476 1820 1824
f 1820 1819 1824
f 478 1826 1820
f 1826 1819 1820
f 73 1828 1830
f 1828 1813 1830
f 482 1814 1828
f 1814 1813 1828
f 476 1824 1814
f 1824 1813 1814
f 480 1830 1824
f 1830 1813 1824
f 47 1831 1838
f 1831 1832 1838
f 483 1834 1831
f 1834 1832 1831
f 484 1836 1834
f 1836 1832 1834
f 490 1838 1836
f 1838 1832 1836
f 48 1840 1843
f 1840 1833 1843
f 486 1842 1840
f 1842 1833 1840
f 484 1834 1842
f 1834 1833 1842
f 483 1843 1834
f 1843 1833 1834
f 64 1845 1848
f 1845 1841 1848
f 488 1846 1845
f 1846 1841 1845
f 484 1842 1846
f 1842 1841 1846
f 486 1848 1842
f 1848 1841 1842
f 63 1850 1852
f 1850 1835 1852
f 490 1836 1850
f 1836 1835 1850
f 484 1846 1836
f 1846 1835 1836
f 488 1852 1846
f 1852 1835 1846
f 60 1853 1860
f 1853 1854 1860
f 491 1856 1853
f 1856 1854 1853
f 492 1858 1856
f 1858 1854 1856
f 498 1860 1858
f 1860 1854 1858
f 59 1862 1865
f 1862 1855 1865
f 494 1864 1862
f 1864 1855 1862
f 492 1856 1864
f 1856 1855 1864
f 491 1865 1856
f 1865 1855 1856
f 75 1867 1870
f 1867 1863 1870
f 496 1868 1867
f 1868 1863 1867
f 492 1864 1868
f 1864 1863 1868
f 494 1870 1864
f 1870 1863 1864
f 76 1872 1874
f 1872 1857 1874
f 498 1858 1872
f 1858 1857 1872
f 492 1868 1858
f 1868 1857 1858
f 496 1874 1868
f 1874 1857 1868
f 48 1875 1840
f 1875 1839 1840
f 499 1877 1875
f 1877 1839 1875
f 485 1878 1877
f 1878 1839 1877
f 486 1840 1878
f 1840 1839 1878
f 49 1880 1883
f 1880 1876 1883
f 501 1882 1880
f 1882 1876 1880
f 485 1877 1882
f 1877 1876 1882
f 499 1883 1877
f 1883 1876 1877
f 65 1885 1888
f 1885 1881 1888
f 503 1886 1885
f 1886 1881 1885
f 485 1882 1886
f 1882 1881 1886
f 501 1888 1882
f 1888 1881 1882
f 64 1848 1890
f 1848 1847 1890
f 486 1878 1848
f 1878 1847 1848
f 485 1886 1878
f 1886 1847 1878
f 503 1890 1886
f 1890 1847 1886
f 59 1891 1862
f 1891 1861 1862
f 504 1893 1891
f 1893 1861 1891
f 493 1894 1893
f 1894 1861 1893
f 494 1862 1894
f 1862 1861 1894
f 58 1896 1899
f 1896 1892 1899
f 505 1898 1896
f 1898 1892 1896
f 493 1893 1898
f 1893 1892 1898
f 504 1899 1893
f 1899 1892 1893
f 74 1901 1904
f 1901 1897 1904
f 507 1902 1901
f 1902 1897 1901
f 493 1898 1902
f 1898 1897 1902
f 505 1904 1898
f 1904 1897 1898
f 75 1870 1906
f 1870 1869 1906
f 494 1894 1870
f 1894 1869 1870
f 493 1902 1894
f 1902 1869 1894
f 507 1906 1902
f 1906 1869 1902
f 49 1907 1880
f 1907 1879 1880
f 508 1909 1907
f 1909 1879 1907
f 500 1910 1909
f 1910 1879 1909
f 501 1880 1910
f 1880 1879 1910
f 50 1912 1915
f 1912 1908 1915
f 510 1914 1912
f 1914 1908 1912
f 500 1909 1914
f 1909 1908 1914
f 508 1915 1909
f 1915 1908 1909
f 66 1917 1920
f 1917 1913 1920
f 512 1918 1917
f 1918 1913 1917
f 500 1914 1918
f 1914 1913 1918
f 510 1920 1914
f 1920 1913 1914
f 65 1888 1922
f 1888 1887 1922
f 501 1910 1888
f 1910 1887 1888
f 500 1918 1910
f 1918 1887 1910
f 512 1922 1918
f 1922 1887 1918
f 58 1923 1896
f 1923 1895 1896
f 513 1924 1923
f 1924 1895 1923
f 481 1925 1924
f 1925 1895 1924
f 505 1896 1925
f 1896 1895 1925
f 57 1816 1927
f 1816 1815 1927
f 482 1926 1816
f 1926 1815 1816
f 481 1924 1926
f 1924 1815 1926
f 513 1927 1924
f 1927 1815 1924
f 73 1929 1828
f 1929 1827 1828
f 515 1930 1929
f 1930 1827 1929
f 481 1926 1930
f 1926 1827 1930
f 482 1828 1926
f 1828 1827 1926
f 74 1904 1932
f 1904 1903 1932
f 505 1925 1904
f 1925 1903 1904
f 481 1930 1925
f 1930 1903 1925
f 515 1932 1930
f 1932 1903 1930
f 51 1933 1940
f 1933 1934 1940
f 516 1936 1933
f 1936 1934 1933
f 517 1938 1936
f 1938 1934 1936
f 522 1940 1938
f 1940 1934 1938
f 52 1942 1945
f 1942 1935 1945
f 519 1944 1942
f 1944 1935 1942
f 517 1936 1944
f 1936 1935 1944
f 516 1945 1936
f 1945 1935 1936
f 68 1947 1950
f 1947 1943 1950
f 521 1948 1947
f 1948 1943 1947
f 517 1944 1948
f 1944 1943 1948
f 519 1950 1944
f 1950 1943 1944
f 67 1952 1954
f 1952 1937 1954
f 522 1938 1952
f 1938 1937 1952
f 517 1948 1938
f 1948 1937 1938
f 521 1954 1948
f 1954 1937 1948
f 54 1955 1962
f 1955 1956 1962
f 523 1958 1955
f 1958 1956 1955
f 524 1960 1958
f 1960 1956 1958
f 529 1962 1960
f 1962 1956 1960
f 53 1964 1967
f 1964 1957 1967
f 525 1966 1964
f 1966 1957 1964
f 524 1958 1966
f 1958 1957 1966
f 523 1967 1958
f 1967 1957 1958
f 69 1969 1972
f 1969 1965 1972
f 527 1970 1969
f 1970 1965 1969
f 524 1966 1970
f 1966 1965 1970
f 525 1972 1966
f 1972 1965 1966
f 70 1974 1976
f 1974 1959 1976
f 529 1960 1974
f 1960 1959 1974
f 524 1970 1960
f 1970 1959 1960
f 527 1976 1970
f 1976 1959 1970
f 55 1977 1983
f 1977 1978 1983
f 530 1979 1977
f 1979 1978 1977
f 528 1981 1979
f 1981 1978 1979
f 533 1983 1981
f 1983 1978 1981
f 54 1962 1985
f 1962 1961 1985
f 529 1984 1962
f 1984 1961 1962
f 528 1979 1984
f 1979 1961 1984
f 530 1985 1979
f 1985 1961 1979
f 70 1987 1974
f 1987 1973 1974
f 532 1988 1987
f 1988 1973 1987
f 528 1984 1988
f 1984 1973 1988
f 529 1974 1984
f 1974 1973 1984
f 71 1990 1992
f 1990 1980 1992
f 533 1981 1990
f 1981 1980 1990
f 528 1988 1981
f 1988 1980 1981
f 532 1992 1988
f 1992 1980 1988
f 52 1993 1942
f 1993 1941 1942
f 534 1995 1993
f 1995 1941 1993
f 518 1996 1995
f 1996 1941 1995
f 519 1942 1996
f 1942 1941 1996
f 45 1998 2001
f 1998 1994 2001
f 536 2000 1998
f 2000 1994 1998
f 518 1995 2000
f 1995 1994 2000
f 534 2001 1995
f 2001 1994 1995
f 61 2003 2006
f 2003 1999 2006
f 538 2004 2003
f 2004 1999 2003
f 518 2000 2004
f 2000 1999 2004
f 536 2006 2000
f 2006 1999 2000
f 68 1950 2008
f 1950 1949 2008
f 519 1996 1950
f 1996 1949 1950
f 518 2004 1996
f 2004 1949 1996
f 538 2008 2004
f 2008 1949 2004
f 56 2009 1818
f 2009 1817 1818
f 539 2010 2009
f 2010 1817 2009
f 477 2011 2010
f 2011 1817 2010
f 478 1818 2011
f 1818 1817 2011
f 55 1983 2013
f 1983 1982 2013
f 533 2012 1983
f 2012 1982 1983
f 477 2010 2012
f 2010 1982 2012
f 539 2013 2010
f 2013 1982 2010
f 71 2015 1990
f 2015 1989 1990
f 541 2016 2015
f 2016 1989 2015
f 477 2012 2016
f 2012 1989 2016
f 533 1990 2012
f 1990 1989 2012
f 72 1826 2018
f 1826 1825 2018
f 478 2011 1826
f 2011 1825 1826
f 477 2016 2011
f 2016 1825 2011
f 541 2018 2016
f 2018 1825 2016
f 53 2019 1964
f 2019 1963 1964
f 542 2020 2019
f 2020 1963 2019
f 497 2021 2020
f 2021 1963 2020
f 525 1964 2021
f 1964 1963 2021
f 60 1860 2023
f 1860 1859 2023
f 498 2022 1860
f 2022 1859 1860
f 497 2020 2022
f 2020 1859 2022
f 542 2023 2020
f 2023 1859 2020
f 76 2025 1872
f 2025 1871 1872
f 544 2026 2025
f 2026 1871 2025
f 497 2022 2026
f 2022 1871 2026
f 498 1872 2022
f 1872 1871 2022
f 69 1972 2028
f 1972 1971 2028
f 525 2021 1972
f 2021 1971 1972
f 497 2026 2021
f 2026 1971 2021
f 544 2028 2026
f 2028 1971 2026
f 50 2029 1912
f 2029 1911 1912
f 545 2030 2029
f 2030 1911 2029
f 509 2031 2030
f 2031 1911 2030
f 510 1912 2031
f 1912 1911 2031
f 51 1940 2033
f 1940 1939 2033
f 522 2032 1940
f 2032 1939 1940
f 509 2030 2032
f 2030 1939 2032
f 545 2033 2030
f 2033 1939 2030
f 67 2035 1952
f 2035 1951 1952
f 547 2036 2035
f 2036 1951 2035
f 509 2032 2036
f 2032 1951 2036
f 522 1952 2032
f 1952 1951 2032
f 66 1920 2038
f 1920 1919 2038
f 510 2031 1920
f 2031 1919 1920
f 509 2036 2031
f 2036 1919 2031
f 547 2038 2036
f 2038 1919 2036
f 45 2039 1998
f 2039 1997 1998
f 548 2041 2039
f 2041 1997 2039
f 535 2042 2041
f 2042 1997 2041
f 536 1998 2042
f 1998 1997 2042
f 46 2044 2047
f 2044 2040 2047
f 549 2046 2044
f 2046 2040 2044
f 535 2041 2046
f 2041 2040 2046
f 548 2047 2041
f 2047 2040 2041
f 62 2049 2052
f 2049 2045 2052
f 551 2050 2049
f 2050 2045 2049
f 535 2046 2050
f 2046 2045 2050
f 549 2052 2046
f 2052 2045 2046
f 61 2006 2054
f 2006 2005 2054
f 536 2042 2006
f 2042 2005 2006
f 535 2050 2042
f 2050 2005 2042
f 551 2054 2050
f 2054 2005 2050
f 46 2055 2044
f 2055 2043 2044
f 552 2056 2055
f 2056 2043 2055
f 489 2057 2056
f 2057 2043 2056
f 549 2044 2057
f 2044 2043 2057
f 47 1838 2059
f 1838 1837 2059
f 490 2058 1838
f 2058 1837 1838
f 489 2056 2058
f 2056 1837 2058
f 552 2059 2056
f 2059 1837 2056
f 63 2061 1850
f 2061 1849 1850
f 554 2062 2061
f 2062 1849 2061
f 489 2058 2062
f 2058 1849 2062
f 490 1850 2058
f 1850 1849 2058
f 62 2052 2064
f 2052 2051 2064
f 549 2057 2052
f 2057 2051 2052
f 489 2062 2057
f 2062 2051 2057
f 554 2064 2062
f 2064 2051 2062
f 65 1922 2068
f 1922 1921 2068
f 512 2065 1922
f 2065 1921 1922
f 511 2067 2065
f 2067 1921 2065
f 558 2068 2067
f 2068 1921 2067
f 66 2069 1917
f 2069 1916 1917
f 555 2071 2069
f 2071 1916 2069
f 511 2065 2071
f 2065 1916 2071
f 512 1917 2065
f 1917 1916 2065
f 82 2073 2076
f 2073 2070 2076
f 557 2074 2073
f 2074 2070 2073
f 511 2071 2074
f 2071 2070 2074
f 555 2076 2071
f 2076 2070 2071
f 81 2078 2080
f 2078 2066 2080
f 558 2067 2078
f 2067 2066 2078
f 511 2074 2067
f 2074 2066 2067
f 557 2080 2074
f 2080 2066 2074
f 68 2008 2084
f 2008 2007 2084
f 538 2081 2008
f 2081 2007 2008
f 537 2083 2081
f 2083 2007 2081
f 562 2084 2083
f 2084 2007 2083
f 61 2085 2003
f 2085 2002 2003
f 559 2087 2085
f 2087 2002 2085
f 537 2081 2087
f 2081 2002 2087
f 538 2003 2081
f 2003 2002 2081
f 77 2089 2092
f 2089 2086 2092
f 561 2090 2089
f 2090 2086 2089
f 537 2087 2090
f 2087 2086 2090
f 559 2092 2087
f 2092 2086 2087
f 84 2094 2096
f 2094 2082 2096
f 562 2083 2094
f 2083 2082 2094
f 537 2090 2083
f 2090 2082 2083
f 561 2096 2090
f 2096 2082 2090
f 64 1890 2100
f 1890 1889 2100
f 503 2097 1890
f 2097 1889 1890
f 502 2099 2097
f 2099 1889 2097
f 565 2100 2099
f 2100 1889 2099
f 65 2068 1885
f 2068 1884 1885
f 558 2101 2068
f 2101 1884 2068
f 502 2097 2101
f 2097 1884 2101
f 503 1885 2097
f 1885 1884 2097
f 81 2103 2078
f 2103 2077 2078
f 564 2104 2103
f 2104 2077 2103
f 502 2101 2104
f 2101 2077 2104
f 558 2078 2101
f 2078 2077 2101
f 80 2106 2108
f 2106 2098 2108
f 565 2099 2106
f 2099 2098 2106
f 502 2104 2099
f 2104 2098 2099
f 564 2108 2104
f 2108 2098 2104
f 63 1852 2112
f 1852 1851 2112
f 488 2109 1852
f 2109 1851 1852
f 487 2111 2109
f 2111 1851 2109
f 568 2112 2111
f 2112 1851 2111
f 64 2100 1845
f 2100 1844 1845
f 565 2113 2100
f 2113 1844 2100
f 487 2109 2113
f 2109 1844 2113
f 488 1845 2109
f 1845 1844 2109
f 80 2115 2106
f 2115 2105 2106
f 567 2116 2115
f 2116 2105 2115
f 487 2113 2116
f 2113 2105 2116
f 565 2106 2113
f 2106 2105 2113
f 79 2118 2120
f 2118 2110 2120
f 568 2111 2118
f 2111 2110 2118
f 487 2116 2111
f 2116 2110 2111
f 567 2120 2116
f 2120 2110 2116
f 76 1874 2124
f 1874 1873 2124
f 496 2121 1874
f 2121 1873 1874
f 495 2123 2121
f 2123 1873 2121
f 572 2124 2123
f 2124 1873 2123
f 75 2125 1867
f 2125 1866 1867
f 569 2127 2125
f 2127 1866 2125
f 495 2121 2127
f 2121 1866 2127
f 496 1867 2121
f 1867 1866 2121
f 91 2129 2132
f 2129 2126 2132
f 571 2130 2129
f 2130 2126 2129
f 495 2127 2130
f 2127 2126 2130
f 569 2132 2127
f 2132 2126 2127
f 92 2134 2136
f 2134 2122 2136
f 572 2123 2134
f 2123 2122 2134
f 495 2130 2123
f 2130 2122 2123
f 571 2136 2130
f 2136 2122 2130
f 62 2064 2140
f 2064 2063 2140
f 554 2137 2064
f 2137 2063 2064
f 553 2139 2137
f 2139 2063 2137
f 575 2140 2139
f 2140 2063 2139
f 63 2112 2061
f 2112 2060 2061
f 568 2141 2112
f 2141 2060 2112
f 553 2137 2141
f 2137 2060 2141
f 554 2061 2137
f 2061 2060 2137
f 79 2143 2118
f 2143 2117 2118
f 574 2144 2143
f 2144 2117 2143
f 553 2141 2144
f 2141 2117 2144
f 568 2118 2141
f 2118 2117 2141
f 78 2146 2148
f 2146 2138 2148
f 575 2139 2146
f 2139 2138 2146
f 553 2144 2139
f 2144 2138 2139
f 574 2148 2144
f 2148 2138 2144
f 75 1906 2125
f 1906 1905 2125
f 507 2149 1906
f 2149 1905 1906
f 506 2150 2149
f 2150 1905 2149
f 569 2125 2150
f 2125 1905 2150
f 74 2151 1901
f 2151 1900 1901
f 576 2153 2151
f 2153 1900 2151
f 506 2149 2153
f 2149 1900 2153
f 507 1901 2149
f 1901 1900 2149
f 90 2155 2158
f 2155 2152 2158
f 578 2156 2155
f 2156 2152 2155
f 506 2153 2156
f 2153 2152 2156
f 576 2158 2153
f 2158 2152 2153
f 91 2132 2160
f 2132 2131 2160
f 569 2150 2132
f 2150 2131 2132
f 506 2156 2150
f 2156 2131 2150
f 578 2160 2156
f 2160 2131 2156
f 61 2054 2085
f 2054 2053 2085
f 551 2161 2054
f 2161 2053 2054
f 550 2162 2161
f 2162 2053 2161
f 559 2085 2162
f 2085 2053 2162
f 62 2140 2049
f 2140 2048 2049
f 575 2163 2140
f 2163 2048 2140
f 550 2161 2163
f 2161 2048 2163
f 551 2049 2161
f 2049 2048 2161
f 78 2165 2146
f 2165 2145 2146
f 580 2166 2165
f 2166 2145 2165
f 550 2163 2166
f 2163 2145 2166
f 575 2146 2163
f 2146 2145 2163
f 77 2092 2168
f 2092 2091 2168
f 559 2162 2092
f 2162 2091 2092
f 550 2166 2162
f 2166 2091 2162
f 580 2168 2166
f 2168 2091 2166
f 74 1932 2151
f 1932 1931 2151
f 515 2169 1932
f 2169 1931 1932
f 514 2170 2169
f 2170 1931 2169
f 576 2151 2170
f 2151 1931 2170
f 73 2171 1929
f 2171 1928 1929
f 581 2173 2171
f 2173 1928 2171
f 514 2169 2173
f 2169 1928 2173
f 515 1929 2169
f 1929 1928 2169
f 89 2175 2178
f 2175 2172 2178
f 582 2176 2175
f 2176 2172 2175
f 514 2173 2176
f 2173 2172 2176
f 581 2178 2173
f 2178 2172 2173
f 90 2158 2180
f 2158 2157 2180
f 576 2170 2158
f 2170 2157 2158
f 514 2176 2170
f 2176 2157 2170
f 582 2180 2176
f 2180 2157 2176
f 69 2028 2184
f 2028 2027 2184
f 544 2181 2028
f 2181 2027 2028
f 543 2183 2181
f 2183 2027 2181
f 584 2184 2183
f 2184 2027 2183
f 76 2124 2025
f 2124 2024 2025
f 572 2185 2124
f 2185 2024 2124
f 543 2181 2185
f 2181 2024 2185
f 544 2025 2181
f 2025 2024 2181
f 92 2187 2134
f 2187 2133 2134
f 583 2188 2187
f 2188 2133 2187
f 543 2185 2188
f 2185 2133 2188
f 572 2134 2185
f 2134 2133 2185
f 85 2190 2192
f 2190 2182 2192
f 584 2183 2190
f 2183 2182 2190
f 543 2188 2183
f 2188 2182 2183
f 583 2192 2188
f 2192 2182 2188
f 73 1830 2171
f 1830 1829 2171
f 480 2193 1830
f 2193 1829 1830
f 479 2194 2193
f 2194 1829 2193
f 581 2171 2194
f 2171 1829 2194
f 72 2195 1823
f 2195 1822 1823
f 585 2197 2195
f 2197 1822 2195
f 479 2193 2197
f 2193 1822 2197
f 480 1823 2193
f 1823 1822 2193
f 88 2199 2202
f 2199 2196 2202
f 586 2200 2199
f 2200 2196 2199
f 479 2197 2200
f 2197 2196 2200
f 585 2202 2197
f 2202 2196 2197
f 89 2178 2204
f 2178 2177 2204
f 581 2194 2178
f 2194 2177 2178
f 479 2200 2194
f 2200 2177 2194
f 586 2204 2200
f 2204 2177 2200
f 72 2018 2195
f 2018 2017 2195
f 541 2205 2018
f 2205 2017 2018
f 540 2206 2205
f 2206 2017 2205
f 585 2195 2206
f 2195 2017 2206
f 71 2207 2015
f 2207 2014 2015
f 587 2209 2207
f 2209 2014 2207
f 540 2205 2209
f 2205 2014 2209
f 541 2015 2205
f 2015 2014 2205
f 87 2211 2214
f 2211 2208 2214
f 588 2212 2211
f 2212 2208 2211
f 540 2209 2212
f 2209 2208 2212
f 587 2214 2209
f 2214 2208 2209
f 88 2202 2216
f 2202 2201 2216
f 585 2206 2202
f 2206 2201 2202
f 540 2212 2206
f 2212 2201 2206
f 588 2216 2212
f 2216 2201 2212
f 71 1992 2207
f 1992 1991 2207
f 532 2217 1992
f 2217 1991 1992
f 531 2218 2217
f 2218 1991 2217
f 587 2207 2218
f 2207 1991 2218
f 70 2219 1987
f 2219 1986 1987
f 589 2221 2219
f 2221 1986 2219
f 531 2217 2221
f 2217 1986 2221
f 532 1987 2217
f 1987 1986 2217
f 86 2223 2226
f 2223 2220 2226
f 590 2224 2223
f 2224 2220 2223
f 531 2221 2224
f 2221 2220 2224
f 589 2226 2221
f 2226 2220 2221
f 87 2214 2228
f 2214 2213 2228
f 587 2218 2214
f 2218 2213 2214
f 531 2224 2218
f 2224 2213 2218
f 590 2228 2224
f 2228 2213 2224
f 70 1976 2219
f 1976 1975 2219
f 527 2229 1976
f 2229 1975 1976
f 526 2230 2229
f 2230 1975 2229
f 589 2219 2230
f 2219 1975 2230
f 69 2184 1969
f 2184 1968 1969
f 584 2231 2184
f 2231 1968 2184
f 526 2229 2231
f 2229 1968 2231
f 527 1969 2229
f 1969 1968 2229
f 85 2233 2190
f 2233 2189 2190
f 591 2234 2233
f 2234 2189 2233
f 526 2231 2234
f 2231 2189 2234
f 584 2190 2231
f 2190 2189 2231
f 86 2226 2236
f 2226 2225 2236
f 589 2230 2226
f 2230 2225 2226
f 526 2234 2230
f 2234 2225 2230
f 591 2236 2234
f 2236 2225 2234
f 67 1954 2240
f 1954 1953 2240
f 521 2237 1954
f 2237 1953 1954
f 520 2239 2237
f 2239 1953 2237
f 593 2240 2239
f 2240 1953 2239
f 68 2084 1947
f 2084 1946 1947
f 562 2241 2084
f 2241 1946 2084
f 520 2237 2241
f 2237 1946 2241
f 521 1947 2237
f 1947 1946 2237
f 84 2243 2094
f 2243 2093 2094
f 592 2244 2243
f 2244 2093 2243
f 520 2241 2244
f 2241 2093 2244
f 562 2094 2241
f 2094 2093 2241
f 83 2246 2248
f 2246 2238 2248
f 593 2239 2246
f 2239 2238 2246
f 520 2244 2239
f 2244 2238 2239
f 592 2248 2244
f 2248 2238 2244
f 66 2038 2069
f 2038 2037 2069
f 547 2249 2038
f 2249 2037 2038
f 546 2250 2249
f 2250 2037 2249
f 555 2069 2250
f 2069 2037 2250
f 67 2240 2035
f 2240 2034 2035
f 593 2251 2240
f 2251 2034 2240
f 546 2249 2251
f 2249 2034 2251
f 547 2035 2249
f 2035 2034 2249
f 83 2253 2246
f 2253 2245 2246
f 594 2254 2253
f 2254 2245 2253
f 546 2251 2254
f 2251 2245 2254
f 593 2246 2251
f 2246 2245 2251
f 82 2076 2256
f 2076 2075 2256
f 555 2250 2076
f 2250 2075 2076
f 546 2254 2250
f 2254 2075 2250
f 594 2256 2254
f 2256 2075 2254
f 85 2257 2233
f 2257 2232 2233
f 595 2258 2257
f 2258 2232 2257
f 579 2259 2258
f 2259 2232 2258
f 591 2233 2259
f 2233 2232 2259
f 77 2168 2261
f 2168 2167 2261
f 580 2260 2168
f 2260 2167 2168
f 579 2258 2260
f 2258 2167 2260
f 595 2261 2258
f 2261 2167 2258
f 78 2262 2165
f 2262 2164 2165
f 596 2263 2262
f 2263 2164 2262
f 579 2260 2263
f 2260 2164 2263
f 580 2165 2260
f 2165 2164 2260
f 86 2236 2264
f 2236 2235 2264
f 591 2259 2236
f 2259 2235 2236
f 579 2263 2259
f 2263 2235 2259
f 596 2264 2263
f 2264 2235 2263
f 86 2264 2223
f 2264 2222 2223
f 596 2265 2264
f 2265 2222 2264
f 573 2266 2265
f 2266 2222 2265
f 590 2223 2266
f 2223 2222 2266
f 78 2148 2262
f 2148 2147 2262
f 574 2267 2148
f 2267 2147 2148
f 573 2265 2267
f 2265 2147 2267
f 596 2262 2265
f 2262 2147 2265
f 79 2268 2143
f 2268 2142 2143
f 597 2269 2268
f 2269 2142 2268
f 573 2267 2269
f 2267 2142 2269
f 574 2143 2267
f 2143 2142 2267
f 87 2228 2270
f 2228 2227 2270
f 590 2266 2228
f 2266 2227 2228
f 573 2269 2266
f 2269 2227 2266
f 597 2270 2269
f 2270 2227 2269
f 87 2270 2211
f 2270 2210 2211
f 597 2271 2270
f 2271 2210 2270
f 566 2272 2271
f 2272 2210 2271
f 588 2211 2272
f 2211 2210 2272
f 79 2120 2268
f 2120 2119 2268
f 567 2273 2120
f 2273 2119 2120
f 566 2271 2273
f 2271 2119 2273
f 597 2268 2271
f 2268 2119 2271
f 80 2274 2115
f 2274 2114 2115
f 598 2275 2274
f 2275 2114 2274
f 566 2273 2275
f 2273 2114 2275
f 567 2115 2273
f 2115 2114 2273
f 88 2216 2276
f 2216 2215 2276
f 588 2272 2216
f 2272 2215 2216
f 566 2275 2272
f 2275 2215 2272
f 598 2276 2275
f 2276 2215 2275
f 88 2276 2199
f 2276 2198 2199
f 598 2277 2276
f 2277 2198 2276
f 563 2278 2277
f 2278 2198 2277
f 586 2199 2278
f 2199 2198 2278
f 80 2108 2274
f 2108 2107 2274
f 564 2279 2108
f 2279 2107 2108
f 563 2277 2279
f 2277 2107 2279
f 598 2274 2277
f 2274 2107 2277
f 81 2280 2103
f 2280 2102 2103
f 599 2281 2280
f 2281 2102 2280
f 563 2279 2281
f 2279 2102 2281
f 564 2103 2279
f 2103 2102 2279
f 89 2204 2282
f 2204 2203 2282
f 586 2278 2204
f 2278 2203 2204
f 563 2281 2278
f 2281 2203 2278
f 599 2282 2281
f 2282 2203 2281
f 89 2282 2175
f 2282 2174 2175
f 599 2283 2282
f 2283 2174 2282
f 556 2284 2283
f 2284 2174 2283
f 582 2175 2284
f 2175 2174 2284
f 81 2080 2280
f 2080 2079 2280
f 557 2285 2080
f 2285 2079 2080
f 556 2283 2285
f 2283 2079 2285
f 599 2280 2283
f 2280 2079 2283
f 82 2286 2073
f 2286 2072 2073
f 600 2287 2286
f 2287 2072 2286
f 556 2285 2287
f 2285 2072 2287
f 557 2073 2285
f 2073 2072 2285
f 90 2180 2288
f 2180 2179 2288
f 582 2284 2180
f 2284 2179 2180
f 556 2287 2284
f 2287 2179 2284
f 600 2288 2287
f 2288 2179 2287
f 90 2288 2155
f 2288 2154 2155
f 600 2289 2288
f 2289 2154 2288
f 577 2290 2289
f 2290 2154 2289
f 578 2155 2290
f 2155 2154 2290
f 82 2256 2286
f 2256 2255 2286
f 594 2291 2256
f 2291 2255 2256
f 577 2289 2291
f 2289 2255 2291
f 600 2286 2289
f 2286 2255 2289
f 83 2292 2253
f 2292 2252 2253
f 601 2293 2292
f 2293 2252 2292
f 577 2291 2293
f 2291 2252 2293
f 594 2253 2291
f 2253 2252 2291
f 91 2160 2294
f 2160 2159 2294
f 578 2290 2160
f 2290 2159 2160
f 577 2293 2290
f 2293 2159 2290
f 601 2294 2293
f 2294 2159 2293
f 91 2294 2129
f 2294 2128 2129
f 601 2295 2294
f 2295 2128 2294
f 570 2296 2295
f 2296 2128 2295
f 571 2129 2296
f 2129 2128 2296
f 83 2248 2292
f 2248 2247 2292
f 592 2297 2248
f 2297 2247 2248
f 570 2295 2297
f 2295 2247 2297
f 601 2292 2295
f 2292 2247 2295
f 84 2298 2243
f 2298 2242 2243
f 602 2299 2298
f 2299 2242 2298
f 570 2297 2299
f 2297 2242 2299
f 592 2243 2297
f 2243 2242 2297
f 92 2136 2300
f 2136 2135 2300
f 571 2296 2136
f 2296 2135 2136
f 570 2299 2296
f 2299 2135 2296
f 602 2300 2299
f 2300 2135 2299
f 92 2300 2187
f 2300 2186 2187
f 602 2301 2300
f 2301 2186 2300
f 560 2302 2301
f 2302 2186 2301
f 583 2187 2302
f 2187 2186 2302
f 84 2096 2298
f 2096 2095 2298
f 561 2303 2096
f 2303 2095 2096
f 560 2301 2303
f 2301 2095 2303
f 602 2298 2301
f 2298 2095 2301
f 77 2261 2089
f 2261 2088 2089
f 595 2304 2261
f 2304 2088 2261
f 560 2303 2304
f 2303 2088 2304
f 561 2089 2303
f 2089 2088 2303
f 85 2192 2257
f 2192 2191 2257
f 583 2302 2192
f 2302 2191 2192
f 560 2304 2302
f 2304 2191 2302
f 595 2257 2304
f 2257 2191 2304
f 159 2307 2313
f 2307 2305 2313
f 605 2309 2307
f 2309 2305 2307
f 603 2311 2309
f 2311 2305 2309
f 611 2313 2311
f 2313 2305 2311
f 149 2315 2319
f 2315 2308 2319
f 607 2317 2315
f 2317 2308 2315
f 603 2309 2317
f 2309 2308 2317
f 605 2319 2309
f 2319 2308 2309
f 150 2321 2324
f 2321 2316 2324
f 609 2322 2321
f 2322 2316 2321
f 603 2317 2322
f 2317 2316 2322
f 607 2324 2317
f 2324 2316 2317
f 160 2326 2328
f 2326 2310 2328
f 611 2311 2326
f 2311 2310 2326
f 603 2322 2311
f 2322 2310 2311
f 609 2328 2322
f 2328 2310 2322
f 160 2328 2333
f 2328 2327 2333
f 609 2329 2328
f 2329 2327 2328
f 608 2331 2329
f 2331 2327 2329
f 617 2333 2331
f 2333 2327 2331
f 150 2335 2321
f 2335 2320 2321
f 613 2337 2335
f 2337 2320 2335
f 608 2329 2337
f 2329 2320 2337
f 609 2321 2329
f 2321 2320 2329
f 151 2339 2342
f 2339 2336 2342
f 615 2340 2339
f 2340 2336 2339
f 608 2337 2340
f 2337 2336 2340
f 613 2342 2337
f 2342 2336 2337
f 161 2344 2346
f 2344 2330 2346
f 617 2331 2344
f 2331 2330 2344
f 608 2340 2331
f 2340 2330 2331
f 615 2346 2340
f 2346 2330 2340
f 161 2346 2351
f 2346 2345 2351
f 615 2347 2346
f 2347 2345 2346
f 614 2349 2347
f 2349 2345 2347
f 623 2351 2349
f 2351 2345 2349
f 151 2353 2339
f 2353 2338 2339
f 619 2355 2353
f 2355 2338 2353
f 614 2347 2355
f 2347 2338 2355
f 615 2339 2347
f 2339 2338 2347
f 152 2357 2360
f 2357 2354 2360
f 621 2358 2357
f 2358 2354 2357
f 614 2355 2358
f 2355 2354 2358
f 619 2360 2355
f 2360 2354 2355
f 162 2362 2364
f 2362 2348 2364
f 623 2349 2362
f 2349 2348 2362
f 614 2358 2349
f 2358 2348 2349
f 621 2364 2358
f 2364 2348 2358
f 162 2364 2369
f 2364 2363 2369
f 621 2365 2364
f 2365 2363 2364
f 620 2367 2365
f 2367 2363 2365
f 629 2369 2367
f 2369 2363 2367
f 152 2371 2357
f 2371 2356 2357
f 625 2373 2371
f 2373 2356 2371
f 620 2365 2373
f 2365 2356 2373
f 621 2357 2365
f 2357 2356 2365
f 153 2375 2378
f 2375 2372 2378
f 627 2376 2375
f 2376 2372 2375
f 620 2373 2376
f 2373 2372 2376
f 625 2378 2373
f 2378 2372 2373
f 163 2380 2382
f 2380 2366 2382
f 629 2367 2380
f 2367 2366 2380
f 620 2376 2367
f 2376 2366 2367
f 627 2382 2376
f 2382 2366 2376
f 163 2382 2387
f 2382 2381 2387
f 627 2383 2382
f 2383 2381 2382
f 626 2385 2383
f 2385 2381 2383
f 635 2387 2385
f 2387 2381 2385
f 153 2389 2375
f 2389 2374 2375
f 631 2391 2389
f 2391 2374 2389
f 626 2383 2391
f 2383 2374 2391
f 627 2375 2383
f 2375 2374 2383
f 154 2393 2396
f 2393 2390 2396
f 633 2394 2393
f 2394 2390 2393
f 626 2391 2394
f 2391 2390 2394
f 631 2396 2391
f 2396 2390 2391
f 164 2398 2400
f 2398 2384 2400
f 635 2385 2398
f 2385 2384 2398
f 626 2394 2385
f 2394 2384 2385
f 633 2400 2394
f 2400 2384 2394
f 164 2400 2405
f 2400 2399 2405
f 633 2401 2400
f 2401 2399 2400
f 632 2403 2401
f 2403 2399 2401
f 641 2405 2403
f 2405 2399 2403
f 154 2407 2393
f 2407 2392 2393
f 637 2409 2407
f 2409 2392 2407
f 632 2401 2409
f 2401 2392 2409
f 633 2393 2401
f 2393 2392 2401
f 155 2411 2414
f 2411 2408 2414
f 639 2412 2411
f 2412 2408 2411
f 632 2409 2412
f 2409 2408 2412
f 637 2414 2409
f 2414 2408 2409
f 165 2416 2418
f 2416 2402 2418
f 641 2403 2416
f 2403 2402 2416
f 632 2412 2403
f 2412 2402 2403
f 639 2418 2412
f 2418 2402 2412
f 165 2418 2423
f 2418 2417 2423
f 639 2419 2418
f 2419 2417 2418
f 638 2421 2419
f 2421 2417 2419
f 647 2423 2421
f 2423 2417 2421
f 155 2425 2411
f 2425 2410 2411
f 643 2427 2425
f 2427 2410 2425
f 638 2419 2427
f 2419 2410 2427
f 639 2411 2419
f 2411 2410 2419
f 156 2429 2432
f 2429 2426 2432
f 645 2430 2429
f 2430 2426 2429
f 638 2427 2430
f 2427 2426 2430
f 643 2432 2427
f 2432 2426 2427
f 166 2434 2436
f 2434 2420 2436
f 647 2421 2434
f 2421 2420 2434
f 638 2430 2421
f 2430 2420 2421
f 645 2436 2430
f 2436 2420 2430
f 166 2436 2441
f 2436 2435 2441
f 645 2437 2436
f 2437 2435 2436
f 644 2439 2437
f 2439 2435 2437
f 653 2441 2439
f 2441 2435 2439
f 156 2443 2429
f 2443 2428 2429
f 649 2445 2443
f 2445 2428 2443
f 644 2437 2445
f 2437 2428 2445
f 645 2429 2437
f 2429 2428 2437
f 157 2447 2450
f 2447 2444 2450
f 651 2448 2447
f 2448 2444 2447
f 644 2445 2448
f 2445 2444 2448
f 649 2450 2445
f 2450 2444 2445
f 167 2452 2454
f 2452 2438 2454
f 653 2439 2452
f 2439 2438 2452
f 644 2448 2439
f 2448 2438 2439
f 651 2454 2448
f 2454 2438 2448
f 167 2454 2459
f 2454 2453 2459
f 651 2455 2454
f 2455 2453 2454
f 650 2457 2455
f 2457 2453 2455
f 658 2459 2457
f 2459 2453 2457
f 157 2461 2447
f 2461 2446 2447
f 655 2463 2461
f 2463 2446 2461
f 650 2455 2463
f 2455 2446 2463
f 651 2447 2455
f 2447 2446 2455
f 158 2465 2468
f 2465 2462 2468
f 656 2466 2465
f 2466 2462 2465
f 650 2463 2466
f 2463 2462 2466
f 655 2468 2463
f 2468 2462 2463
f 168 2470 2472
f 2470 2456 2472
f 658 2457 2470
f 2457 2456 2470
f 650 2466 2457
f 2466 2456 2457
f 656 2472 2466
f 2472 2456 2466
f 168 2472 2476
f 2472 2471 2476
f 656 2473 2472
f 2473 2471 2472
f 604 2474 2473
f 2474 2471 2473
f 662 2476 2474
f 2476 2471 2474
f 158 2478 2465
f 2478 2464 2465
f 660 2479 2478
f 2479 2464 2478
f 604 2473 2479
f 2473 2464 2479
f 656 2465 2473
f 2465 2464 2473
f 149 2319 2482
f 2319 2318 2482
f 605 2480 2319
f 2480 2318 2319
f 604 2479 2480
f 2479 2318 2480
f 660 2482 2479
f 2482 2318 2479
f 159 2484 2307
f 2484 2306 2307
f 662 2474 2484
f 2474 2306 2484
f 604 2480 2474
f 2480 2306 2474
f 605 2307 2480
f 2307 2306 2480
f 150 2324 2488
f 2324 2323 2488
f 607 2485 2324
f 2485 2323 2324
f 606 2487 2485
f 2487 2323 2485
f 666 2488 2487
f 2488 2323 2487
f 149 2489 2315
f 2489 2314 2315
f 663 2491 2489
f 2491 2314 2489
f 606 2485 2491
f 2485 2314 2491
f 607 2315 2485
f 2315 2314 2485
f 169 2493 2496
f 2493 2490 2496
f 665 2494 2493
f 2494 2490 2493
f 606 2491 2494
f 2491 2490 2494
f 663 2496 2491
f 2496 2490 2491
f 170 2498 2500
f 2498 2486 2500
f 666 2487 2498
f 2487 2486 2498
f 606 2494 2487
f 2494 2486 2487
f 665 2500 2494
f 2500 2486 2494
f 162 2369 2504
f 2369 2368 2504
f 629 2501 2369
f 2501 2368 2369
f 628 2503 2501
f 2503 2368 2501
f 670 2504 2503
f 2504 2368 2503
f 163 2505 2380
f 2505 2379 2380
f 667 2507 2505
f 2507 2379 2505
f 628 2501 2507
f 2501 2379 2507
f 629 2380 2501
f 2380 2379 2501
f 183 2509 2512
f 2509 2506 2512
f 669 2510 2509
f 2510 2506 2509
f 628 2507 2510
f 2507 2506 2510
f 667 2512 2507
f 2512 2506 2507
f 182 2514 2516
f 2514 2502 2516
f 670 2503 2514
f 2503 2502 2514
f 628 2510 2503
f 2510 2502 2503
f 669 2516 2510
f 2516 2502 2510
f 151 2342 2520
f 2342 2341 2520
f 613 2517 2342
f 2517 2341 2342
f 612 2519 2517
f 2519 2341 2517
f 673 2520 2519
f 2520 2341 2519
f 150 2488 2335
f 2488 2334 2335
f 666 2521 2488
f 2521 2334 2488
f 612 2517 2521
f 2517 2334 2521
f 613 2335 2517
f 2335 2334 2517
f 170 2523 2498
f 2523 2497 2498
f 672 2524 2523
f 2524 2497 2523
f 612 2521 2524
f 2521 2497 2524
f 666 2498 2521
f 2498 2497 2521
f 171 2526 2528
f 2526 2518 2528
f 673 2519 2526
f 2519 2518 2526
f 612 2524 2519
f 2524 2518 2519
f 672 2528 2524
f 2528 2518 2524
f 168 2476 2532
f 2476 2475 2532
f 662 2529 2476
f 2529 2475 2476
f 661 2531 2529
f 2531 2475 2529
f 677 2532 2531
f 2532 2475 2531
f 159 2533 2484
f 2533 2483 2484
f 674 2535 2533
f 2535 2483 2533
f 661 2529 2535
f 2529 2483 2535
f 662 2484 2529
f 2484 2483 2529
f 179 2537 2540
f 2537 2534 2540
f 676 2538 2537
f 2538 2534 2537
f 661 2535 2538
f 2535 2534 2538
f 674 2540 2535
f 2540 2534 2535
f 188 2542 2544
f 2542 2530 2544
f 677 2531 2542
f 2531 2530 2542
f 661 2538 2531
f 2538 2530 2531
f 676 2544 2538
f 2544 2530 2538
f 163 2387 2505
f 2387 2386 2505
f 635 2545 2387
f 2545 2386 2387
f 634 2546 2545
f 2546 2386 2545
f 667 2505 2546
f 2505 2386 2546
f 164 2547 2398
f 2547 2397 2398
f 678 2549 2547
f 2549 2397 2547
f 634 2545 2549
f 2545 2397 2549
f 635 2398 2545
f 2398 2397 2545
f 184 2551 2554
f 2551 2548 2554
f 680 2552 2551
f 2552 2548 2551
f 634 2549 2552
f 2549 2548 2552
f 678 2554 2549
f 2554 2548 2549
f 183 2512 2556
f 2512 2511 2556
f 667 2546 2512
f 2546 2511 2512
f 634 2552 2546
f 2552 2511 2546
f 680 2556 2552
f 2556 2511 2552
f 152 2360 2560
f 2360 2359 2560
f 619 2557 2360
f 2557 2359 2360
f 618 2559 2557
f 2559 2359 2557
f 683 2560 2559
f 2560 2359 2559
f 151 2520 2353
f 2520 2352 2353
f 673 2561 2520
f 2561 2352 2520
f 618 2557 2561
f 2557 2352 2561
f 619 2353 2557
f 2353 2352 2557
f 171 2563 2526
f 2563 2525 2526
f 682 2564 2563
f 2564 2525 2563
f 618 2561 2564
f 2561 2525 2564
f 673 2526 2561
f 2526 2525 2561
f 172 2566 2568
f 2566 2558 2568
f 683 2559 2566
f 2559 2558 2566
f 618 2564 2559
f 2564 2558 2559
f 682 2568 2564
f 2568 2558 2564
f 164 2405 2547
f 2405 2404 2547
f 641 2569 2405
f 2569 2404 2405
f 640 2570 2569
f 2570 2404 2569
f 678 2547 2570
f 2547 2404 2570
f 165 2571 2416
f 2571 2415 2416
f 684 2573 2571
f 2573 2415 2571
f 640 2569 2573
f 2569 2415 2573
f 641 2416 2569
f 2416 2415 2569
f 185 2575 2578
f 2575 2572 2578
f 686 2576 2575
f 2576 2572 2575
f 640 2573 2576
f 2573 2572 2576
f 684 2578 2573
f 2578 2572 2573
f 184 2554 2580
f 2554 2553 2580
f 678 2570 2554
f 2570 2553 2554
f 640 2576 2570
f 2576 2553 2570
f 686 2580 2576
f 2580 2553 2576
f 153 2378 2584
f 2378 2377 2584
f 625 2581 2378
f 2581 2377 2378
f 624 2583 2581
f 2583 2377 2581
f 689 2584 2583
f 2584 2377 2583
f 152 2560 2371
f 2560 2370 2371
f 683 2585 2560
f 2585 2370 2560
f 624 2581 2585
f 2581 2370 2585
f 625 2371 2581
f 2371 2370 2581
f 172 2587 2566
f 2587 2565 2566
f 688 2588 2587
f 2588 2565 2587
f 624 2585 2588
f 2585 2565 2588
f 683 2566 2585
f 2566 2565 2585
f 173 2590 2592
f 2590 2582 2592
f 689 2583 2590
f 2583 2582 2590
f 624 2588 2583
f 2588 2582 2583
f 688 2592 2588
f 2592 2582 2588
f 165 2423 2571
f 2423 2422 2571
f 647 2593 2423
f 2593 2422 2423
f 646 2594 2593
f 2594 2422 2593
f 684 2571 2594
f 2571 2422 2594
f 166 2595 2434
f 2595 2433 2434
f 690 2597 2595
f 2597 2433 2595
f 646 2593 2597
f 2593 2433 2597
f 647 2434 2593
f 2434 2433 2593
f 186 2599 2602
f 2599 2596 2602
f 692 2600 2599
f 2600 2596 2599
f 646 2597 2600
f 2597 2596 2600
f 690 2602 2597
f 2602 2596 2597
f 185 2578 2604
f 2578 2577 2604
f 684 2594 2578
f 2594 2577 2578
f 646 2600 2594
f 2600 2577 2594
f 692 2604 2600
f 2604 2577 2600
f 154 2396 2608
f 2396 2395 2608
f 631 2605 2396
f 2605 2395 2396
f 630 2607 2605
f 2607 2395 2605
f 695 2608 2607
f 2608 2395 2607
f 153 2584 2389
f 2584 2388 2389
f 689 2609 2584
f 2609 2388 2584
f 630 2605 2609
f 2605 2388 2609
f 631 2389 2605
f 2389 2388 2605
f 173 2611 2590
f 2611 2589 2590
f 694 2612 2611
f 2612 2589 2611
f 630 2609 2612
f 2609 2589 2612
f 689 2590 2609
f 2590 2589 2609
f 174 2614 2616
f 2614 2606 2616
f 695 2607 2614
f 2607 2606 2614
f 630 2612 2607
f 2612 2606 2607
f 694 2616 2612
f 2616 2606 2612
f 149 2482 2489
f 2482 2481 2489
f 660 2617 2482
f 2617 2481 2482
f 659 2618 2617
f 2618 2481 2617
f 663 2489 2618
f 2489 2481 2618
f 158 2619 2478
f 2619 2477 2478
f 696 2621 2619
f 2621 2477 2619
f 659 2617 2621
f 2617 2477 2621
f 660 2478 2617
f 2478 2477 2617
f 178 2623 2626
f 2623 2620 2626
f 698 2624 2623
f 2624 2620 2623
f 659 2621 2624
f 2621 2620 2624
f 696 2626 2621
f 2626 2620 2621
f 169 2496 2628
f 2496 2495 2628
f 663 2618 2496
f 2618 2495 2496
f 659 2624 2618
f 2624 2495 2618
f 698 2628 2624
f 2628 2495 2624
f 166 2441 2595
f 2441 2440 2595
f 653 2629 2441
f 2629 2440 2441
f 652 2630 2629
f 2630 2440 2629
f 690 2595 2630
f 2595 2440 2630
f 167 2631 2452
f 2631 2451 2452
f 699 2633 2631
f 2633 2451 2631
f 652 2629 2633
f 2629 2451 2633
f 653 2452 2629
f 2452 2451 2629
f 187 2635 2638
f 2635 2632 2638
f 701 2636 2635
f 2636 2632 2635
f 652 2633 2636
f 2633 2632 2636
f 699 2638 2633
f 2638 2632 2633
f 186 2602 2640
f 2602 2601 2640
f 690 2630 2602
f 2630 2601 2602
f 652 2636 2630
f 2636 2601 2630
f 701 2640 2636
f 2640 2601 2636
f 155 2414 2644
f 2414 2413 2644
f 637 2641 2414
f 2641 2413 2414
f 636 2643 2641
f 2643 2413 2641
f 704 2644 2643
f 2644 2413 2643
f 154 2608 2407
f 2608 2406 2407
f 695 2645 2608
f 2645 2406 2608
f 636 2641 2645
f 2641 2406 2645
f 637 2407 2641
f 2407 2406 2641
f 174 2647 2614
f 2647 2613 2614
f 703 2648 2647
f 2648 2613 2647
f 636 2645 2648
f 2645 2613 2648
f 695 2614 2645
f 2614 2613 2645
f 175 2650 2652
f 2650 2642 2652
f 704 2643 2650
f 2643 2642 2650
f 636 2648 2643
f 2648 2642 2643
f 703 2652 2648
f 2652 2642 2648
f 167 2459 2631
f 2459 2458 2631
f 658 2653 2459
f 2653 2458 2459
f 657 2654 2653
f 2654 2458 2653
f 699 2631 2654
f 2631 2458 2654
f 168 2532 2470
f 2532 2469 2470
f 677 2655 2532
f 2655 2469 2532
f 657 2653 2655
f 2653 2469 2655
f 658 2470 2653
f 2470 2469 2653
f 188 2657 2542
f 2657 2541 2542
f 706 2658 2657
f 2658 2541 2657
f 657 2655 2658
f 2655 2541 2658
f 677 2542 2655
f 2542 2541 2655
f 187 2638 2660
f 2638 2637 2660
f 699 2654 2638
f 2654 2637 2638
f 657 2658 2654
f 2658 2637 2654
f 706 2660 2658
f 2660 2637 2658
f 156 2432 2664
f 2432 2431 2664
f 643 2661 2432
f 2661 2431 2432
f 642 2663 2661
f 2663 2431 2661
f 709 2664 2663
f 2664 2431 2663
f 155 2644 2425
f 2644 2424 2425
f 704 2665 2644
f 2665 2424 2644
f 642 2661 2665
f 2661 2424 2665
f 643 2425 2661
f 2425 2424 2661
f 175 2667 2650
f 2667 2649 2650
f 708 2668 2667
f 2668 2649 2667
f 642 2665 2668
f 2665 2649 2668
f 704 2650 2665
f 2650 2649 2665
f 176 2670 2672
f 2670 2662 2672
f 709 2663 2670
f 2663 2662 2670
f 642 2668 2663
f 2668 2662 2663
f 708 2672 2668
f 2672 2662 2668
f 157 2450 2676
f 2450 2449 2676
f 649 2673 2450
f 2673 2449 2450
f 648 2675 2673
f 2675 2449 2673
f 712 2676 2675
f 2676 2449 2675
f 156 2664 2443
f 2664 2442 2443
f 709 2677 2664
f 2677 2442 2664
f 648 2673 2677
f 2673 2442 2677
f 649 2443 2673
f 2443 2442 2673
f 176 2679 2670
f 2679 2669 2670
f 711 2680 2679
f 2680 2669 2679
f 648 2677 2680
f 2677 2669 2680
f 709 2670 2677
f 2670 2669 2677
f 177 2682 2684
f 2682 2674 2684
f 712 2675 2682
f 2675 2674 2682
f 648 2680 2675
f 2680 2674 2675
f 711 2684 2680
f 2684 2674 2680
f 158 2468 2619
f 2468 2467 2619
f 655 2685 2468
f 2685 2467 2468
f 654 2686 2685
f 2686 2467 2685
f 696 2619 2686
f 2619 2467 2686
f 157 2676 2461
f 2676 2460 2461
f 712 2687 2676
f 2687 2460 2676
f 654 2685 2687
f 2685 2460 2687
f 655 2461 2685
f 2461 2460 2685
f 177 2689 2682
f 2689 2681 2682
f 714 2690 2689
f 2690 2681 2689
f 654 2687 2690
f 2687 2681 2690
f 712 2682 2687
f 2682 2681 2687
f 178 2626 2692
f 2626 2625 2692
f 696 2686 2626
f 2686 2625 2626
f 654 2690 2686
f 2690 2625 2686
f 714 2692 2690
f 2692 2625 2690
f 159 2313 2533
f 2313 2312 2533
f 611 2693 2313
f 2693 2312 2313
f 610 2694 2693
f 2694 2312 2693
f 674 2533 2694
f 2533 2312 2694
f 160 2695 2326
f 2695 2325 2326
f 715 2697 2695
f 2697 2325 2695
f 610 2693 2697
f 2693 2325 2697
f 611 2326 2693
f 2326 2325 2693
f 180 2699 2702
f 2699 2696 2702
f 717 2700 2699
f 2700 2696 2699
f 610 2697 2700
f 2697 2696 2700
f 715 2702 2697
f 2702 2696 2697
f 179 2540 2704
f 2540 2539 2704
f 674 2694 2540
f 2694 2539 2540
f 610 2700 2694
f 2700 2539 2694
f 717 2704 2700
f 2704 2539 2700
f 160 2333 2695
f 2333 2332 2695
f 617 2705 2333
f 2705 2332 2333
f 616 2706 2705
f 2706 2332 2705
f 715 2695 2706
f 2695 2332 2706
f 161 2707 2344
f 2707 2343 2344
f 718 2709 2707
f 2709 2343 2707
f 616 2705 2709
f 2705 2343 2709
f 617 2344 2705
f 2344 2343 2705
f 181 2711 2714
f 2711 2708 2714
f 720 2712 2711
f 2712 2708 2711
f 616 2709 2712
f 2709 2708 2712
f 718 2714 2709
f 2714 2708 2709
f 180 2702 2716
f 2702 2701 2716
f 715 2706 2702
f 2706 2701 2702
f 616 2712 2706
f 2712 2701 2706
f 720 2716 2712
f 2716 2701 2712
f 161 2351 2707
f 2351 2350 2707
f 623 2717 2351
f 2717 2350 2351
f 622 2718 2717
f 2718 2350 2717
f 718 2707 2718
f 2707 2350 2718
f 162 2504 2362
f 2504 2361 2362
f 670 2719 2504
f 2719 2361 2504
f 622 2717 2719
f 2717 2361 2719
f 623 2362 2717
f 2362 2361 2717
f 182 2721 2514
f 2721 2513 2514
f 722 2722 2721
f 2722 2513 2721
f 622 2719 2722
f 2719 2513 2722
f 670 2514 2719
f 2514 2513 2719
f 181 2714 2724
f 2714 2713 2724
f 718 2718 2714
f 2718 2713 2714
f 622 2722 2718
f 2722 2713 2718
f 722 2724 2722
f 2724 2713 2722
f 173 2592 2728
f 2592 2591 2728
f 688 2725 2592
f 2725 2591 2592
f 687 2727 2725
f 2727 2591 2725
f 726 2728 2727
f 2728 2591 2727
f 172 2729 2587
f 2729 2586 2587
f 723 2731 2729
f 2731 2586 2729
f 687 2725 2731
f 2725 2586 2731
f 688 2587 2725
f 2587 2586 2725
f 192 2733 2736
f 2733 2730 2736
f 725 2734 2733
f 2734 2730 2733
f 687 2731 2734
f 2731 2730 2734
f 723 2736 2731
f 2736 2730 2731
f 193 2738 2740
f 2738 2726 2740
f 726 2727 2738
f 2727 2726 2738
f 687 2734 2727
f 2734 2726 2727
f 725 2740 2734
f 2740 2726 2734
f 178 2692 2744
f 2692 2691 2744
f 714 2741 2692
f 2741 2691 2692
f 713 2743 2741
f 2743 2691 2741
f 730 2744 2743
f 2744 2691 2743
f 177 2745 2689
f 2745 2688 2689
f 727 2747 2745
f 2747 2688 2745
f 713 2741 2747
f 2741 2688 2747
f 714 2689 2741
f 2689 2688 2741
f 197 2749 2752
f 2749 2746 2752
f 729 2750 2749
f 2750 2746 2749
f 713 2747 2750
f 2747 2746 2750
f 727 2752 2747
f 2752 2746 2747
f 198 2754 2756
f 2754 2742 2756
f 730 2743 2754
f 2743 2742 2754
f 713 2750 2743
f 2750 2742 2743
f 729 2756 2750
f 2756 2742 2750
f 169 2628 2760
f 2628 2627 2760
f 698 2757 2628
f 2757 2627 2628
f 697 2759 2757
f 2759 2627 2757
f 733 2760 2759
f 2760 2627 2759
f 178 2744 2623
f 2744 2622 2623
f 730 2761 2744
f 2761 2622 2744
f 697 2757 2761
f 2757 2622 2761
f 698 2623 2757
f 2623 2622 2757
f 198 2763 2754
f 2763 2753 2754
f 732 2764 2763
f 2764 2753 2763
f 697 2761 2764
f 2761 2753 2764
f 730 2754 2761
f 2754 2753 2761
f 189 2766 2768
f 2766 2758 2768
f 733 2759 2766
f 2759 2758 2766
f 697 2764 2759
f 2764 2758 2759
f 732 2768 2764
f 2768 2758 2764
f 177 2684 2745
f 2684 2683 2745
f 711 2769 2684
f 2769 2683 2684
f 710 2770 2769
f 2770 2683 2769
f 727 2745 2770
f 2745 2683 2770
f 176 2771 2679
f 2771 2678 2679
f 734 2773 2771
f 2773 2678 2771
f 710 2769 2773
f 2769 2678 2773
f 711 2679 2769
f 2679 2678 2769
f 196 2775 2778
f 2775 2772 2778
f 736 2776 2775
f 2776 2772 2775
f 710 2773 2776
f 2773 2772 2776
f 734 2778 2773
f 2778 2772 2773
f 197 2752 2780
f 2752 2751 2780
f 727 2770 2752
f 2770 2751 2752
f 710 2776 2770
f 2776 2751 2770
f 736 2780 2776
f 2780 2751 2776
f 170 2500 2784
f 2500 2499 2784
f 665 2781 2500
f 2781 2499 2500
f 664 2783 2781
f 2783 2499 2781
f 739 2784 2783
f 2784 2499 2783
f 169 2760 2493
f 2760 2492 2493
f 733 2785 2760
f 2785 2492 2760
f 664 2781 2785
f 2781 2492 2785
f 665 2493 2781
f 2493 2492 2781
f 189 2787 2766
f 2787 2765 2766
f 738 2788 2787
f 2788 2765 2787
f 664 2785 2788
f 2785 2765 2788
f 733 2766 2785
f 2766 2765 2785
f 190 2790 2792
f 2790 2782 2792
f 739 2783 2790
f 2783 2782 2790
f 664 2788 2783
f 2788 2782 2783
f 738 2792 2788
f 2792 2782 2788
f 176 2672 2771
f 2672 2671 2771
f 708 2793 2672
f 2793 2671 2672
f 707 2794 2793
f 2794 2671 2793
f 734 2771 2794
f 2771 2671 2794
f 175 2795 2667
f 2795 2666 2667
f 740 2797 2795
f 2797 2666 2795
f 707 2793 2797
f 2793 2666 2797
f 708 2667 2793
f 2667 2666 2793
f 195 2799 2802
f 2799 2796 2802
f 742 2800 2799
f 2800 2796 2799
f 707 2797 2800
f 2797 2796 2800
f 740 2802 2797
f 2802 2796 2797
f 196 2778 2804
f 2778 2777 2804
f 734 2794 2778
f 2794 2777 2778
f 707 2800 2794
f 2800 2777 2794
f 742 2804 2800
f 2804 2777 2800
f 187 2660 2808
f 2660 2659 2808
f 706 2805 2660
f 2805 2659 2660
f 705 2807 2805
f 2807 2659 2805
f 746 2808 2807
f 2808 2659 2807
f 188 2809 2657
f 2809 2656 2657
f 743 2811 2809
f 2811 2656 2809
f 705 2805 2811
f 2805 2656 2811
f 706 2657 2805
f 2657 2656 2805
f 208 2813 2816
f 2813 2810 2816
f 745 2814 2813
f 2814 2810 2813
f 705 2811 2814
f 2811 2810 2814
f 743 2816 2811
f 2816 2810 2811
f 207 2818 2820
f 2818 2806 2820
f 746 2807 2818
f 2807 2806 2818
f 705 2814 2807
f 2814 2806 2807
f 745 2820 2814
f 2820 2806 2814
f 175 2652 2795
f 2652 2651 2795
f 703 2821 2652
f 2821 2651 2652
f 702 2822 2821
f 2822 2651 2821
f 740 2795 2822
f 2795 2651 2822
f 174 2823 2647
f 2823 2646 2647
f 747 2825 2823
f 2825 2646 2823
f 702 2821 2825
f 2821 2646 2825
f 703 2647 2821
f 2647 2646 2821
f 194 2827 2830
f 2827 2824 2830
f 749 2828 2827
f 2828 2824 2827
f 702 2825 2828
f 2825 2824 2828
f 747 2830 2825
f 2830 2824 2825
f 195 2802 2832
f 2802 2801 2832
f 740 2822 2802
f 2822 2801 2802
f 702 2828 2822
f 2828 2801 2822
f 749 2832 2828
f 2832 2801 2828
f 186 2640 2836
f 2640 2639 2836
f 701 2833 2640
f 2833 2639 2640
f 700 2835 2833
f 2835 2639 2833
f 752 2836 2835
f 2836 2639 2835
f 187 2808 2635
f 2808 2634 2635
f 746 2837 2808
f 2837 2634 2808
f 700 2833 2837
f 2833 2634 2837
f 701 2635 2833
f 2635 2634 2833
f 207 2839 2818
f 2839 2817 2818
f 751 2840 2839
f 2840 2817 2839
f 700 2837 2840
f 2837 2817 2840
f 746 2818 2837
f 2818 2817 2837
f 206 2842 2844
f 2842 2834 2844
f 752 2835 2842
f 2835 2834 2842
f 700 2840 2835
f 2840 2834 2835
f 751 2844 2840
f 2844 2834 2840
f 185 2604 2848
f 2604 2603 2848
f 692 2845 2604
f 2845 2603 2604
f 691 2847 2845
f 2847 2603 2845
f 755 2848 2847
f 2848 2603 2847
f 186 2836 2599
f 2836 2598 2599
f 752 2849 2836
f 2849 2598 2836
f 691 2845 2849
f 2845 2598 2849
f 692 2599 2845
f 2599 2598 2845
f 206 2851 2842
f 2851 2841 2842
f 754 2852 2851
f 2852 2841 2851
f 691 2849 2852
f 2849 2841 2852
f 752 2842 2849
f 2842 2841 2849
f 205 2854 2856
f 2854 2846 2856
f 755 2847 2854
f 2847 2846 2854
f 691 2852 2847
f 2852 2846 2847
f 754 2856 2852
f 2856 2846 2852
f 174 2616 2823
f 2616 2615 2823
f 694 2857 2616
f 2857 2615 2616
f 693 2858 2857
f 2858 2615 2857
f 747 2823 2858
f 2823 2615 2858
f 173 2728 2611
f 2728 2610 2611
f 726 2859 2728
f 2859 2610 2728
f 693 2857 2859
f 2857 2610 2859
f 694 2611 2857
f 2611 2610 2857
f 193 2861 2738
f 2861 2737 2738
f 757 2862 2861
f 2862 2737 2861
f 693 2859 2862
f 2859 2737 2862
f 726 2738 2859
f 2738 2737 2859
f 194 2830 2864
f 2830 2829 2864
f 747 2858 2830
f 2858 2829 2830
f 693 2862 2858
f 2862 2829 2858
f 757 2864 2862
f 2864 2829 2862
f 172 2568 2729
f 2568 2567 2729
f 682 2865 2568
f 2865 2567 2568
f 681 2866 2865
f 2866 2567 2865
f 723 2729 2866
f 2729 2567 2866
f 171 2867 2563
f 2867 2562 2563
f 758 2869 2867
f 2869 2562 2867
f 681 2865 2869
f 2865 2562 2869
f 682 2563 2865
f 2563 2562 2865
f 191 2871 2874
f 2871 2868 2874
f 760 2872 2871
f 2872 2868 2871
f 681 2869 2872
f 2869 2868 2872
f 758 2874 2869
f 2874 2868 2869
f 192 2736 2876
f 2736 2735 2876
f 723 2866 2736
f 2866 2735 2736
f 681 2872 2866
f 2872 2735 2866
f 760 2876 2872
f 2876 2735 2872
f 184 2580 2880
f 2580 2579 2880
f 686 2877 2580
f 2877 2579 2580
f 685 2879 2877
f 2879 2579 2877
f 763 2880 2879
f 2880 2579 2879
f 185 2848 2575
f 2848 2574 2575
f 755 2881 2848
f 2881 2574 2848
f 685 2877 2881
f 2877 2574 2881
f 686 2575 2877
f 2575 2574 2877
f 205 2883 2854
f 2883 2853 2854
f 762 2884 2883
f 2884 2853 2883
f 685 2881 2884
f 2881 2853 2884
f 755 2854 2881
f 2854 2853 2881
f 204 2886 2888
f 2886 2878 2888
f 763 2879 2886
f 2879 2878 2886
f 685 2884 2879
f 2884 2878 2879
f 762 2888 2884
f 2888 2878 2884
f 183 2556 2892
f 2556 2555 2892
f 680 2889 2556
f 2889 2555 2556
f 679 2891 2889
f 2891 2555 2889
f 766 2892 2891
f 2892 2555 2891
f 184 2880 2551
f 2880 2550 2551
f 763 2893 2880
f 2893 2550 2880
f 679 2889 2893
f 2889 2550 2893
f 680 2551 2889
f 2551 2550 2889
f 204 2895 2886
f 2895 2885 2886
f 765 2896 2895
f 2896 2885 2895
f 679 2893 2896
f 2893 2885 2896
f 763 2886 2893
f 2886 2885 2893
f 203 2898 2900
f 2898 2890 2900
f 766 2891 2898
f 2891 2890 2898
f 679 2896 2891
f 2896 2890 2891
f 765 2900 2896
f 2900 2890 2896
f 188 2544 2809
f 2544 2543 2809
f 676 2901 2544
f 2901 2543 2544
f 675 2902 2901
f 2902 2543 2901
f 743 2809 2902
f 2809 2543 2902
f 179 2903 2537
f 2903 2536 2537
f 767 2905 2903
f 2905 2536 2903
f 675 2901 2905
f 2901 2536 2905
f 676 2537 2901
f 2537 2536 2901
f 199 2907 2910
f 2907 2904 2910
f 769 2908 2907
f 2908 2904 2907
f 675 2905 2908
f 2905 2904 2908
f 767 2910 2905
f 2910 2904 2905
f 208 2816 2912
f 2816 2815 2912
f 743 2902 2816
f 2902 2815 2816
f 675 2908 2902
f 2908 2815 2902
f 769 2912 2908
f 2912 2815 2908
f 182 2516 2916
f 2516 2515 2916
f 669 2913 2516
f 2913 2515 2516
f 668 2915 2913
f 2915 2515 2913
f 772 2916 2915
f 2916 2515 2915
f 183 2892 2509
f 2892 2508 2509
f 766 2917 2892
f 2917 2508 2892
f 668 2913 2917
f 2913 2508 2917
f 669 2509 2913
f 2509 2508 2913
f 203 2919 2898
f 2919 2897 2898
f 771 2920 2919
f 2920 2897 2919
f 668 2917 2920
f 2917 2897 2920
f 766 2898 2917
f 2898 2897 2917
f 202 2922 2924
f 2922 2914 2924
f 772 2915 2922
f 2915 2914 2922
f 668 2920 2915
f 2920 2914 2915
f 771 2924 2920
f 2924 2914 2920
f 181 2724 2928
f 2724 2723 2928
f 722 2925 2724
f 2925 2723 2724
f 721 2927 2925
f 2927 2723 2925
f 775 2928 2927
f 2928 2723 2927
f 182 2916 2721
f 2916 2720 2721
f 772 2929 2916
f 2929 2720 2916
f 721 2925 2929
f 2925 2720 2929
f 722 2721 2925
f 2721 2720 2925
f 202 2931 2922
f 2931 2921 2922
f 774 2932 2931
f 2932 2921 2931
f 721 2929 2932
f 2929 2921 2932
f 772 2922 2929
f 2922 2921 2929
f 201 2934 2936
f 2934 2926 2936
f 775 2927 2934
f 2927 2926 2934
f 721 2932 2927
f 2932 2926 2927
f 774 2936 2932
f 2936 2926 2932
f 171 2528 2867
f 2528 2527 2867
f 672 2937 2528
f 2937 2527 2528
f 671 2938 2937
f 2938 2527 2937
f 758 2867 2938
f 2867 2527 2938
f 170 2784 2523
f 2784 2522 2523
f 739 2939 2784
f 2939 2522 2784
f 671 2937 2939
f 2937 2522 2939
f 672 2523 2937
f 2523 2522 2937
f 190 2941 2790
f 2941 2789 2790
f 777 2942 2941
f 2942 2789 2941
f 671 2939 2942
f 2939 2789 2942
f 739 2790 2939
f 2790 2789 2939
f 191 2874 2944
f 2874 2873 2944
f 758 2938 2874
f 2938 2873 2874
f 671 2942 2938
f 2942 2873 2938
f 777 2944 2942
f 2944 2873 2942
f 180 2716 2948
f 2716 2715 2948
f 720 2945 2716
f 2945 2715 2716
f 719 2947 2945
f 2947 2715 2945
f 780 2948 2947
f 2948 2715 2947
f 181 2928 2711
f 2928 2710 2711
f 775 2949 2928
f 2949 2710 2928
f 719 2945 2949
f 2945 2710 2949
f 720 2711 2945
f 2711 2710 2945
f 201 2951 2934
f 2951 2933 2934
f 779 2952 2951
f 2952 2933 2951
f 719 2949 2952
f 2949 2933 2952
f 775 2934 2949
f 2934 2933 2949
f 200 2954 2956
f 2954 2946 2956
f 780 2947 2954
f 2947 2946 2954
f 719 2952 2947
f 2952 2946 2947
f 779 2956 2952
f 2956 2946 2952
f 179 2704 2903
f 2704 2703 2903
f 717 2957 2704
f 2957 2703 2704
f 716 2958 2957
f 2958 2703 2957
f 767 2903 2958
f 2903 2703 2958
f 180 2948 2699
f 2948 2698 2699
f 780 2959 2948
f 2959 2698 2948
f 716 2957 2959
f 2957 2698 2959
f 717 2699 2957
f 2699 2698 2957
f 200 2961 2954
f 2961 2953 2954
f 782 2962 2961
f 2962 2953 2961
f 716 2959 2962
f 2959 2953 2962
f 780 2954 2959
f 2954 2953 2959
f 199 2910 2964
f 2910 2909 2964
f 767 2958 2910
f 2958 2909 2910
f 716 2962 2958
f 2962 2909 2958
f 782 2964 2962
f 2964 2909 2962
f 201 2936 2968
f 2936 2935 2968
f 774 2965 2936
f 2965 2935 2936
f 773 2967 2965
f 2967 2935 2965
f 786 2968 2967
f 2968 2935 2967
f 202 2969 2931
f 2969 2930 2931
f 783 2971 2969
f 2971 2930 2969
f 773 2965 2971
f 2965 2930 2971
f 774 2931 2965
f 2931 2930 2965
f 222 2973 2976
f 2973 2970 2976
f 785 2974 2973
f 2974 2970 2973
f 773 2971 2974
f 2971 2970 2974
f 783 2976 2971
f 2976 2970 2971
f 221 2978 2980
f 2978 2966 2980
f 786 2967 2978
f 2967 2966 2978
f 773 2974 2967
f 2974 2966 2967
f 785 2980 2974
f 2980 2966 2974
f 198 2756 2984
f 2756 2755 2984
f 729 2981 2756
f 2981 2755 2756
f 728 2983 2981
f 2983 2755 2981
f 790 2984 2983
f 2984 2755 2983
f 197 2985 2749
f 2985 2748 2749
f 787 2987 2985
f 2987 2748 2985
f 728 2981 2987
f 2981 2748 2987
f 729 2749 2981
f 2749 2748 2981
f 217 2989 2992
f 2989 2986 2992
f 789 2990 2989
f 2990 2986 2989
f 728 2987 2990
f 2987 2986 2990
f 787 2992 2987
f 2992 2986 2987
f 218 2994 2996
f 2994 2982 2996
f 790 2983 2994
f 2983 2982 2994
f 728 2990 2983
f 2990 2982 2983
f 789 2996 2990
f 2996 2982 2990
f 207 2820 3000
f 2820 2819 3000
f 745 2997 2820
f 2997 2819 2820
f 744 2999 2997
f 2999 2819 2997
f 794 3000 2999
f 3000 2819 2999
f 208 3001 2813
f 3001 2812 2813
f 791 3003 3001
f 3003 2812 3001
f 744 2997 3003
f 2997 2812 3003
f 745 2813 2997
f 2813 2812 2997
f 228 3005 3008
f 3005 3002 3008
f 793 3006 3005
f 3006 3002 3005
f 744 3003 3006
f 3003 3002 3006
f 791 3008 3003
f 3008 3002 3003
f 227 3010 3012
f 3010 2998 3012
f 794 2999 3010
f 2999 2998 3010
f 744 3006 2999
f 3006 2998 2999
f 793 3012 3006
f 3012 2998 3006
f 202 2924 2969
f 2924 2923 2969
f 771 3013 2924
f 3013 2923 2924
f 770 3014 3013
f 3014 2923 3013
f 783 2969 3014
f 2969 2923 3014
f 203 3015 2919
f 3015 2918 2919
f 795 3017 3015
f 3017 2918 3015
f 770 3013 3017
f 3013 2918 3017
f 771 2919 3013
f 2919 2918 3013
f 223 3019 3022
f 3019 3016 3022
f 797 3020 3019
f 3020 3016 3019
f 770 3017 3020
f 3017 3016 3020
f 795 3022 3017
f 3022 3016 3017
f 222 2976 3024
f 2976 2975 3024
f 783 3014 2976
f 3014 2975 2976
f 770 3020 3014
f 3020 2975 3014
f 797 3024 3020
f 3024 2975 3020
f 203 2900 3015
f 2900 2899 3015
f 765 3025 2900
f 3025 2899 2900
f 764 3026 3025
f 3026 2899 3025
f 795 3015 3026
f 3015 2899 3026
f 204 3027 2895
f 3027 2894 2895
f 798 3029 3027
f 3029 2894 3027
f 764 3025 3029
f 3025 2894 3029
f 765 2895 3025
f 2895 2894 3025
f 224 3031 3034
f 3031 3028 3034
f 800 3032 3031
f 3032 3028 3031
f 764 3029 3032
f 3029 3028 3032
f 798 3034 3029
f 3034 3028 3029
f 223 3022 3036
f 3022 3021 3036
f 795 3026 3022
f 3026 3021 3022
f 764 3032 3026
f 3032 3021 3026
f 800 3036 3032
f 3036 3021 3032
f 190 2792 3040
f 2792 2791 3040
f 738 3037 2792
f 3037 2791 2792
f 737 3039 3037
f 3039 2791 3037
f 804 3040 3039
f 3040 2791 3039
f 189 3041 2787
f 3041 2786 2787
f 801 3043 3041
f 3043 2786 3041
f 737 3037 3043
f 3037 2786 3043
f 738 2787 3037
f 2787 2786 3037
f 209 3045 3048
f 3045 3042 3048
f 803 3046 3045
f 3046 3042 3045
f 737 3043 3046
f 3043 3042 3046
f 801 3048 3043
f 3048 3042 3043
f 210 3050 3052
f 3050 3038 3052
f 804 3039 3050
f 3039 3038 3050
f 737 3046 3039
f 3046 3038 3039
f 803 3052 3046
f 3052 3038 3046
f 208 2912 3001
f 2912 2911 3001
f 769 3053 2912
f 3053 2911 2912
f 768 3054 3053
f 3054 2911 3053
f 791 3001 3054
f 3001 2911 3054
f 199 3055 2907
f 3055 2906 2907
f 805 3057 3055
f 3057 2906 3055
f 768 3053 3057
f 3053 2906 3057
f 769 2907 3053
f 2907 2906 3053
f 219 3059 3062
f 3059 3056 3062
f 807 3060 3059
f 3060 3056 3059
f 768 3057 3060
f 3057 3056 3060
f 805 3062 3057
f 3062 3056 3057
f 228 3008 3064
f 3008 3007 3064
f 791 3054 3008
f 3054 3007 3008
f 768 3060 3054
f 3060 3007 3054
f 807 3064 3060
f 3064 3007 3060
f 191 2944 3068
f 2944 2943 3068
f 777 3065 2944
f 3065 2943 2944
f 776 3067 3065
f 3067 2943 3065
f 810 3068 3067
f 3068 2943 3067
f 190 3040 2941
f 3040 2940 2941
f 804 3069 3040
f 3069 2940 3040
f 776 3065 3069
f 3065 2940 3069
f 777 2941 3065
f 2941 2940 3065
f 210 3071 3050
f 3071 3049 3050
f 809 3072 3071
f 3072 3049 3071
f 776 3069 3072
f 3069 3049 3072
f 804 3050 3069
f 3050 3049 3069
f 211 3074 3076
f 3074 3066 3076
f 810 3067 3074
f 3067 3066 3074
f 776 3072 3067
f 3072 3066 3067
f 809 3076 3072
f 3076 3066 3072
f 204 2888 3027
f 2888 2887 3027
f 762 3077 2888
f 3077 2887 2888
f 761 3078 3077
f 3078 2887 3077
f 798 3027 3078
f 3027 2887 3078
f 205 3079 2883
f 3079 2882 2883
f 811 3081 3079
f 3081 2882 3079
f 761 3077 3081
f 3077 2882 3081
f 762 2883 3077
f 2883 2882 3077
f 225 3083 3086
f 3083 3080 3086
f 813 3084 3083
f 3084 3080 3083
f 761 3081 3084
f 3081 3080 3084
f 811 3086 3081
f 3086 3080 3081
f 224 3034 3088
f 3034 3033 3088
f 798 3078 3034
f 3078 3033 3034
f 761 3084 3078
f 3084 3033 3078
f 813 3088 3084
f 3088 3033 3084
f 192 2876 3092
f 2876 2875 3092
f 760 3089 2876
f 3089 2875 2876
f 759 3091 3089
f 3091 2875 3089
f 816 3092 3091
f 3092 2875 3091
f 191 3068 2871
f 3068 2870 2871
f 810 3093 3068
f 3093 2870 3068
f 759 3089 3093
f 3089 2870 3093
f 760 2871 3089
f 2871 2870 3089
f 211 3095 3074
f 3095 3073 3074
f 815 3096 3095
f 3096 3073 3095
f 759 3093 3096
f 3093 3073 3096
f 810 3074 3093
f 3074 3073 3093
f 212 3098 3100
f 3098 3090 3100
f 816 3091 3098
f 3091 3090 3098
f 759 3096 3091
f 3096 3090 3091
f 815 3100 3096
f 3100 3090 3096
f 193 2740 3104
f 2740 2739 3104
f 725 3101 2740
f 3101 2739 2740
f 724 3103 3101
f 3103 2739 3101
f 819 3104 3103
f 3104 2739 3103
f 192 3092 2733
f 3092 2732 2733
f 816 3105 3092
f 3105 2732 3092
f 724 3101 3105
f 3101 2732 3105
f 725 2733 3101
f 2733 2732 3101
f 212 3107 3098
f 3107 3097 3098
f 818 3108 3107
f 3108 3097 3107
f 724 3105 3108
f 3105 3097 3108
f 816 3098 3105
f 3098 3097 3105
f 213 3110 3112
f 3110 3102 3112
f 819 3103 3110
f 3103 3102 3110
f 724 3108 3103
f 3108 3102 3103
f 818 3112 3108
f 3112 3102 3108
f 194 2864 3116
f 2864 2863 3116
f 757 3113 2864
f 3113 2863 2864
f 756 3115 3113
f 3115 2863 3113
f 822 3116 3115
f 3116 2863 3115
f 193 3104 2861
f 3104 2860 2861
f 819 3117 3104
f 3117 2860 3104
f 756 3113 3117
f 3113 2860 3117
f 757 2861 3113
f 2861 2860 3113
f 213 3119 3110
f 3119 3109 3110
f 821 3120 3119
f 3120 3109 3119
f 756 3117 3120
f 3117 3109 3120
f 819 3110 3117
f 3110 3109 3117
f 214 3122 3124
f 3122 3114 3124
f 822 3115 3122
f 3115 3114 3122
f 756 3120 3115
f 3120 3114 3115
f 821 3124 3120
f 3124 3114 3120
f 189 2768 3041
f 2768 2767 3041
f 732 3125 2768
f 3125 2767 2768
f 731 3126 3125
f 3126 2767 3125
f 801 3041 3126
f 3041 2767 3126
f 198 2984 2763
f 2984 2762 2763
f 790 3127 2984
f 3127 2762 2984
f 731 3125 3127
f 3125 2762 3127
f 732 2763 3125
f 2763 2762 3125
f 218 3129 2994
f 3129 2993 2994
f 824 3130 3129
f 3130 2993 3129
f 731 3127 3130
f 3127 2993 3130
f 790 2994 3127
f 2994 2993 3127
f 209 3048 3132
f 3048 3047 3132
f 801 3126 3048
f 3126 3047 3048
f 731 3130 3126
f 3130 3047 3126
f 824 3132 3130
f 3132 3047 3130
f 195 2832 3136
f 2832 2831 3136
f 749 3133 2832
f 3133 2831 2832
f 748 3135 3133
f 3135 2831 3133
f 827 3136 3135
f 3136 2831 3135
f 194 3116 2827
f 3116 2826 2827
f 822 3137 3116
f 3137 2826 3116
f 748 3133 3137
f 3133 2826 3137
f 749 2827 3133
f 2827 2826 3133
f 214 3139 3122
f 3139 3121 3122
f 826 3140 3139
f 3140 3121 3139
f 748 3137 3140
f 3137 3121 3140
f 822 3122 3137
f 3122 3121 3137
f 215 3142 3144
f 3142 3134 3144
f 827 3135 3142
f 3135 3134 3142
f 748 3140 3135
f 3140 3134 3135
f 826 3144 3140
f 3144 3134 3140
f 199 2964 3055
f 2964 2963 3055
f 782 3145 2964
f 3145 2963 2964
f 781 3146 3145
f 3146 2963 3145
f 805 3055 3146
f 3055 2963 3146
f 200 3147 2961
f 3147 2960 2961
f 828 3149 3147
f 3149 2960 3147
f 781 3145 3149
f 3145 2960 3149
f 782 2961 3145
f 2961 2960 3145
f 220 3151 3154
f 3151 3148 3154
f 830 3152 3151
f 3152 3148 3151
f 781 3149 3152
f 3149 3148 3152
f 828 3154 3149
f 3154 3148 3149
f 219 3062 3156
f 3062 3061 3156
f 805 3146 3062
f 3146 3061 3062
f 781 3152 3146
f 3152 3061 3146
f 830 3156 3152
f 3156 3061 3152
f 196 2804 3160
f 2804 2803 3160
f 742 3157 2804
f 3157 2803 2804
f 741 3159 3157
f 3159 2803 3157
f 833 3160 3159
f 3160 2803 3159
f 195 3136 2799
f 3136 2798 2799
f 827 3161 3136
f 3161 2798 3136
f 741 3157 3161
f 3157 2798 3161
f 742 2799 3157
f 2799 2798 3157
f 215 3163 3142
f 3163 3141 3142
f 832 3164 3163
f 3164 3141 3163
f 741 3161 3164
f 3161 3141 3164
f 827 3142 3161
f 3142 3141 3161
f 216 3166 3168
f 3166 3158 3168
f 833 3159 3166
f 3159 3158 3166
f 741 3164 3159
f 3164 3158 3159
f 832 3168 3164
f 3168 3158 3164
f 205 2856 3079
f 2856 2855 3079
f 754 3169 2856
f 3169 2855 2856
f 753 3170 3169
f 3170 2855 3169
f 811 3079 3170
f 3079 2855 3170
f 206 3171 2851
f 3171 2850 2851
f 834 3173 3171
f 3173 2850 3171
f 753 3169 3173
f 3169 2850 3173
f 754 2851 3169
f 2851 2850 3169
f 226 3175 3178
f 3175 3172 3178
f 836 3176 3175
f 3176 3172 3175
f 753 3173 3176
f 3173 3172 3176
f 834 3178 3173
f 3178 3172 3173
f 225 3086 3180
f 3086 3085 3180
f 811 3170 3086
f 3170 3085 3086
f 753 3176 3170
f 3176 3085 3170
f 836 3180 3176
f 3180 3085 3176
f 200 2956 3147
f 2956 2955 3147
f 779 3181 2956
f 3181 2955 2956
f 778 3182 3181
f 3182 2955 3181
f 828 3147 3182
f 3147 2955 3182
f 201 2968 2951
f 2968 2950 2951
f 786 3183 2968
f 3183 2950 2968
f 778 3181 3183
f 3181 2950 3183
f 779 2951 3181
f 2951 2950 3181
f 221 3185 2978
f 3185 2977 2978
f 838 3186 3185
f 3186 2977 3185
f 778 3183 3186
f 3183 2977 3186
f 786 2978 3183
f 2978 2977 3183
f 220 3154 3188
f 3154 3153 3188
f 828 3182 3154
f 3182 3153 3154
f 778 3186 3182
f 3186 3153 3182
f 838 3188 3186
f 3188 3153 3186
f 197 2780 2985
f 2780 2779 2985
f 736 3189 2780
f 3189 2779 2780
f 735 3190 3189
f 3190 2779 3189
f 787 2985 3190
f 2985 2779 3190
f 196 3160 2775
f 3160 2774 2775
f 833 3191 3160
f 3191 2774 3160
f 735 3189 3191
f 3189 2774 3191
f 736 2775 3189
f 2775 2774 3189
f 216 3193 3166
f 3193 3165 3166
f 840 3194 3193
f 3194 3165 3193
f 735 3191 3194
f 3191 3165 3194
f 833 3166 3191
f 3166 3165 3191
f 217 2992 3196
f 2992 2991 3196
f 787 3190 2992
f 3190 2991 2992
f 735 3194 3190
f 3194 2991 3190
f 840 3196 3194
f 3196 2991 3194
f 206 2844 3171
f 2844 2843 3171
f 751 3197 2844
f 3197 2843 2844
f 750 3198 3197
f 3198 2843 3197
f 834 3171 3198
f 3171 2843 3198
f 207 3000 2839
f 3000 2838 2839
f 794 3199 3000
f 3199 2838 3000
f 750 3197 3199
f 3197 2838 3199
f 751 2839 3197
f 2839 2838 3197
f 227 3201 3010
f 3201 3009 3010
f 842 3202 3201
f 3202 3009 3201
f 750 3199 3202
f 3199 3009 3202
f 794 3010 3199
f 3010 3009 3199
f 226 3178 3204
f 3178 3177 3204
f 834 3198 3178
f 3198 3177 3178
f 750 3202 3198
f 3202 3177 3198
f 842 3204 3202
f 3204 3177 3202
f 212 3100 3208
f 3100 3099 3208
f 815 3205 3100
f 3205 3099 3100
f 814 3207 3205
f 3207 3099 3205
f 846 3208 3207
f 3208 3099 3207
f 211 3209 3095
f 3209 3094 3095
f 843 3211 3209
f 3211 3094 3209
f 814 3205 3211
f 3205 3094 3211
f 815 3095 3205
f 3095 3094 3205
f 231 3213 3216
f 3213 3210 3216
f 845 3214 3213
f 3214 3210 3213
f 814 3211 3214
f 3211 3210 3214
f 843 3216 3211
f 3216 3210 3211
f 232 3218 3220
f 3218 3206 3220
f 846 3207 3218
f 3207 3206 3218
f 814 3214 3207
f 3214 3206 3207
f 845 3220 3214
f 3220 3206 3214
f 219 3156 3224
f 3156 3155 3224
f 830 3221 3156
f 3221 3155 3156
f 829 3223 3221
f 3223 3155 3221
f 850 3224 3223
f 3224 3155 3223
f 220 3225 3151
f 3225 3150 3151
f 847 3227 3225
f 3227 3150 3225
f 829 3221 3227
f 3221 3150 3227
f 830 3151 3221
f 3151 3150 3221
f 240 3229 3232
f 3229 3226 3232
f 849 3230 3229
f 3230 3226 3229
f 829 3227 3230
f 3227 3226 3230
f 847 3232 3227
f 3232 3226 3227
f 239 3234 3236
f 3234 3222 3236
f 850 3223 3234
f 3223 3222 3234
f 829 3230 3223
f 3230 3222 3223
f 849 3236 3230
f 3236 3222 3230
f 209 3132 3240
f 3132 3131 3240
f 824 3237 3132
f 3237 3131 3132
f 823 3239 3237
f 3239 3131 3237
f 853 3240 3239
f 3240 3131 3239
f 218 3241 3129
f 3241 3128 3129
f 851 3243 3241
f 3243 3128 3241
f 823 3237 3243
f 3237 3128 3243
f 824 3129 3237
f 3129 3128 3237
f 238 3245 3248
f 3245 3242 3248
f 852 3246 3245
f 3246 3242 3245
f 823 3243 3246
f 3243 3242 3246
f 851 3248 3243
f 3248 3242 3243
f 229 3250 3252
f 3250 3238 3252
f 853 3239 3250
f 3239 3238 3250
f 823 3246 3239
f 3246 3238 3239
f 852 3252 3246
f 3252 3238 3246
f 211 3076 3209
f 3076 3075 3209
f 809 3253 3076
f 3253 3075 3076
f 808 3254 3253
f 3254 3075 3253
f 843 3209 3254
f 3209 3075 3254
f 210 3255 3071
f 3255 3070 3071
f 854 3257 3255
f 3257 3070 3255
f 808 3253 3257
f 3253 3070 3257
f 809 3071 3253
f 3071 3070 3253
f 230 3259 3262
f 3259 3256 3262
f 855 3260 3259
f 3260 3256 3259
f 808 3257 3260
f 3257 3256 3260
f 854 3262 3257
f 3262 3256 3257
f 231 3216 3263
f 3216 3215 3263
f 843 3254 3216
f 3254 3215 3216
f 808 3260 3254
f 3260 3215 3254
f 855 3263 3260
f 3263 3215 3260
f 220 3188 3225
f 3188 3187 3225
f 838 3264 3188
f 3264 3187 3188
f 837 3265 3264
f 3265 3187 3264
f 847 3225 3265
f 3225 3187 3265
f 221 3266 3185
f 3266 3184 3185
f 856 3268 3266
f 3268 3184 3266
f 837 3264 3268
f 3264 3184 3268
f 838 3185 3264
f 3185 3184 3264
f 241 3270 3273
f 3270 3267 3273
f 857 3271 3270
f 3271 3267 3270
f 837 3268 3271
f 3268 3267 3271
f 856 3273 3268
f 3273 3267 3268
f 240 3232 3274
f 3232 3231 3274
f 847 3265 3232
f 3265 3231 3232
f 837 3271 3265
f 3271 3231 3265
f 857 3274 3271
f 3274 3231 3271
f 210 3052 3255
f 3052 3051 3255
f 803 3275 3052
f 3275 3051 3052
f 802 3276 3275
f 3276 3051 3275
f 854 3255 3276
f 3255 3051 3276
f 209 3240 3045
f 3240 3044 3045
f 853 3277 3240
f 3277 3044 3240
f 802 3275 3277
f 3275 3044 3277
f 803 3045 3275
f 3045 3044 3275
f 229 3278 3250
f 3278 3249 3250
f 858 3279 3278
f 3279 3249 3278
f 802 3277 3279
f 3277 3249 3279
f 853 3250 3277
f 3250 3249 3277
f 230 3262 3280
f 3262 3261 3280
f 854 3276 3262
f 3276 3261 3262
f 802 3279 3276
f 3279 3261 3276
f 858 3280 3279
f 3280 3261 3279
f 224 3088 3284
f 3088 3087 3284
f 813 3281 3088
f 3281 3087 3088
f 812 3283 3281
f 3283 3087 3281
f 861 3284 3283
f 3284 3087 3283
f 225 3285 3083
f 3285 3082 3083
f 859 3287 3285
f 3287 3082 3285
f 812 3281 3287
f 3281 3082 3287
f 813 3083 3281
f 3083 3082 3281
f 245 3289 3292
f 3289 3286 3292
f 860 3290 3289
f 3290 3286 3289
f 812 3287 3290
f 3287 3286 3290
f 859 3292 3287
f 3292 3286 3287
f 244 3294 3296
f 3294 3282 3296
f 861 3283 3294
f 3283 3282 3294
f 812 3290 3283
f 3290 3282 3283
f 860 3296 3290
f 3296 3282 3290
f 228 3064 3300
f 3064 3063 3300
f 807 3297 3064
f 3297 3063 3064
f 806 3299 3297
f 3299 3063 3297
f 863 3300 3299
f 3300 3063 3299
f 219 3224 3059
f 3224 3058 3059
f 850 3301 3224
f 3301 3058 3224
f 806 3297 3301
f 3297 3058 3301
f 807 3059 3297
f 3059 3058 3297
f 239 3302 3234
f 3302 3233 3234
f 862 3303 3302
f 3303 3233 3302
f 806 3301 3303
f 3301 3233 3303
f 850 3234 3301
f 3234 3233 3301
f 248 3305 3307
f 3305 3298 3307
f 863 3299 3305
f 3299 3298 3305
f 806 3303 3299
f 3303 3298 3299
f 862 3307 3303
f 3307 3298 3303
f 221 2980 3266
f 2980 2979 3266
f 785 3308 2980
f 3308 2979 2980
f 784 3309 3308
f 3309 2979 3308
f 856 3266 3309
f 3266 2979 3309
f 222 3310 2973
f 3310 2972 2973
f 864 3312 3310
f 3312 2972 3310
f 784 3308 3312
f 3308 2972 3312
f 785 2973 3308
f 2973 2972 3308
f 242 3314 3317
f 3314 3311 3317
f 865 3315 3314
f 3315 3311 3314
f 784 3312 3315
f 3312 3311 3315
f 864 3317 3312
f 3317 3311 3312
f 241 3273 3318
f 3273 3272 3318
f 856 3309 3273
f 3309 3272 3273
f 784 3315 3309
f 3315 3272 3309
f 865 3318 3315
f 3318 3272 3315
f 227 3012 3322
f 3012 3011 3322
f 793 3319 3012
f 3319 3011 3012
f 792 3321 3319
f 3321 3011 3319
f 867 3322 3321
f 3322 3011 3321
f 228 3300 3005
f 3300 3004 3005
f 863 3323 3300
f 3323 3004 3300
f 792 3319 3323
f 3319 3004 3323
f 793 3005 3319
f 3005 3004 3319
f 248 3324 3305
f 3324 3304 3305
f 866 3325 3324
f 3325 3304 3324
f 792 3323 3325
f 3323 3304 3325
f 863 3305 3323
f 3305 3304 3323
f 247 3327 3329
f 3327 3320 3329
f 867 3321 3327
f 3321 3320 3327
f 792 3325 3321
f 3325 3320 3321
f 866 3329 3325
f 3329 3320 3325
f 223 3036 3333
f 3036 3035 3333
f 800 3330 3036
f 3330 3035 3036
f 799 3332 3330
f 3332 3035 3330
f 869 3333 3332
f 3333 3035 3332
f 224 3284 3031
f 3284 3030 3031
f 861 3334 3284
f 3334 3030 3284
f 799 3330 3334
f 3330 3030 3334
f 800 3031 3330
f 3031 3030 3330
f 244 3335 3294
f 3335 3293 3294
f 868 3336 3335
f 3336 3293 3335
f 799 3334 3336
f 3334 3293 3336
f 861 3294 3334
f 3294 3293 3334
f 243 3338 3340
f 3338 3331 3340
f 869 3332 3338
f 3332 3331 3338
f 799 3336 3332
f 3336 3331 3332
f 868 3340 3336
f 3340 3331 3336
f 226 3204 3344
f 3204 3203 3344
f 842 3341 3204
f 3341 3203 3204
f 841 3343 3341
f 3343 3203 3341
f 871 3344 3343
f 3344 3203 3343
f 227 3322 3201
f 3322 3200 3201
f 867 3345 3322
f 3345 3200 3322
f 841 3341 3345
f 3341 3200 3345
f 842 3201 3341
f 3201 3200 3341
f 247 3346 3327
f 3346 3326 3327
f 870 3347 3346
f 3347 3326 3346
f 841 3345 3347
f 3345 3326 3347
f 867 3327 3345
f 3327 3326 3345
f 246 3349 3351
f 3349 3342 3351
f 871 3343 3349
f 3343 3342 3349
f 841 3347 3343
f 3347 3342 3343
f 870 3351 3347
f 3351 3342 3347
f 216 3168 3355
f 3168 3167 3355
f 832 3352 3168
f 3352 3167 3168
f 831 3354 3352
f 3354 3167 3352
f 874 3355 3354
f 3355 3167 3354
f 215 3356 3163
f 3356 3162 3163
f 872 3358 3356
f 3358 3162 3356
f 831 3352 3358
f 3352 3162 3358
f 832 3163 3352
f 3163 3162 3352
f 235 3360 3363
f 3360 3357 3363
f 873 3361 3360
f 3361 3357 3360
f 831 3358 3361
f 3358 3357 3361
f 872 3363 3358
f 3363 3357 3358
f 236 3365 3367
f 3365 3353 3367
f 874 3354 3365
f 3354 3353 3365
f 831 3361 3354
f 3361 3353 3354
f 873 3367 3361
f 3367 3353 3361
f 217 3196 3371
f 3196 3195 3371
f 840 3368 3196
f 3368 3195 3196
f 839 3370 3368
f 3370 3195 3368
f 876 3371 3370
f 3371 3195 3370
f 216 3355 3193
f 3355 3192 3193
f 874 3372 3355
f 3372 3192 3355
f 839 3368 3372
f 3368 3192 3372
f 840 3193 3368
f 3193 3192 3368
f 236 3373 3365
f 3373 3364 3365
f 875 3374 3373
f 3374 3364 3373
f 839 3372 3374
f 3372 3364 3374
f 874 3365 3372
f 3365 3364 3372
f 237 3376 3378
f 3376 3369 3378
f 876 3370 3376
f 3370 3369 3376
f 839 3374 3370
f 3374 3369 3370
f 875 3378 3374
f 3378 3369 3374
f 215 3144 3356
f 3144 3143 3356
f 826 3379 3144
f 3379 3143 3144
f 825 3380 3379
f 3380 3143 3379
f 872 3356 3380
f 3356 3143 3380
f 214 3381 3139
f 3381 3138 3139
f 877 3383 3381
f 3383 3138 3381
f 825 3379 3383
f 3379 3138 3383
f 826 3139 3379
f 3139 3138 3379
f 234 3385 3388
f 3385 3382 3388
f 878 3386 3385
f 3386 3382 3385
f 825 3383 3386
f 3383 3382 3386
f 877 3388 3383
f 3388 3382 3383
f 235 3363 3389
f 3363 3362 3389
f 872 3380 3363
f 3380 3362 3363
f 825 3386 3380
f 3386 3362 3380
f 878 3389 3386
f 3389 3362 3386
f 222 3024 3310
f 3024 3023 3310
f 797 3390 3024
f 3390 3023 3024
f 796 3391 3390
f 3391 3023 3390
f 864 3310 3391
f 3310 3023 3391
f 223 3333 3019
f 3333 3018 3019
f 869 3392 3333
f 3392 3018 3333
f 796 3390 3392
f 3390 3018 3392
f 797 3019 3390
f 3019 3018 3390
f 243 3393 3338
f 3393 3337 3338
f 879 3394 3393
f 3394 3337 3393
f 796 3392 3394
f 3392 3337 3394
f 869 3338 3392
f 3338 3337 3392
f 242 3317 3395
f 3317 3316 3395
f 864 3391 3317
f 3391 3316 3317
f 796 3394 3391
f 3394 3316 3391
f 879 3395 3394
f 3395 3316 3394
f 214 3124 3381
f 3124 3123 3381
f 821 3396 3124
f 3396 3123 3124
f 820 3397 3396
f 3397 3123 3396
f 877 3381 3397
f 3381 3123 3397
f 213 3398 3119
f 3398 3118 3119
f 880 3400 3398
f 3400 3118 3398
f 820 3396 3400
f 3396 3118 3400
f 821 3119 3396
f 3119 3118 3396
f 233 3402 3405
f 3402 3399 3405
f 881 3403 3402
f 3403 3399 3402
f 820 3400 3403
f 3400 3399 3403
f 880 3405 3400
f 3405 3399 3400
f 234 3388 3406
f 3388 3387 3406
f 877 3397 3388
f 3397 3387 3388
f 820 3403 3397
f 3403 3387 3397
f 881 3406 3403
f 3406 3387 3403
f 218 2996 3241
f 2996 2995 3241
f 789 3407 2996
f 3407 2995 2996
f 788 3408 3407
f 3408 2995 3407
f 851 3241 3408
f 3241 2995 3408
f 217 3371 2989
f 3371 2988 2989
f 876 3409 3371
f 3409 2988 3371
f 788 3407 3409
f 3407 2988 3409
f 789 2989 3407
f 2989 2988 3407
f 237 3410 3376
f 3410 3375 3376
f 882 3411 3410
f 3411 3375 3410
f 788 3409 3411
f 3409 3375 3411
f 876 3376 3409
f 3376 3375 3409
f 238 3248 3412
f 3248 3247 3412
f 851 3408 3248
f 3408 3247 3248
f 788 3411 3408
f 3411 3247 3408
f 882 3412 3411
f 3412 3247 3411
f 213 3112 3398
f 3112 3111 3398
f 818 3413 3112
f 3413 3111 3112
f 817 3414 3413
f 3414 3111 3413
f 880 3398 3414
f 3398 3111 3414
f 212 3208 3107
f 3208 3106 3107
f 846 3415 3208
f 3415 3106 3208
f 817 3413 3415
f 3413 3106 3415
f 818 3107 3413
f 3107 3106 3413
f 232 3416 3218
f 3416 3217 3218
f 883 3417 3416
f 3417 3217 3416
f 817 3415 3417
f 3415 3217 3417
f 846 3218 3415
f 3218 3217 3415
f 233 3405 3418
f 3405 3404 3418
f 880 3414 3405
f 3414 3404 3405
f 817 3417 3414
f 3417 3404 3414
f 883 3418 3417
f 3418 3404 3417
f 225 3180 3285
f 3180 3179 3285
f 836 3419 3180
f 3419 3179 3180
f 835 3420 3419
f 3420 3179 3419
f 859 3285 3420
f 3285 3179 3420
f 226 3344 3175
f 3344 3174 3175
f 871 3421 3344
f 3421 3174 3344
f 835 3419 3421
f 3419 3174 3421
f 836 3175 3419
f 3175 3174 3419
f 246 3422 3349
f 3422 3348 3349
f 884 3423 3422
f 3423 3348 3422
f 835 3421 3423
f 3421 3348 3423
f 871 3349 3421
f 3349 3348 3421
f 245 3292 3424
f 3292 3291 3424
f 859 3420 3292
f 3420 3291 3292
f 835 3423 3420
f 3423 3291 3420
f 884 3424 3423
f 3424 3291 3423
f 229 3252 3278
f 3252 3251 3278
f 852 3425 3252
f 3425 3251 3252
f 844 3426 3425
f 3426 3251 3425
f 858 3278 3426
f 3278 3251 3426
f 238 3412 3245
f 3412 3244 3245
f 882 3427 3412
f 3427 3244 3412
f 844 3425 3427
f 3425 3244 3427
f 852 3245 3425
f 3245 3244 3425
f 237 3378 3410
f 3378 3377 3410
f 875 3428 3378
f 3428 3377 3378
f 844 3427 3428
f 3427 3377 3428
f 882 3410 3427
f 3410 3377 3427
f 236 3367 3373
f 3367 3366 3373
f 873 3429 3367
f 3429 3366 3367
f 844 3428 3429
f 3428 3366 3429
f 875 3373 3428
f 3373 3366 3428
f 235 3389 3360
f 3389 3359 3360
f 878 3430 3389
f 3430 3359 3389
f 844 3429 3430
f 3429 3359 3430
f 873 3360 3429
f 3360 3359 3429
f 234 3406 3385
f 3406 3384 3385
f 881 3431 3406
f 3431 3384 3406
f 844 3430 3431
f 3430 3384 3431
f 878 3385 3430
f 3385 3384 3430
f 233 3418 3402
f 3418 3401 3402
f 883 3432 3418
f 3432 3401 3418
f 844 3431 3432
f 3431 3401 3432
f 881 3402 3431
f 3402 3401 3431
f 232 3220 3416
f 3220 3219 3416
f 845 3433 3220
f 3433 3219 3220
f 844 3432 3433
f 3432 3219 3433
f 883 3416 3432
f 3416 3219 3432
f 231 3263 3213
f 3263 3212 3213
f 855 3434 3263
f 3434 3212 3263
f 844 3433 3434
f 3433 3212 3434
f 845 3213 3433
f 3213 3212 3433
f 230 3280 3259
f 3280 3258 3259
f 858 3426 3280
f 3426 3258 3280
f 844 3434 3426
f 3434 3258 3426
f 855 3259 3434
f 3259 3258 3434
f 239 3236 3302
f 3236 3235 3302
f 849 3435 3236
f 3435 3235 3236
f 848 3436 3435
f 3436 3235 3435
f 862 3302 3436
f 3302 3235 3436
f 240 3274 3229
f 3274 3228 3229
f 857 3437 3274
f 3437 3228 3274
f 848 3435 3437
f 3435 3228 3437
f 849 3229 3435
f 3229 3228 3435
f 241 3318 3270
f 3318 3269 3270
f 865 3438 3318
f 3438 3269 3318
f 848 3437 3438
f 3437 3269 3438
f 857 3270 3437
f 3270 3269 3437
f 242 3395 3314
f 3395 3313 3314
f 879 3439 3395
f 3439 3313 3395
f 848 3438 3439
f 3438 3313 3439
f 865 3314 3438
f 3314 3313 3438
f 243 3340 3393
f 3340 3339 3393
f 868 3440 3340
f 3440 3339 3340
f 848 3439 3440
f 3439 3339 3440
f 879 3393 3439
f 3393 3339 3439
f 244 3296 3335
f 3296 3295 3335
f 860 3441 3296
f 3441 3295 3296
f 848 3440 3441
f 3440 3295 3441
f 868 3335 3440
f 3335 3295 3440
f 245 3424 3289
f 3424 3288 3289
f 884 3442 3424
f 3442 3288 3424
f 848 3441 3442
f 3441 3288 3442
f 860 3289 3441
f 3289 3288 3441
f 246 3351 3422
f 3351 3350 3422
f 870 3443 3351
f 3443 3350 3351
f 848 3442 3443
f 3442 3350 3443
f 884 3422 3442
f 3422 3350 3442
f 247 3329 3346
f 3329 3328 3346
f 866 3444 3329
f 3444 3328 3329
f 848 3443 3444
f 3443 3328 3444
f 870 3346 3443
f 3346 3328 3443
f 248 3307 3324
f 3307 3306 3324
f 862 3436 3307
f 3436 3306 3307
f 848 3444 3436
f 3444 3306 3436
f 866 3324 3444
f 3324 3306 3444
f 259 3447 3453
f 3447 3445 3453
f 887 3449 3447
f 3449 3445 3447
f 885 3451 3449
f 3451 3445 3449
f 893 3453 3451
f 3453 3445 3451
f 260 3455 3459
f 3455 3448 3459
f 889 3457 3455
f 3457 3448 3455
f 885 3449 3457
f 3449 3448 3457
f 887 3459 3449
f 3459 3448 3449
f 250 3461 3464
f 3461 3456 3464
f 891 3462 3461
f 3462 3456 3461
f 885 3457 3462
f 3457 3456 3462
f 889 3464 3457
f 3464 3456 3457
f 249 3466 3468
f 3466 3450 3468
f 893 3451 3466
f 3451 3450 3466
f 885 3462 3451
f 3462 3450 3451
f 891 3468 3462
f 3468 3450 3462
f 260 3470 3455
f 3470 3454 3455
f 895 3472 3470
f 3472 3454 3470
f 888 3473 3472
f 3473 3454 3472
f 889 3455 3473
f 3455 3454 3473
f 261 3475 3479
f 3475 3471 3479
f 897 3477 3475
f 3477 3471 3475
f 888 3472 3477
f 3472 3471 3477
f 895 3479 3472
f 3479 3471 3472
f 251 3481 3484
f 3481 3476 3484
f 899 3482 3481
f 3482 3476 3481
f 888 3477 3482
f 3477 3476 3482
f 897 3484 3477
f 3484 3476 3477
f 250 3464 3486
f 3464 3463 3486
f 889 3473 3464
f 3473 3463 3464
f 888 3482 3473
f 3482 3463 3473
f 899 3486 3482
f 3486 3463 3482
f 261 3488 3475
f 3488 3474 3475
f 901 3490 3488
f 3490 3474 3488
f 896 3491 3490
f 3491 3474 3490
f 897 3475 3491
f 3475 3474 3491
f 262 3493 3497
f 3493 3489 3497
f 903 3495 3493
f 3495 3489 3493
f 896 3490 3495
f 3490 3489 3495
f 901 3497 3490
f 3497 3489 3490
f 252 3499 3502
f 3499 3494 3502
f 905 3500 3499
f 3500 3494 3499
f 896 3495 3500
f 3495 3494 3500
f 903 3502 3495
f 3502 3494 3495
f 251 3484 3504
f 3484 3483 3504
f 897 3491 3484
f 3491 3483 3484
f 896 3500 3491
f 3500 3483 3491
f 905 3504 3500
f 3504 3483 3500
f 262 3506 3493
f 3506 3492 3493
f 907 3508 3506
f 3508 3492 3506
f 902 3509 3508
f 3509 3492 3508
f 903 3493 3509
f 3493 3492 3509
f 263 3511 3515
f 3511 3507 3515
f 909 3513 3511
f 3513 3507 3511
f 902 3508 3513
f 3508 3507 3513
f 907 3515 3508
f 3515 3507 3508
f 253 3517 3520
f 3517 3512 3520
f 911 3518 3517
f 3518 3512 3517
f 902 3513 3518
f 3513 3512 3518
f 909 3520 3513
f 3520 3512 3513
f 252 3502 3522
f 3502 3501 3522
f 903 3509 3502
f 3509 3501 3502
f 902 3518 3509
f 3518 3501 3509
f 911 3522 3518
f 3522 3501 3518
f 263 3524 3511
f 3524 3510 3511
f 913 3526 3524
f 3526 3510 3524
f 908 3527 3526
f 3527 3510 3526
f 909 3511 3527
f 3511 3510 3527
f 264 3529 3533
f 3529 3525 3533
f 915 3531 3529
f 3531 3525 3529
f 908 3526 3531
f 3526 3525 3531
f 913 3533 3526
f 3533 3525 3526
f 254 3535 3538
f 3535 3530 3538
f 917 3536 3535
f 3536 3530 3535
f 908 3531 3536
f 3531 3530 3536
f 915 3538 3531
f 3538 3530 3531
f 253 3520 3540
f 3520 3519 3540
f 909 3527 3520
f 3527 3519 3520
f 908 3536 3527
f 3536 3519 3527
f 917 3540 3536
f 3540 3519 3536
f 264 3542 3529
f 3542 3528 3529
f 919 3544 3542
f 3544 3528 3542
f 914 3545 3544
f 3545 3528 3544
f 915 3529 3545
f 3529 3528 3545
f 265 3547 3551
f 3547 3543 3551
f 921 3549 3547
f 3549 3543 3547
f 914 3544 3549
f 3544 3543 3549
f 919 3551 3544
f 3551 3543 3544
f 255 3553 3556
f 3553 3548 3556
f 923 3554 3553
f 3554 3548 3553
f 914 3549 3554
f 3549 3548 3554
f 921 3556 3549
f 3556 3548 3549
f 254 3538 3558
f 3538 3537 3558
f 915 3545 3538
f 3545 3537 3538
f 914 3554 3545
f 3554 3537 3545
f 923 3558 3554
f 3558 3537 3554
f 265 3560 3547
f 3560 3546 3547
f 925 3562 3560
f 3562 3546 3560
f 920 3563 3562
f 3563 3546 3562
f 921 3547 3563
f 3547 3546 3563
f 266 3565 3569
f 3565 3561 3569
f 927 3567 3565
f 3567 3561 3565
f 920 3562 3567
f 3562 3561 3567
f 925 3569 3562
f 3569 3561 3562
f 256 3571 3574
f 3571 3566 3574
f 929 3572 3571
f 3572 3566 3571
f 920 3567 3572
f 3567 3566 3572
f 927 3574 3567
f 3574 3566 3567
f 255 3556 3576
f 3556 3555 3576
f 921 3563 3556
f 3563 3555 3556
f 920 3572 3563
f 3572 3555 3563
f 929 3576 3572
f 3576 3555 3572
f 266 3578 3565
f 3578 3564 3565
f 931 3580 3578
f 3580 3564 3578
f 926 3581 3580
f 3581 3564 3580
f 927 3565 3581
f 3565 3564 3581
f 267 3583 3587
f 3583 3579 3587
f 933 3585 3583
f 3585 3579 3583
f 926 3580 3585
f 3580 3579 3585
f 931 3587 3580
f 3587 3579 3580
f 257 3589 3592
f 3589 3584 3592
f 935 3590 3589
f 3590 3584 3589
f 926 3585 3590
f 3585 3584 3590
f 933 3592 3585
f 3592 3584 3585
f 256 3574 3594
f 3574 3573 3594
f 927 3581 3574
f 3581 3573 3574
f 926 3590 3581
f 3590 3573 3581
f 935 3594 3590
f 3594 3573 3590
f 267 3596 3583
f 3596 3582 3583
f 937 3598 3596
f 3598 3582 3596
f 932 3599 3598
f 3599 3582 3598
f 933 3583 3599
f 3583 3582 3599
f 268 3601 3605
f 3601 3597 3605
f 938 3603 3601
f 3603 3597 3601
f 932 3598 3603
f 3598 3597 3603
f 937 3605 3598
f 3605 3597 3598
f 258 3607 3610
f 3607 3602 3610
f 940 3608 3607
f 3608 3602 3607
f 932 3603 3608
f 3603 3602 3608
f 938 3610 3603
f 3610 3602 3603
f 257 3592 3612
f 3592 3591 3612
f 933 3599 3592
f 3599 3591 3592
f 932 3608 3599
f 3608 3591 3599
f 940 3612 3608
f 3612 3591 3608
f 268 3614 3601
f 3614 3600 3601
f 942 3615 3614
f 3615 3600 3614
f 892 3616 3615
f 3616 3600 3615
f 938 3601 3616
f 3601 3600 3616
f 259 3453 3619
f 3453 3452 3619
f 893 3617 3453
f 3617 3452 3453
f 892 3615 3617
f 3615 3452 3617
f 942 3619 3615
f 3619 3452 3615
f 249 3621 3466
f 3621 3465 3466
f 944 3622 3621
f 3622 3465 3621
f 892 3617 3622
f 3617 3465 3622
f 893 3466 3617
f 3466 3465 3617
f 258 3610 3624
f 3610 3609 3624
f 938 3616 3610
f 3616 3609 3610
f 892 3622 3616
f 3622 3609 3616
f 944 3624 3622
f 3624 3609 3622
f 250 3625 3461
f 3625 3460 3461
f 945 3627 3625
f 3627 3460 3625
f 890 3628 3627
f 3628 3460 3627
f 891 3461 3628
f 3461 3460 3628
f 270 3630 3634
f 3630 3626 3634
f 947 3632 3630
f 3632 3626 3630
f 890 3627 3632
f 3627 3626 3632
f 945 3634 3627
f 3634 3626 3627
f 269 3636 3639
f 3636 3631 3639
f 948 3637 3636
f 3637 3631 3636
f 890 3632 3637
f 3632 3631 3637
f 947 3639 3632
f 3639 3631 3632
f 249 3468 3640
f 3468 3467 3640
f 891 3628 3468
f 3628 3467 3468
f 890 3637 3628
f 3637 3467 3628
f 948 3640 3637
f 3640 3467 3637
f 262 3641 3506
f 3641 3505 3506
f 949 3643 3641
f 3643 3505 3641
f 906 3644 3643
f 3644 3505 3643
f 907 3506 3644
f 3506 3505 3644
f 282 3646 3650
f 3646 3642 3650
f 951 3648 3646
f 3648 3642 3646
f 906 3643 3648
f 3643 3642 3648
f 949 3650 3643
f 3650 3642 3643
f 283 3652 3655
f 3652 3647 3655
f 952 3653 3652
f 3653 3647 3652
f 906 3648 3653
f 3648 3647 3653
f 951 3655 3648
f 3655 3647 3648
f 263 3515 3656
f 3515 3514 3656
f 907 3644 3515
f 3644 3514 3515
f 906 3653 3644
f 3653 3514 3644
f 952 3656 3653
f 3656 3514 3653
f 251 3657 3481
f 3657 3480 3481
f 953 3659 3657
f 3659 3480 3657
f 898 3660 3659
f 3660 3480 3659
f 899 3481 3660
f 3481 3480 3660
f 271 3662 3665
f 3662 3658 3665
f 955 3663 3662
f 3663 3658 3662
f 898 3659 3663
f 3659 3658 3663
f 953 3665 3659
f 3665 3658 3659
f 270 3634 3668
f 3634 3633 3668
f 945 3666 3634
f 3666 3633 3634
f 898 3663 3666
f 3663 3633 3666
f 955 3668 3663
f 3668 3633 3663
f 250 3486 3625
f 3486 3485 3625
f 899 3660 3486
f 3660 3485 3486
f 898 3666 3660
f 3666 3485 3660
f 945 3625 3666
f 3625 3485 3666
f 268 3669 3614
f 3669 3613 3614
f 956 3671 3669
f 3671 3613 3669
f 941 3672 3671
f 3672 3613 3671
f 942 3614 3672
f 3614 3613 3672
f 288 3674 3678
f 3674 3670 3678
f 958 3676 3674
f 3676 3670 3674
f 941 3671 3676
f 3671 3670 3676
f 956 3678 3671
f 3678 3670 3671
f 279 3680 3683
f 3680 3675 3683
f 959 3681 3680
f 3681 3675 3680
f 941 3676 3681
f 3676 3675 3681
f 958 3683 3676
f 3683 3675 3676
f 259 3619 3684
f 3619 3618 3684
f 942 3672 3619
f 3672 3618 3619
f 941 3681 3672
f 3681 3618 3672
f 959 3684 3681
f 3684 3618 3681
f 263 3656 3524
f 3656 3523 3524
f 952 3685 3656
f 3685 3523 3656
f 912 3686 3685
f 3686 3523 3685
f 913 3524 3686
f 3524 3523 3686
f 283 3688 3652
f 3688 3651 3652
f 961 3690 3688
f 3690 3651 3688
f 912 3685 3690
f 3685 3651 3690
f 952 3652 3685
f 3652 3651 3685
f 284 3692 3695
f 3692 3689 3695
f 962 3693 3692
f 3693 3689 3692
f 912 3690 3693
f 3690 3689 3693
f 961 3695 3690
f 3695 3689 3690
f 264 3533 3696
f 3533 3532 3696
f 913 3686 3533
f 3686 3532 3533
f 912 3693 3686
f 3693 3532 3686
f 962 3696 3693
f 3696 3532 3693
f 252 3697 3499
f 3697 3498 3499
f 963 3699 3697
f 3699 3498 3697
f 904 3700 3699
f 3700 3498 3699
f 905 3499 3700
f 3499 3498 3700
f 272 3702 3705
f 3702 3698 3705
f 965 3703 3702
f 3703 3698 3702
f 904 3699 3703
f 3699 3698 3703
f 963 3705 3699
f 3705 3698 3699
f 271 3665 3708
f 3665 3664 3708
f 953 3706 3665
f 3706 3664 3665
f 904 3703 3706
f 3703 3664 3706
f 965 3708 3703
f 3708 3664 3703
f 251 3504 3657
f 3504 3503 3657
f 905 3700 3504
f 3700 3503 3504
f 904 3706 3700
f 3706 3503 3700
f 953 3657 3706
f 3657 3503 3706
f 264 3696 3542
f 3696 3541 3542
f 962 3709 3696
f 3709 3541 3696
f 918 3710 3709
f 3710 3541 3709
f 919 3542 3710
f 3542 3541 3710
f 284 3712 3692
f 3712 3691 3692
f 967 3714 3712
f 3714 3691 3712
f 918 3709 3714
f 3709 3691 3714
f 962 3692 3709
f 3692 3691 3709
f 285 3716 3719
f 3716 3713 3719
f 968 3717 3716
f 3717 3713 3716
f 918 3714 3717
f 3714 3713 3717
f 967 3719 3714
f 3719 3713 3714
f 265 3551 3720
f 3551 3550 3720
f 919 3710 3551
f 3710 3550 3551
f 918 3717 3710
f 3717 3550 3710
f 968 3720 3717
f 3720 3550 3717
f 253 3721 3517
f 3721 3516 3517
f 969 3723 3721
f 3723 3516 3721
f 910 3724 3723
f 3724 3516 3723
f 911 3517 3724
f 3517 3516 3724
f 273 3726 3729
f 3726 3722 3729
f 971 3727 3726
f 3727 3722 3726
f 910 3723 3727
f 3723 3722 3727
f 969 3729 3723
f 3729 3722 3723
f 272 3705 3732
f 3705 3704 3732
f 963 3730 3705
f 3730 3704 3705
f 910 3727 3730
f 3727 3704 3730
f 971 3732 3727
f 3732 3704 3727
f 252 3522 3697
f 3522 3521 3697
f 911 3724 3522
f 3724 3521 3522
f 910 3730 3724
f 3730 3521 3724
f 963 3697 3730
f 3697 3521 3730
f 265 3720 3560
f 3720 3559 3560
f 968 3733 3720
f 3733 3559 3720
f 924 3734 3733
f 3734 3559 3733
f 925 3560 3734
f 3560 3559 3734
f 285 3736 3716
f 3736 3715 3716
f 973 3738 3736
f 3738 3715 3736
f 924 3733 3738
f 3733 3715 3738
f 968 3716 3733
f 3716 3715 3733
f 286 3740 3743
f 3740 3737 3743
f 974 3741 3740
f 3741 3737 3740
f 924 3738 3741
f 3738 3737 3741
f 973 3743 3738
f 3743 3737 3738
f 266 3569 3744
f 3569 3568 3744
f 925 3734 3569
f 3734 3568 3569
f 924 3741 3734
f 3741 3568 3734
f 974 3744 3741
f 3744 3568 3741
f 254 3745 3535
f 3745 3534 3535
f 975 3747 3745
f 3747 3534 3745
f 916 3748 3747
f 3748 3534 3747
f 917 3535 3748
f 3535 3534 3748
f 274 3750 3753
f 3750 3746 3753
f 977 3751 3750
f 3751 3746 3750
f 916 3747 3751
f 3747 3746 3751
f 975 3753 3747
f 3753 3746 3747
f 273 3729 3756
f 3729 3728 3756
f 969 3754 3729
f 3754 3728 3729
f 916 3751 3754
f 3751 3728 3754
f 977 3756 3751
f 3756 3728 3751
f 253 3540 3721
f 3540 3539 3721
f 917 3748 3540
f 3748 3539 3540
f 916 3754 3748
f 3754 3539 3748
f 969 3721 3754
f 3721 3539 3754
f 249 3640 3621
f 3640 3620 3621
f 948 3757 3640
f 3757 3620 3640
f 943 3758 3757
f 3758 3620 3757
f 944 3621 3758
f 3621 3620 3758
f 269 3760 3636
f 3760 3635 3636
f 979 3762 3760
f 3762 3635 3760
f 943 3757 3762
f 3757 3635 3762
f 948 3636 3757
f 3636 3635 3757
f 278 3764 3767
f 3764 3761 3767
f 980 3765 3764
f 3765 3761 3764
f 943 3762 3765
f 3762 3761 3765
f 979 3767 3762
f 3767 3761 3762
f 258 3624 3768
f 3624 3623 3768
f 944 3758 3624
f 3758 3623 3624
f 943 3765 3758
f 3765 3623 3758
f 980 3768 3765
f 3768 3623 3765
f 266 3744 3578
f 3744 3577 3578
f 974 3769 3744
f 3769 3577 3744
f 930 3770 3769
f 3770 3577 3769
f 931 3578 3770
f 3578 3577 3770
f 286 3772 3740
f 3772 3739 3740
f 982 3774 3772
f 3774 3739 3772
f 930 3769 3774
f 3769 3739 3774
f 974 3740 3769
f 3740 3739 3769
f 287 3776 3779
f 3776 3773 3779
f 983 3777 3776
f 3777 3773 3776
f 930 3774 3777
f 3774 3773 3777
f 982 3779 3774
f 3779 3773 3774
f 267 3587 3780
f 3587 3586 3780
f 931 3770 3587
f 3770 3586 3587
f 930 3777 3770
f 3777 3586 3770
f 983 3780 3777
f 3780 3586 3777
f 255 3781 3553
f 3781 3552 3553
f 984 3783 3781
f 3783 3552 3781
f 922 3784 3783
f 3784 3552 3783
f 923 3553 3784
f 3553 3552 3784
f 275 3786 3789
f 3786 3782 3789
f 986 3787 3786
f 3787 3782 3786
f 922 3783 3787
f 3783 3782 3787
f 984 3789 3783
f 3789 3782 3783
f 274 3753 3792
f 3753 3752 3792
f 975 3790 3753
f 3790 3752 3753
f 922 3787 3790
f 3787 3752 3790
f 986 3792 3787
f 3792 3752 3787
f 254 3558 3745
f 3558 3557 3745
f 923 3784 3558
f 3784 3557 3558
f 922 3790 3784
f 3790 3557 3784
f 975 3745 3790
f 3745 3557 3790
f 267 3780 3596
f 3780 3595 3596
f 983 3793 3780
f 3793 3595 3780
f 936 3794 3793
f 3794 3595 3793
f 937 3596 3794
f 3596 3595 3794
f 287 3796 3776
f 3796 3775 3776
f 988 3797 3796
f 3797 3775 3796
f 936 3793 3797
f 3793 3775 3797
f 983 3776 3793
f 3776 3775 3793
f 288 3678 3800
f 3678 3677 3800
f 956 3798 3678
f 3798 3677 3678
f 936 3797 3798
f 3797 3677 3798
f 988 3800 3797
f 3800 3677 3797
f 268 3605 3669
f 3605 3604 3669
f 937 3794 3605
f 3794 3604 3605
f 936 3798 3794
f 3798 3604 3794
f 956 3669 3798
f 3669 3604 3798
f 256 3801 3571
f 3801 3570 3571
f 989 3803 3801
f 3803 3570 3801
f 928 3804 3803
f 3804 3570 3803
f 929 3571 3804
f 3571 3570 3804
f 276 3806 3809
f 3806 3802 3809
f 991 3807 3806
f 3807 3802 3806
f 928 3803 3807
f 3803 3802 3807
f 989 3809 3803
f 3809 3802 3803
f 275 3789 3812
f 3789 3788 3812
f 984 3810 3789
f 3810 3788 3789
f 928 3807 3810
f 3807 3788 3810
f 991 3812 3807
f 3812 3788 3807
f 255 3576 3781
f 3576 3575 3781
f 929 3804 3576
f 3804 3575 3576
f 928 3810 3804
f 3810 3575 3804
f 984 3781 3810
f 3781 3575 3810
f 257 3813 3589
f 3813 3588 3589
f 992 3815 3813
f 3815 3588 3813
f 934 3816 3815
f 3816 3588 3815
f 935 3589 3816
f 3589 3588 3816
f 277 3818 3821
f 3818 3814 3821
f 994 3819 3818
f 3819 3814 3818
f 934 3815 3819
f 3815 3814 3819
f 992 3821 3815
f 3821 3814 3815
f 276 3809 3824
f 3809 3808 3824
f 989 3822 3809
f 3822 3808 3809
f 934 3819 3822
f 3819 3808 3822
f 994 3824 3819
f 3824 3808 3819
f 256 3594 3801
f 3594 3593 3801
f 935 3816 3594
f 3816 3593 3594
f 934 3822 3816
f 3822 3593 3816
f 989 3801 3822
f 3801 3593 3822
f 258 3768 3607
f 3768 3606 3607
f 980 3825 3768
f 3825 3606 3768
f 939 3826 3825
f 3826 3606 3825
f 940 3607 3826
f 3607 3606 3826
f 278 3828 3764
f 3828 3763 3764
f 996 3829 3828
f 3829 3763 3828
f 939 3825 3829
f 3825 3763 3829
f 980 3764 3825
f 3764 3763 3825
f 277 3821 3832
f 3821 3820 3832
f 992 3830 3821
f 3830 3820 3821
f 939 3829 3830
f 3829 3820 3830
f 996 3832 3829
f 3832 3820 3829
f 257 3612 3813
f 3612 3611 3813
f 940 3826 3612
f 3826 3611 3612
f 939 3830 3826
f 3830 3611 3826
f 992 3813 3830
f 3813 3611 3830
f 259 3684 3447
f 3684 3446 3447
f 959 3833 3684
f 3833 3446 3684
f 886 3834 3833
f 3834 3446 3833
f 887 3447 3834
f 3447 3446 3834
f 279 3836 3680
f 3836 3679 3680
f 998 3838 3836
f 3838 3679 3836
f 886 3833 3838
f 3833 3679 3838
f 959 3680 3833
f 3680 3679 3833
f 280 3840 3843
f 3840 3837 3843
f 999 3841 3840
f 3841 3837 3840
f 886 3838 3841
f 3838 3837 3841
f 998 3843 3838
f 3843 3837 3838
f 260 3459 3844
f 3459 3458 3844
f 887 3834 3459
f 3834 3458 3459
f 886 3841 3834
f 3841 3458 3834
f 999 3844 3841
f 3844 3458 3841
f 260 3844 3470
f 3844 3469 3470
f 999 3845 3844
f 3845 3469 3844
f 894 3846 3845
f 3846 3469 3845
f 895 3470 3846
f 3470 3469 3846
f 280 3848 3840
f 3848 3839 3840
f 1001 3850 3848
f 3850 3839 3848
f 894 3845 3850
f 3845 3839 3850
f 999 3840 3845
f 3840 3839 3845
f 281 3852 3855
f 3852 3849 3855
f 1002 3853 3852
f 3853 3849 3852
f 894 3850 3853
f 3850 3849 3853
f 1001 3855 3850
f 3855 3849 3850
f 261 3479 3856
f 3479 3478 3856
f 895 3846 3479
f 3846 3478 3479
f 894 3853 3846
f 3853 3478 3846
f 1002 3856 3853
f 3856 3478 3853
f 261 3856 3488
f 3856 3487 3488
f 1002 3857 3856
f 3857 3487 3856
f 900 3858 3857
f 3858 3487 3857
f 901 3488 3858
f 3488 3487 3858
f 281 3860 3852
f 3860 3851 3852
f 1004 3861 3860
f 3861 3851 3860
f 900 3857 3861
f 3857 3851 3861
f 1002 3852 3857
f 3852 3851 3857
f 282 3650 3864
f 3650 3649 3864
f 949 3862 3650
f 3862 3649 3650
f 900 3861 3862
f 3861 3649 3862
f 1004 3864 3861
f 3864 3649 3861
f 262 3497 3641
f 3497 3496 3641
f 901 3858 3497
f 3858 3496 3497
f 900 3862 3858
f 3862 3496 3858
f 949 3641 3862
f 3641 3496 3862
f 273 3865 3726
f 3865 3725 3726
f 1005 3867 3865
f 3867 3725 3865
f 970 3868 3867
f 3868 3725 3867
f 971 3726 3868
f 3726 3725 3868
f 293 3870 3874
f 3870 3866 3874
f 1007 3872 3870
f 3872 3866 3870
f 970 3867 3872
f 3867 3866 3872
f 1005 3874 3867
f 3874 3866 3867
f 292 3876 3879
f 3876 3871 3879
f 1008 3877 3876
f 3877 3871 3876
f 970 3872 3877
f 3872 3871 3877
f 1007 3879 3872
f 3879 3871 3872
f 272 3732 3880
f 3732 3731 3880
f 971 3868 3732
f 3868 3731 3732
f 970 3877 3868
f 3877 3731 3868
f 1008 3880 3877
f 3880 3731 3877
f 278 3881 3828
f 3881 3827 3828
f 1009 3883 3881
f 3883 3827 3881
f 995 3884 3883
f 3884 3827 3883
f 996 3828 3884
f 3828 3827 3884
f 298 3886 3890
f 3886 3882 3890
f 1011 3888 3886
f 3888 3882 3886
f 995 3883 3888
f 3883 3882 3888
f 1009 3890 3883
f 3890 3882 3883
f 297 3892 3895
f 3892 3887 3895
f 1012 3893 3892
f 3893 3887 3892
f 995 3888 3893
f 3888 3887 3893
f 1011 3895 3888
f 3895 3887 3888
f 277 3832 3896
f 3832 3831 3896
f 996 3884 3832
f 3884 3831 3832
f 995 3893 3884
f 3893 3831 3884
f 1012 3896 3893
f 3896 3831 3893
f 269 3897 3760
f 3897 3759 3760
f 1013 3899 3897
f 3899 3759 3897
f 978 3900 3899
f 3900 3759 3899
f 979 3760 3900
f 3760 3759 3900
f 289 3902 3905
f 3902 3898 3905
f 1015 3903 3902
f 3903 3898 3902
f 978 3899 3903
f 3899 3898 3903
f 1013 3905 3899
f 3905 3898 3899
f 298 3890 3908
f 3890 3889 3908
f 1009 3906 3890
f 3906 3889 3890
f 978 3903 3906
f 3903 3889 3906
f 1015 3908 3903
f 3908 3889 3903
f 278 3767 3881
f 3767 3766 3881
f 979 3900 3767
f 3900 3766 3767
f 978 3906 3900
f 3906 3766 3900
f 1009 3881 3906
f 3881 3766 3906
f 277 3896 3818
f 3896 3817 3818
f 1012 3909 3896
f 3909 3817 3896
f 993 3910 3909
f 3910 3817 3909
f 994 3818 3910
f 3818 3817 3910
f 297 3912 3892
f 3912 3891 3892
f 1017 3914 3912
f 3914 3891 3912
f 993 3909 3914
f 3909 3891 3914
f 1012 3892 3909
f 3892 3891 3909
f 296 3916 3919
f 3916 3913 3919
f 1018 3917 3916
f 3917 3913 3916
f 993 3914 3917
f 3914 3913 3917
f 1017 3919 3914
f 3919 3913 3914
f 276 3824 3920
f 3824 3823 3920
f 994 3910 3824
f 3910 3823 3824
f 993 3917 3910
f 3917 3823 3910
f 1018 3920 3917
f 3920 3823 3917
f 270 3921 3630
f 3921 3629 3630
f 1019 3923 3921
f 3923 3629 3921
f 946 3924 3923
f 3924 3629 3923
f 947 3630 3924
f 3630 3629 3924
f 290 3926 3929
f 3926 3922 3929
f 1021 3927 3926
f 3927 3922 3926
f 946 3923 3927
f 3923 3922 3927
f 1019 3929 3923
f 3929 3922 3923
f 289 3905 3932
f 3905 3904 3932
f 1013 3930 3905
f 3930 3904 3905
f 946 3927 3930
f 3927 3904 3930
f 1021 3932 3927
f 3932 3904 3927
f 269 3639 3897
f 3639 3638 3897
f 947 3924 3639
f 3924 3638 3639
f 946 3930 3924
f 3930 3638 3924
f 1013 3897 3930
f 3897 3638 3930
f 276 3920 3806
f 3920 3805 3806
f 1018 3933 3920
f 3933 3805 3920
f 990 3934 3933
f 3934 3805 3933
f 991 3806 3934
f 3806 3805 3934
f 296 3936 3916
f 3936 3915 3916
f 1023 3938 3936
f 3938 3915 3936
f 990 3933 3938
f 3933 3915 3938
f 1018 3916 3933
f 3916 3915 3933
f 295 3940 3943
f 3940 3937 3943
f 1024 3941 3940
f 3941 3937 3940
f 990 3938 3941
f 3938 3937 3941
f 1023 3943 3938
f 3943 3937 3938
f 275 3812 3944
f 3812 3811 3944
f 991 3934 3812
f 3934 3811 3812
f 990 3941 3934
f 3941 3811 3934
f 1024 3944 3941
f 3944 3811 3941
f 287 3945 3796
f 3945 3795 3796
f 1025 3947 3945
f 3947 3795 3945
f 987 3948 3947
f 3948 3795 3947
f 988 3796 3948
f 3796 3795 3948
f 307 3950 3954
f 3950 3946 3954
f 1027 3952 3950
f 3952 3946 3950
f 987 3947 3952
f 3947 3946 3952
f 1025 3954 3947
f 3954 3946 3947
f 308 3956 3959
f 3956 3951 3959
f 1028 3957 3956
f 3957 3951 3956
f 987 3952 3957
f 3952 3951 3957
f 1027 3959 3952
f 3959 3951 3952
f 288 3800 3960
f 3800 3799 3960
f 988 3948 3800
f 3948 3799 3800
f 987 3957 3948
f 3957 3799 3948
f 1028 3960 3957
f 3960 3799 3957
f 275 3944 3786
f 3944 3785 3786
f 1024 3961 3944
f 3961 3785 3944
f 985 3962 3961
f 3962 3785 3961
f 986 3786 3962
f 3786 3785 3962
f 295 3964 3940
f 3964 3939 3940
f 1030 3966 3964
f 3966 3939 3964
f 985 3961 3966
f 3961 3939 3966
f 1024 3940 3961
f 3940 3939 3961
f 294 3968 3971
f 3968 3965 3971
f 1031 3969 3968
f 3969 3965 3968
f 985 3966 3969
f 3966 3965 3969
f 1030 3971 3966
f 3971 3965 3966
f 274 3792 3972
f 3792 3791 3972
f 986 3962 3792
f 3962 3791 3792
f 985 3969 3962
f 3969 3791 3962
f 1031 3972 3969
f 3972 3791 3969
f 286 3973 3772
f 3973 3771 3772
f 1032 3975 3973
f 3975 3771 3973
f 981 3976 3975
f 3976 3771 3975
f 982 3772 3976
f 3772 3771 3976
f 306 3978 3981
f 3978 3974 3981
f 1034 3979 3978
f 3979 3974 3978
f 981 3975 3979
f 3975 3974 3979
f 1032 3981 3975
f 3981 3974 3975
f 307 3954 3984
f 3954 3953 3984
f 1025 3982 3954
f 3982 3953 3954
f 981 3979 3982
f 3979 3953 3982
f 1034 3984 3979
f 3984 3953 3979
f 287 3779 3945
f 3779 3778 3945
f 982 3976 3779
f 3976 3778 3779
f 981 3982 3976
f 3982 3778 3976
f 1025 3945 3982
f 3945 3778 3982
f 285 3985 3736
f 3985 3735 3736
f 1035 3987 3985
f 3987 3735 3985
f 972 3988 3987
f 3988 3735 3987
f 973 3736 3988
f 3736 3735 3988
f 305 3990 3993
f 3990 3986 3993
f 1037 3991 3990
f 3991 3986 3990
f 972 3987 3991
f 3987 3986 3991
f 1035 3993 3987
f 3993 3986 3987
f 306 3981 3996
f 3981 3980 3996
f 1032 3994 3981
f 3994 3980 3981
f 972 3991 3994
f 3991 3980 3994
f 1037 3996 3991
f 3996 3980 3991
f 286 3743 3973
f 3743 3742 3973
f 973 3988 3743
f 3988 3742 3743
f 972 3994 3988
f 3994 3742 3988
f 1032 3973 3994
f 3973 3742 3994
f 274 3972 3750
f 3972 3749 3750
f 1031 3997 3972
f 3997 3749 3972
f 976 3998 3997
f 3998 3749 3997
f 977 3750 3998
f 3750 3749 3998
f 294 4000 3968
f 4000 3967 3968
f 1039 4001 4000
f 4001 3967 4000
f 976 3997 4001
f 3997 3967 4001
f 1031 3968 3997
f 3968 3967 3997
f 293 3874 4004
f 3874 3873 4004
f 1005 4002 3874
f 4002 3873 3874
f 976 4001 4002
f 4001 3873 4002
f 1039 4004 4001
f 4004 3873 4001
f 273 3756 3865
f 3756 3755 3865
f 977 3998 3756
f 3998 3755 3756
f 976 4002 3998
f 4002 3755 3998
f 1005 3865 4002
f 3865 3755 4002
f 272 3880 3702
f 3880 3701 3702
f 1008 4005 3880
f 4005 3701 3880
f 964 4006 4005
f 4006 3701 4005
f 965 3702 4006
f 3702 3701 4006
f 292 4008 3876
f 4008 3875 3876
f 1041 4010 4008
f 4010 3875 4008
f 964 4005 4010
f 4005 3875 4010
f 1008 3876 4005
f 3876 3875 4005
f 291 4012 4015
f 4012 4009 4015
f 1042 4013 4012
f 4013 4009 4012
f 964 4010 4013
f 4010 4009 4013
f 1041 4015 4010
f 4015 4009 4010
f 271 3708 4016
f 3708 3707 4016
f 965 4006 3708
f 4006 3707 3708
f 964 4013 4006
f 4013 3707 4006
f 1042 4016 4013
f 4016 3707 4013
f 284 4017 3712
f 4017 3711 3712
f 1043 4019 4017
f 4019 3711 4017
f 966 4020 4019
f 4020 3711 4019
f 967 3712 4020
f 3712 3711 4020
f 304 4022 4025
f 4022 4018 4025
f 1045 4023 4022
f 4023 4018 4022
f 966 4019 4023
f 4019 4018 4023
f 1043 4025 4019
f 4025 4018 4019
f 305 3993 4028
f 3993 3992 4028
f 1035 4026 3993
f 4026 3992 3993
f 966 4023 4026
f 4023 3992 4026
f 1045 4028 4023
f 4028 3992 4023
f 285 3719 3985
f 3719 3718 3985
f 967 4020 3719
f 4020 3718 3719
f 966 4026 4020
f 4026 3718 4020
f 1035 3985 4026
f 3985 3718 4026
f 283 4029 3688
f 4029 3687 3688
f 1046 4031 4029
f 4031 3687 4029
f 960 4032 4031
f 4032 3687 4031
f 961 3688 4032
f 3688 3687 4032
f 303 4034 4037
f 4034 4030 4037
f 1048 4035 4034
f 4035 4030 4034
f 960 4031 4035
f 4031 4030 4035
f 1046 4037 4031
f 4037 4030 4031
f 304 4025 4040
f 4025 4024 4040
f 1043 4038 4025
f 4038 4024 4025
f 960 4035 4038
f 4035 4024 4038
f 1048 4040 4035
f 4040 4024 4035
f 284 3695 4017
f 3695 3694 4017
f 961 4032 3695
f 4032 3694 3695
f 960 4038 4032
f 4038 3694 4032
f 1043 4017 4038
f 4017 3694 4038
f 288 3960 3674
f 3960 3673 3674
f 1028 4041 3960
f 4041 3673 3960
f 957 4042 4041
f 4042 3673 4041
f 958 3674 4042
f 3674 3673 4042
f 308 4044 3956
f 4044 3955 3956
f 1050 4046 4044
f 4046 3955 4044
f 957 4041 4046
f 4041 3955 4046
f 1028 3956 4041
f 3956 3955 4041
f 299 4048 4051
f 4048 4045 4051
f 1051 4049 4048
f 4049 4045 4048
f 957 4046 4049
f 4046 4045 4049
f 1050 4051 4046
f 4051 4045 4046
f 279 3683 4052
f 3683 3682 4052
f 958 4042 3683
f 4042 3682 3683
f 957 4049 4042
f 4049 3682 4042
f 1051 4052 4049
f 4052 3682 4049
f 282 4053 3646
f 4053 3645 3646
f 1052 4055 4053
f 4055 3645 4053
f 950 4056 4055
f 4056 3645 4055
f 951 3646 4056
f 3646 3645 4056
f 302 4058 4061
f 4058 4054 4061
f 1054 4059 4058
f 4059 4054 4058
f 950 4055 4059
f 4055 4054 4059
f 1052 4061 4055
f 4061 4054 4055
f 303 4037 4064
f 4037 4036 4064
f 1046 4062 4037
f 4062 4036 4037
f 950 4059 4062
f 4059 4036 4062
f 1054 4064 4059
f 4064 4036 4059
f 283 3655 4029
f 3655 3654 4029
f 951 4056 3655
f 4056 3654 3655
f 950 4062 4056
f 4062 3654 4056
f 1046 4029 4062
f 4029 3654 4062
f 281 4065 3860
f 4065 3859 3860
f 1055 4067 4065
f 4067 3859 4065
f 1003 4068 4067
f 4068 3859 4067
f 1004 3860 4068
f 3860 3859 4068
f 301 4070 4073
f 4070 4066 4073
f 1057 4071 4070
f 4071 4066 4070
f 1003 4067 4071
f 4067 4066 4071
f 1055 4073 4067
f 4073 4066 4067
f 302 4061 4076
f 4061 4060 4076
f 1052 4074 4061
f 4074 4060 4061
f 1003 4071 4074
f 4071 4060 4074
f 1057 4076 4071
f 4076 4060 4071
f 282 3864 4053
f 3864 3863 4053
f 1004 4068 3864
f 4068 3863 3864
f 1003 4074 4068
f 4074 3863 4068
f 1052 4053 4074
f 4053 3863 4074
f 271 4016 3662
f 4016 3661 3662
f 1042 4077 4016
f 4077 3661 4016
f 954 4078 4077
f 4078 3661 4077
f 955 3662 4078
f 3662 3661 4078
f 291 4080 4012
f 4080 4011 4012
f 1059 4081 4080
f 4081 4011 4080
f 954 4077 4081
f 4077 4011 4081
f 1042 4012 4077
f 4012 4011 4077
f 290 3929 4084
f 3929 3928 4084
f 1019 4082 3929
f 4082 3928 3929
f 954 4081 4082
f 4081 3928 4082
f 1059 4084 4081
f 4084 3928 4081
f 270 3668 3921
f 3668 3667 3921
f 955 4078 3668
f 4078 3667 3668
f 954 4082 4078
f 4082 3667 4078
f 1019 3921 4082
f 3921 3667 4082
f 280 4085 3848
f 4085 3847 3848
f 1060 4087 4085
f 4087 3847 4085
f 1000 4088 4087
f 4088 3847 4087
f 1001 3848 4088
f 3848 3847 4088
f 300 4090 4093
f 4090 4086 4093
f 1062 4091 4090
f 4091 4086 4090
f 1000 4087 4091
f 4087 4086 4091
f 1060 4093 4087
f 4093 4086 4087
f 301 4073 4096
f 4073 4072 4096
f 1055 4094 4073
f 4094 4072 4073
f 1000 4091 4094
f 4091 4072 4094
f 1062 4096 4091
f 4096 4072 4091
f 281 3855 4065
f 3855 3854 4065
f 1001 4088 3855
f 4088 3854 3855
f 1000 4094 4088
f 4094 3854 4088
f 1055 4065 4094
f 4065 3854 4094
f 279 4052 3836
f 4052 3835 3836
f 1051 4097 4052
f 4097 3835 4052
f 997 4098 4097
f 4098 3835 4097
f 998 3836 4098
f 3836 3835 4098
f 299 4100 4048
f 4100 4047 4048
f 1064 4101 4100
f 4101 4047 4100
f 997 4097 4101
f 4097 4047 4101
f 1051 4048 4097
f 4048 4047 4097
f 300 4093 4104
f 4093 4092 4104
f 1060 4102 4093
f 4102 4092 4093
f 997 4101 4102
f 4101 4092 4102
f 1064 4104 4101
f 4104 4092 4101
f 280 3843 4085
f 3843 3842 4085
f 998 4098 3843
f 4098 3842 3843
f 997 4102 4098
f 4102 3842 4098
f 1060 4085 4102
f 4085 3842 4102
f 301 4105 4070
f 4105 4069 4070
f 1065 4107 4105
f 4107 4069 4105
f 1056 4108 4107
f 4108 4069 4107
f 1057 4070 4108
f 4070 4069 4108
f 321 4110 4114
f 4110 4106 4114
f 1067 4112 4110
f 4112 4106 4110
f 1056 4107 4112
f 4107 4106 4112
f 1065 4114 4107
f 4114 4106 4107
f 322 4116 4119
f 4116 4111 4119
f 1068 4117 4116
f 4117 4111 4116
f 1056 4112 4117
f 4112 4111 4117
f 1067 4119 4112
f 4119 4111 4112
f 302 4076 4120
f 4076 4075 4120
f 1057 4108 4076
f 4108 4075 4076
f 1056 4117 4108
f 4117 4075 4108
f 1068 4120 4117
f 4120 4075 4117
f 298 4121 3886
f 4121 3885 3886
f 1069 4123 4121
f 4123 3885 4121
f 1010 4124 4123
f 4124 3885 4123
f 1011 3886 4124
f 3886 3885 4124
f 318 4126 4130
f 4126 4122 4130
f 1071 4128 4126
f 4128 4122 4126
f 1010 4123 4128
f 4123 4122 4128
f 1069 4130 4123
f 4130 4122 4123
f 317 4132 4135
f 4132 4127 4135
f 1072 4133 4132
f 4133 4127 4132
f 1010 4128 4133
f 4128 4127 4133
f 1071 4135 4128
f 4135 4127 4128
f 297 3895 4136
f 3895 3894 4136
f 1011 4124 3895
f 4124 3894 3895
f 1010 4133 4124
f 4133 3894 4124
f 1072 4136 4133
f 4136 3894 4133
f 307 4137 3950
f 4137 3949 3950
f 1073 4139 4137
f 4139 3949 4137
f 1026 4140 4139
f 4140 3949 4139
f 1027 3950 4140
f 3950 3949 4140
f 327 4142 4146
f 4142 4138 4146
f 1075 4144 4142
f 4144 4138 4142
f 1026 4139 4144
f 4139 4138 4144
f 1073 4146 4139
f 4146 4138 4139
f 328 4148 4151
f 4148 4143 4151
f 1076 4149 4148
f 4149 4143 4148
f 1026 4144 4149
f 4144 4143 4149
f 1075 4151 4144
f 4151 4143 4144
f 308 3959 4152
f 3959 3958 4152
f 1027 4140 3959
f 4140 3958 3959
f 1026 4149 4140
f 4149 3958 4140
f 1076 4152 4149
f 4152 3958 4149
f 302 4120 4058
f 4120 4057 4058
f 1068 4153 4120
f 4153 4057 4120
f 1053 4154 4153
f 4154 4057 4153
f 1054 4058 4154
f 4058 4057 4154
f 322 4156 4116
f 4156 4115 4116
f 1078 4158 4156
f 4158 4115 4156
f 1053 4153 4158
f 4153 4115 4158
f 1068 4116 4153
f 4116 4115 4153
f 323 4160 4163
f 4160 4157 4163
f 1079 4161 4160
f 4161 4157 4160
f 1053 4158 4161
f 4158 4157 4161
f 1078 4163 4158
f 4163 4157 4158
f 303 4064 4164
f 4064 4063 4164
f 1054 4154 4064
f 4154 4063 4064
f 1053 4161 4154
f 4161 4063 4154
f 1079 4164 4161
f 4164 4063 4161
f 303 4164 4034
f 4164 4033 4034
f 1079 4165 4164
f 4165 4033 4164
f 1047 4166 4165
f 4166 4033 4165
f 1048 4034 4166
f 4034 4033 4166
f 323 4168 4160
f 4168 4159 4160
f 1081 4170 4168
f 4170 4159 4168
f 1047 4165 4170
f 4165 4159 4170
f 1079 4160 4165
f 4160 4159 4165
f 324 4172 4175
f 4172 4169 4175
f 1082 4173 4172
f 4173 4169 4172
f 1047 4170 4173
f 4170 4169 4173
f 1081 4175 4170
f 4175 4169 4170
f 304 4040 4176
f 4040 4039 4176
f 1048 4166 4040
f 4166 4039 4040
f 1047 4173 4166
f 4173 4039 4166
f 1082 4176 4173
f 4176 4039 4173
f 290 4177 3926
f 4177 3925 3926
f 1083 4179 4177
f 4179 3925 4177
f 1020 4180 4179
f 4180 3925 4179
f 1021 3926 4180
f 3926 3925 4180
f 310 4182 4186
f 4182 4178 4186
f 1085 4184 4182
f 4184 4178 4182
f 1020 4179 4184
f 4179 4178 4184
f 1083 4186 4179
f 4186 4178 4179
f 309 4188 4191
f 4188 4183 4191
f 1086 4189 4188
f 4189 4183 4188
f 1020 4184 4189
f 4184 4183 4189
f 1085 4191 4184
f 4191 4183 4184
f 289 3932 4192
f 3932 3931 4192
f 1021 4180 3932
f 4180 3931 3932
f 1020 4189 4180
f 4189 3931 4180
f 1086 4192 4189
f 4192 3931 4189
f 308 4152 4044
f 4152 4043 4044
f 1076 4193 4152
f 4193 4043 4152
f 1049 4194 4193
f 4194 4043 4193
f 1050 4044 4194
f 4044 4043 4194
f 328 4196 4148
f 4196 4147 4148
f 1088 4198 4196
f 4198 4147 4196
f 1049 4193 4198
f 4193 4147 4198
f 1076 4148 4193
f 4148 4147 4193
f 319 4200 4203
f 4200 4197 4203
f 1089 4201 4200
f 4201 4197 4200
f 1049 4198 4201
f 4198 4197 4201
f 1088 4203 4198
f 4203 4197 4198
f 299 4051 4204
f 4051 4050 4204
f 1050 4194 4051
f 4194 4050 4051
f 1049 4201 4194
f 4201 4050 4194
f 1089 4204 4201
f 4204 4050 4201
f 291 4205 4080
f 4205 4079 4080
f 1090 4207 4205
f 4207 4079 4205
f 1058 4208 4207
f 4208 4079 4207
f 1059 4080 4208
f 4080 4079 4208
f 311 4210 4213
f 4210 4206 4213
f 1092 4211 4210
f 4211 4206 4210
f 1058 4207 4211
f 4207 4206 4211
f 1090 4213 4207
f 4213 4206 4207
f 310 4186 4216
f 4186 4185 4216
f 1083 4214 4186
f 4214 4185 4186
f 1058 4211 4214
f 4211 4185 4214
f 1092 4216 4211
f 4216 4185 4211
f 290 4084 4177
f 4084 4083 4177
f 1059 4208 4084
f 4208 4083 4084
f 1058 4214 4208
f 4214 4083 4208
f 1083 4177 4214
f 4177 4083 4214
f 304 4176 4022
f 4176 4021 4022
f 1082 4217 4176
f 4217 4021 4176
f 1044 4218 4217
f 4218 4021 4217
f 1045 4022 4218
f 4022 4021 4218
f 324 4220 4172
f 4220 4171 4172
f 1094 4222 4220
f 4222 4171 4220
f 1044 4217 4222
f 4217 4171 4222
f 1082 4172 4217
f 4172 4171 4217
f 325 4224 4227
f 4224 4221 4227
f 1095 4225 4224
f 4225 4221 4224
f 1044 4222 4225
f 4222 4221 4225
f 1094 4227 4222
f 4227 4221 4222
f 305 4028 4228
f 4028 4027 4228
f 1045 4218 4028
f 4218 4027 4028
f 1044 4225 4218
f 4225 4027 4218
f 1095 4228 4225
f 4228 4027 4225
f 292 4229 4008
f 4229 4007 4008
f 1096 4231 4229
f 4231 4007 4229
f 1040 4232 4231
f 4232 4007 4231
f 1041 4008 4232
f 4008 4007 4232
f 312 4234 4237
f 4234 4230 4237
f 1098 4235 4234
f 4235 4230 4234
f 1040 4231 4235
f 4231 4230 4235
f 1096 4237 4231
f 4237 4230 4231
f 311 4213 4240
f 4213 4212 4240
f 1090 4238 4213
f 4238 4212 4213
f 1040 4235 4238
f 4235 4212 4238
f 1098 4240 4235
f 4240 4212 4235
f 291 4015 4205
f 4015 4014 4205
f 1041 4232 4015
f 4232 4014 4015
f 1040 4238 4232
f 4238 4014 4232
f 1090 4205 4238
f 4205 4014 4238
f 293 4241 3870
f 4241 3869 3870
f 1099 4243 4241
f 4243 3869 4241
f 1006 4244 4243
f 4244 3869 4243
f 1007 3870 4244
f 3870 3869 4244
f 313 4246 4249
f 4246 4242 4249
f 1101 4247 4246
f 4247 4242 4246
f 1006 4243 4247
f 4243 4242 4247
f 1099 4249 4243
f 4249 4242 4243
f 312 4237 4252
f 4237 4236 4252
f 1096 4250 4237
f 4250 4236 4237
f 1006 4247 4250
f 4247 4236 4250
f 1101 4252 4247
f 4252 4236 4247
f 292 3879 4229
f 3879 3878 4229
f 1007 4244 3879
f 4244 3878 3879
f 1006 4250 4244
f 4250 3878 4244
f 1096 4229 4250
f 4229 3878 4250
f 294 4253 4000
f 4253 3999 4000
f 1102 4255 4253
f 4255 3999 4253
f 1038 4256 4255
f 4256 3999 4255
f 1039 4000 4256
f 4000 3999 4256
f 314 4258 4261
f 4258 4254 4261
f 1104 4259 4258
f 4259 4254 4258
f 1038 4255 4259
f 4255 4254 4259
f 1102 4261 4255
f 4261 4254 4255
f 313 4249 4264
f 4249 4248 4264
f 1099 4262 4249
f 4262 4248 4249
f 1038 4259 4262
f 4259 4248 4262
f 1104 4264 4259
f 4264 4248 4259
f 293 4004 4241
f 4004 4003 4241
f 1039 4256 4004
f 4256 4003 4004
f 1038 4262 4256
f 4262 4003 4256
f 1099 4241 4262
f 4241 4003 4262
f 289 4192 3902
f 4192 3901 3902
f 1086 4265 4192
f 4265 3901 4192
f 1014 4266 4265
f 4266 3901 4265
f 1015 3902 4266
f 3902 3901 4266
f 309 4268 4188
f 4268 4187 4188
f 1106 4269 4268
f 4269 4187 4268
f 1014 4265 4269
f 4265 4187 4269
f 1086 4188 4265
f 4188 4187 4265
f 318 4130 4272
f 4130 4129 4272
f 1069 4270 4130
f 4270 4129 4130
f 1014 4269 4270
f 4269 4129 4270
f 1106 4272 4269
f 4272 4129 4269
f 298 3908 4121
f 3908 3907 4121
f 1015 4266 3908
f 4266 3907 3908
f 1014 4270 4266
f 4270 3907 4266
f 1069 4121 4270
f 4121 3907 4270
f 295 4273 3964
f 4273 3963 3964
f 1107 4275 4273
f 4275 3963 4273
f 1029 4276 4275
f 4276 3963 4275
f 1030 3964 4276
f 3964 3963 4276
f 315 4278 4281
f 4278 4274 4281
f 1109 4279 4278
f 4279 4274 4278
f 1029 4275 4279
f 4275 4274 4279
f 1107 4281 4275
f 4281 4274 4275
f 314 4261 4284
f 4261 4260 4284
f 1102 4282 4261
f 4282 4260 4261
f 1029 4279 4282
f 4279 4260 4282
f 1109 4284 4279
f 4284 4260 4279
f 294 3971 4253
f 3971 3970 4253
f 1030 4276 3971
f 4276 3970 3971
f 1029 4282 4276
f 4282 3970 4276
f 1102 4253 4282
f 4253 3970 4282
f 299 4204 4100
f 4204 4099 4100
f 1089 4285 4204
f 4285 4099 4204
f 1063 4286 4285
f 4286 4099 4285
f 1064 4100 4286
f 4100 4099 4286
f 319 4288 4200
f 4288 4199 4200
f 1111 4290 4288
f 4290 4199 4288
f 1063 4285 4290
f 4285 4199 4290
f 1089 4200 4285
f 4200 4199 4285
f 320 4292 4295
f 4292 4289 4295
f 1112 4293 4292
f 4293 4289 4292
f 1063 4290 4293
f 4290 4289 4293
f 1111 4295 4290
f 4295 4289 4290
f 300 4104 4296
f 4104 4103 4296
f 1064 4286 4104
f 4286 4103 4104
f 1063 4293 4286
f 4293 4103 4286
f 1112 4296 4293
f 4296 4103 4293
f 296 4297 3936
f 4297 3935 3936
f 1113 4299 4297
f 4299 3935 4297
f 1022 4300 4299
f 4300 3935 4299
f 1023 3936 4300
f 3936 3935 4300
f 316 4302 4305
f 4302 4298 4305
f 1115 4303 4302
f 4303 4298 4302
f 1022 4299 4303
f 4299 4298 4303
f 1113 4305 4299
f 4305 4298 4299
f 315 4281 4308
f 4281 4280 4308
f 1107 4306 4281
f 4306 4280 4281
f 1022 4303 4306
f 4303 4280 4306
f 1115 4308 4303
f 4308 4280 4303
f 295 3943 4273
f 3943 3942 4273
f 1023 4300 3943
f 4300 3942 3943
f 1022 4306 4300
f 4306 3942 4300
f 1107 4273 4306
f 4273 3942 4306
f 305 4228 3990
f 4228 3989 3990
f 1095 4309 4228
f 4309 3989 4228
f 1036 4310 4309
f 4310 3989 4309
f 1037 3990 4310
f 3990 3989 4310
f 325 4312 4224
f 4312 4223 4224
f 1117 4314 4312
f 4314 4223 4312
f 1036 4309 4314
f 4309 4223 4314
f 1095 4224 4309
f 4224 4223 4309
f 326 4316 4319
f 4316 4313 4319
f 1118 4317 4316
f 4317 4313 4316
f 1036 4314 4317
f 4314 4313 4317
f 1117 4319 4314
f 4319 4313 4314
f 306 3996 4320
f 3996 3995 4320
f 1037 4310 3996
f 4310 3995 3996
f 1036 4317 4310
f 4317 3995 4310
f 1118 4320 4317
f 4320 3995 4317
f 300 4296 4090
f 4296 4089 4090
f 1112 4321 4296
f 4321 4089 4296
f 1061 4322 4321
f 4322 4089 4321
f 1062 4090 4322
f 4090 4089 4322
f 320 4324 4292
f 4324 4291 4292
f 1120 4325 4324
f 4325 4291 4324
f 1061 4321 4325
f 4321 4291 4325
f 1112 4292 4321
f 4292 4291 4321
f 321 4114 4328
f 4114 4113 4328
f 1065 4326 4114
f 4326 4113 4114
f 1061 4325 4326
f 4325 4113 4326
f 1120 4328 4325
f 4328 4113 4325
f 301 4096 4105
f 4096 4095 4105
f 1062 4322 4096
f 4322 4095 4096
f 1061 4326 4322
f 4326 4095 4322
f 1065 4105 4326
f 4105 4095 4326
f 297 4136 3912
f 4136 3911 3912
f 1072 4329 4136
f 4329 3911 4136
f 1016 4330 4329
f 4330 3911 4329
f 1017 3912 4330
f 3912 3911 4330
f 317 4332 4132
f 4332 4131 4132
f 1122 4333 4332
f 4333 4131 4332
f 1016 4329 4333
f 4329 4131 4333
f 1072 4132 4329
f 4132 4131 4329
f 316 4305 4336
f 4305 4304 4336
f 1113 4334 4305
f 4334 4304 4305
f 1016 4333 4334
f 4333 4304 4334
f 1122 4336 4333
f 4336 4304 4333
f 296 3919 4297
f 3919 3918 4297
f 1017 4330 3919
f 4330 3918 3919
f 1016 4334 4330
f 4334 3918 4330
f 1113 4297 4334
f 4297 3918 4334
f 306 4320 3978
f 4320 3977 3978
f 1118 4337 4320
f 4337 3977 4320
f 1033 4338 4337
f 4338 3977 4337
f 1034 3978 4338
f 3978 3977 4338
f 326 4340 4316
f 4340 4315 4316
f 1124 4341 4340
f 4341 4315 4340
f 1033 4337 4341
f 4337 4315 4341
f 1118 4316 4337
f 4316 4315 4337
f 327 4146 4344
f 4146 4145 4344
f 1073 4342 4146
f 4342 4145 4146
f 1033 4341 4342
f 4341 4145 4342
f 1124 4344 4341
f 4344 4145 4341
f 307 3984 4137
f 3984 3983 4137
f 1034 4338 3984
f 4338 3983 3984
f 1033 4342 4338
f 4342 3983 4338
f 1073 4137 4342
f 4137 3983 4342
f 312 4345 4234
f 4345 4233 4234
f 1125 4347 4345
f 4347 4233 4345
f 1097 4348 4347
f 4348 4233 4347
f 1098 4234 4348
f 4234 4233 4348
f 332 4350 4354
f 4350 4346 4354
f 1127 4352 4350
f 4352 4346 4350
f 1097 4347 4352
f 4347 4346 4352
f 1125 4354 4347
f 4354 4346 4347
f 331 4356 4359
f 4356 4351 4359
f 1128 4357 4356
f 4357 4351 4356
f 1097 4352 4357
f 4352 4351 4357
f 1127 4359 4352
f 4359 4351 4352
f 311 4240 4360
f 4240 4239 4360
f 1098 4348 4240
f 4348 4239 4240
f 1097 4357 4348
f 4357 4239 4348
f 1128 4360 4357
f 4360 4239 4357
f 319 4361 4288
f 4361 4287 4288
f 1129 4363 4361
f 4363 4287 4361
f 1110 4364 4363
f 4364 4287 4363
f 1111 4288 4364
f 4288 4287 4364
f 339 4366 4370
f 4366 4362 4370
f 1131 4368 4366
f 4368 4362 4366
f 1110 4363 4368
f 4363 4362 4368
f 1129 4370 4363
f 4370 4362 4363
f 340 4372 4375
f 4372 4367 4375
f 1132 4373 4372
f 4373 4367 4372
f 1110 4368 4373
f 4368 4367 4373
f 1131 4375 4368
f 4375 4367 4368
f 320 4295 4376
f 4295 4294 4376
f 1111 4364 4295
f 4364 4294 4295
f 1110 4373 4364
f 4373 4294 4364
f 1132 4376 4373
f 4376 4294 4373
f 309 4377 4268
f 4377 4267 4268
f 1133 4379 4377
f 4379 4267 4377
f 1105 4380 4379
f 4380 4267 4379
f 1106 4268 4380
f 4268 4267 4380
f 329 4382 4386
f 4382 4378 4386
f 1134 4384 4382
f 4384 4378 4382
f 1105 4379 4384
f 4379 4378 4384
f 1133 4386 4379
f 4386 4378 4379
f 338 4388 4391
f 4388 4383 4391
f 1135 4389 4388
f 4389 4383 4388
f 1105 4384 4389
f 4384 4383 4389
f 1134 4391 4384
f 4391 4383 4384
f 318 4272 4392
f 4272 4271 4392
f 1106 4380 4272
f 4380 4271 4272
f 1105 4389 4380
f 4389 4271 4380
f 1135 4392 4389
f 4392 4271 4389
f 311 4360 4210
f 4360 4209 4210
f 1128 4393 4360
f 4393 4209 4360
f 1091 4394 4393
f 4394 4209 4393
f 1092 4210 4394
f 4210 4209 4394
f 331 4395 4356
f 4395 4355 4356
f 1136 4397 4395
f 4397 4355 4395
f 1091 4393 4397
f 4393 4355 4397
f 1128 4356 4393
f 4356 4355 4393
f 330 4399 4402
f 4399 4396 4402
f 1137 4400 4399
f 4400 4396 4399
f 1091 4397 4400
f 4397 4396 4400
f 1136 4402 4397
f 4402 4396 4397
f 310 4216 4403
f 4216 4215 4403
f 1092 4394 4216
f 4394 4215 4216
f 1091 4400 4394
f 4400 4215 4394
f 1137 4403 4400
f 4403 4215 4400
f 320 4376 4324
f 4376 4323 4324
f 1132 4404 4376
f 4404 4323 4376
f 1119 4405 4404
f 4405 4323 4404
f 1120 4324 4405
f 4324 4323 4405
f 340 4406 4372
f 4406 4371 4372
f 1138 4408 4406
f 4408 4371 4406
f 1119 4404 4408
f 4404 4371 4408
f 1132 4372 4404
f 4372 4371 4404
f 341 4410 4413
f 4410 4407 4413
f 1139 4411 4410
f 4411 4407 4410
f 1119 4408 4411
f 4408 4407 4411
f 1138 4413 4408
f 4413 4407 4408
f 321 4328 4414
f 4328 4327 4414
f 1120 4405 4328
f 4405 4327 4328
f 1119 4411 4405
f 4411 4327 4405
f 1139 4414 4411
f 4414 4327 4411
f 310 4403 4182
f 4403 4181 4182
f 1137 4415 4403
f 4415 4181 4403
f 1084 4416 4415
f 4416 4181 4415
f 1085 4182 4416
f 4182 4181 4416
f 330 4417 4399
f 4417 4398 4399
f 1140 4418 4417
f 4418 4398 4417
f 1084 4415 4418
f 4415 4398 4418
f 1137 4399 4415
f 4399 4398 4415
f 329 4386 4420
f 4386 4385 4420
f 1133 4419 4386
f 4419 4385 4386
f 1084 4418 4419
f 4418 4385 4419
f 1140 4420 4418
f 4420 4385 4418
f 309 4191 4377
f 4191 4190 4377
f 1085 4416 4191
f 4416 4190 4191
f 1084 4419 4416
f 4419 4190 4416
f 1133 4377 4419
f 4377 4190 4419
f 324 4421 4220
f 4421 4219 4220
f 1141 4423 4421
f 4423 4219 4421
f 1093 4424 4423
f 4424 4219 4423
f 1094 4220 4424
f 4220 4219 4424
f 344 4426 4430
f 4426 4422 4430
f 1142 4428 4426
f 4428 4422 4426
f 1093 4423 4428
f 4423 4422 4428
f 1141 4430 4423
f 4430 4422 4423
f 345 4432 4435
f 4432 4427 4435
f 1143 4433 4432
f 4433 4427 4432
f 1093 4428 4433
f 4428 4427 4433
f 1142 4435 4428
f 4435 4427 4428
f 325 4227 4436
f 4227 4226 4436
f 1094 4424 4227
f 4424 4226 4227
f 1093 4433 4424
f 4433 4226 4424
f 1143 4436 4433
f 4436 4226 4433
f 328 4437 4196
f 4437 4195 4196
f 1144 4439 4437
f 4439 4195 4437
f 1087 4440 4439
f 4440 4195 4439
f 1088 4196 4440
f 4196 4195 4440
f 348 4442 4445
f 4442 4438 4445
f 1145 4443 4442
f 4443 4438 4442
f 1087 4439 4443
f 4439 4438 4443
f 1144 4445 4439
f 4445 4438 4439
f 339 4370 4447
f 4370 4369 4447
f 1129 4446 4370
f 4446 4369 4370
f 1087 4443 4446
f 4443 4369 4446
f 1145 4447 4443
f 4447 4369 4443
f 319 4203 4361
f 4203 4202 4361
f 1088 4440 4203
f 4440 4202 4203
f 1087 4446 4440
f 4446 4202 4440
f 1129 4361 4446
f 4361 4202 4446
f 321 4414 4110
f 4414 4109 4110
f 1139 4448 4414
f 4448 4109 4414
f 1066 4449 4448
f 4449 4109 4448
f 1067 4110 4449
f 4110 4109 4449
f 341 4450 4410
f 4450 4409 4410
f 1146 4452 4450
f 4452 4409 4450
f 1066 4448 4452
f 4448 4409 4452
f 1139 4410 4448
f 4410 4409 4448
f 342 4454 4457
f 4454 4451 4457
f 1147 4455 4454
f 4455 4451 4454
f 1066 4452 4455
f 4452 4451 4455
f 1146 4457 4452
f 4457 4451 4452
f 322 4119 4458
f 4119 4118 4458
f 1067 4449 4119
f 4449 4118 4119
f 1066 4455 4449
f 4455 4118 4449
f 1147 4458 4455
f 4458 4118 4455
f 327 4459 4142
f 4459 4141 4142
f 1148 4461 4459
f 4461 4141 4459
f 1074 4462 4461
f 4462 4141 4461
f 1075 4142 4462
f 4142 4141 4462
f 347 4464 4467
f 4464 4460 4467
f 1149 4465 4464
f 4465 4460 4464
f 1074 4461 4465
f 4461 4460 4465
f 1148 4467 4461
f 4467 4460 4461
f 348 4445 4469
f 4445 4444 4469
f 1144 4468 4445
f 4468 4444 4445
f 1074 4465 4468
f 4465 4444 4468
f 1149 4469 4465
f 4469 4444 4465
f 328 4151 4437
f 4151 4150 4437
f 1075 4462 4151
f 4462 4150 4151
f 1074 4468 4462
f 4468 4150 4462
f 1144 4437 4468
f 4437 4150 4468
f 323 4470 4168
f 4470 4167 4168
f 1150 4472 4470
f 4472 4167 4470
f 1080 4473 4472
f 4473 4167 4472
f 1081 4168 4473
f 4168 4167 4473
f 343 4475 4478
f 4475 4471 4478
f 1151 4476 4475
f 4476 4471 4475
f 1080 4472 4476
f 4472 4471 4476
f 1150 4478 4472
f 4478 4471 4472
f 344 4430 4480
f 4430 4429 4480
f 1141 4479 4430
f 4479 4429 4430
f 1080 4476 4479
f 4476 4429 4479
f 1151 4480 4476
f 4480 4429 4476
f 324 4175 4421
f 4175 4174 4421
f 1081 4473 4175
f 4473 4174 4175
f 1080 4479 4473
f 4479 4174 4473
f 1141 4421 4479
f 4421 4174 4479
f 326 4481 4340
f 4481 4339 4340
f 1152 4483 4481
f 4483 4339 4481
f 1123 4484 4483
f 4484 4339 4483
f 1124 4340 4484
f 4340 4339 4484
f 346 4486 4489
f 4486 4482 4489
f 1153 4487 4486
f 4487 4482 4486
f 1123 4483 4487
f 4483 4482 4487
f 1152 4489 4483
f 4489 4482 4483
f 347 4467 4491
f 4467 4466 4491
f 1148 4490 4467
f 4490 4466 4467
f 1123 4487 4490
f 4487 4466 4490
f 1153 4491 4487
f 4491 4466 4487
f 327 4344 4459
f 4344 4343 4459
f 1124 4484 4344
f 4484 4343 4344
f 1123 4490 4484
f 4490 4343 4484
f 1148 4459 4490
f 4459 4343 4490
f 316 4492 4302
f 4492 4301 4302
f 1154 4494 4492
f 4494 4301 4492
f 1114 4495 4494
f 4495 4301 4494
f 1115 4302 4495
f 4302 4301 4495
f 336 4497 4501
f 4497 4493 4501
f 1155 4499 4497
f 4499 4493 4497
f 1114 4494 4499
f 4494 4493 4499
f 1154 4501 4494
f 4501 4493 4494
f 335 4503 4506
f 4503 4498 4506
f 1156 4504 4503
f 4504 4498 4503
f 1114 4499 4504
f 4499 4498 4504
f 1155 4506 4499
f 4506 4498 4499
f 315 4308 4507
f 4308 4307 4507
f 1115 4495 4308
f 4495 4307 4308
f 1114 4504 4495
f 4504 4307 4495
f 1156 4507 4504
f 4507 4307 4504
f 317 4508 4332
f 4508 4331 4332
f 1157 4510 4508
f 4510 4331 4508
f 1121 4511 4510
f 4511 4331 4510
f 1122 4332 4511
f 4332 4331 4511
f 337 4513 4516
f 4513 4509 4516
f 1158 4514 4513
f 4514 4509 4513
f 1121 4510 4514
f 4510 4509 4514
f 1157 4516 4510
f 4516 4509 4510
f 336 4501 4518
f 4501 4500 4518
f 1154 4517 4501
f 4517 4500 4501
f 1121 4514 4517
f 4514 4500 4517
f 1158 4518 4514
f 4518 4500 4514
f 316 4336 4492
f 4336 4335 4492
f 1122 4511 4336
f 4511 4335 4336
f 1121 4517 4511
f 4517 4335 4511
f 1154 4492 4517
f 4492 4335 4517
f 315 4507 4278
f 4507 4277 4278
f 1156 4519 4507
f 4519 4277 4507
f 1108 4520 4519
f 4520 4277 4519
f 1109 4278 4520
f 4278 4277 4520
f 335 4521 4503
f 4521 4502 4503
f 1159 4523 4521
f 4523 4502 4521
f 1108 4519 4523
f 4519 4502 4523
f 1156 4503 4519
f 4503 4502 4519
f 334 4525 4528
f 4525 4522 4528
f 1160 4526 4525
f 4526 4522 4525
f 1108 4523 4526
f 4523 4522 4526
f 1159 4528 4523
f 4528 4522 4523
f 314 4284 4529
f 4284 4283 4529
f 1109 4520 4284
f 4520 4283 4284
f 1108 4526 4520
f 4526 4283 4520
f 1160 4529 4526
f 4529 4283 4526
f 322 4458 4156
f 4458 4155 4156
f 1147 4530 4458
f 4530 4155 4458
f 1077 4531 4530
f 4531 4155 4530
f 1078 4156 4531
f 4156 4155 4531
f 342 4532 4454
f 4532 4453 4454
f 1161 4533 4532
f 4533 4453 4532
f 1077 4530 4533
f 4530 4453 4533
f 1147 4454 4530
f 4454 4453 4530
f 343 4478 4535
f 4478 4477 4535
f 1150 4534 4478
f 4534 4477 4478
f 1077 4533 4534
f 4533 4477 4534
f 1161 4535 4533
f 4535 4477 4533
f 323 4163 4470
f 4163 4162 4470
f 1078 4531 4163
f 4531 4162 4163
f 1077 4534 4531
f 4534 4162 4531
f 1150 4470 4534
f 4470 4162 4534
f 314 4529 4258
f 4529 4257 4258
f 1160 4536 4529
f 4536 4257 4529
f 1103 4537 4536
f 4537 4257 4536
f 1104 4258 4537
f 4258 4257 4537
f 334 4538 4525
f 4538 4524 4525
f 1162 4540 4538
f 4540 4524 4538
f 1103 4536 4540
f 4536 4524 4540
f 1160 4525 4536
f 4525 4524 4536
f 333 4542 4545
f 4542 4539 4545
f 1163 4543 4542
f 4543 4539 4542
f 1103 4540 4543
f 4540 4539 4543
f 1162 4545 4540
f 4545 4539 4540
f 313 4264 4546
f 4264 4263 4546
f 1104 4537 4264
f 4537 4263 4264
f 1103 4543 4537
f 4543 4263 4537
f 1163 4546 4543
f 4546 4263 4543
f 318 4392 4126
f 4392 4125 4126
f 1135 4547 4392
f 4547 4125 4392
f 1070 4548 4547
f 4548 4125 4547
f 1071 4126 4548
f 4126 4125 4548
f 338 4549 4388
f 4549 4387 4388
f 1164 4550 4549
f 4550 4387 4549
f 1070 4547 4550
f 4547 4387 4550
f 1135 4388 4547
f 4388 4387 4547
f 337 4516 4552
f 4516 4515 4552
f 1157 4551 4516
f 4551 4515 4516
f 1070 4550 4551
f 4550 4515 4551
f 1164 4552 4550
f 4552 4515 4550
f 317 4135 4508
f 4135 4134 4508
f 1071 4548 4135
f 4548 4134 4135
f 1070 4551 4548
f 4551 4134 4548
f 1157 4508 4551
f 4508 4134 4551
f 313 4546 4246
f 4546 4245 4246
f 1163 4553 4546
f 4553 4245 4546
f 1100 4554 4553
f 4554 4245 4553
f 1101 4246 4554
f 4246 4245 4554
f 333 4555 4542
f 4555 4541 4542
f 1165 4556 4555
f 4556 4541 4555
f 1100 4553 4556
f 4553 4541 4556
f 1163 4542 4553
f 4542 4541 4553
f 332 4354 4558
f 4354 4353 4558
f 1125 4557 4354
f 4557 4353 4354
f 1100 4556 4557
f 4556 4353 4557
f 1165 4558 4556
f 4558 4353 4556
f 312 4252 4345
f 4252 4251 4345
f 1101 4554 4252
f 4554 4251 4252
f 1100 4557 4554
f 4557 4251 4554
f 1125 4345 4557
f 4345 4251 4557
f 325 4436 4312
f 4436 4311 4312
f 1143 4559 4436
f 4559 4311 4436
f 1116 4560 4559
f 4560 4311 4559
f 1117 4312 4560
f 4312 4311 4560
f 345 4561 4432
f 4561 4431 4432
f 1166 4562 4561
f 4562 4431 4561
f 1116 4559 4562
f 4559 4431 4562
f 1143 4432 4559
f 4432 4431 4559
f 346 4489 4564
f 4489 4488 4564
f 1152 4563 4489
f 4563 4488 4489
f 1116 4562 4563
f 4562 4488 4563
f 1166 4564 4562
f 4564 4488 4562
f 326 4319 4481
f 4319 4318 4481
f 1117 4560 4319
f 4560 4318 4319
f 1116 4563 4560
f 4563 4318 4560
f 1152 4481 4563
f 4481 4318 4563
f 329 4420 4382
f 4420 4381 4382
f 1140 4565 4420
f 4565 4381 4420
f 1126 4566 4565
f 4566 4381 4565
f 1134 4382 4566
f 4382 4381 4566
f 330 4402 4417
f 4402 4401 4417
f 1136 4567 4402
f 4567 4401 4402
f 1126 4565 4567
f 4565 4401 4567
f 1140 4417 4565
f 4417 4401 4565
f 331 4359 4395
f 4359 4358 4395
f 1127 4568 4359
f 4568 4358 4359
f 1126 4567 4568
f 4567 4358 4568
f 1136 4395 4567
f 4395 4358 4567
f 332 4558 4350
f 4558 4349 4350
f 1165 4569 4558
f 4569 4349 4558
f 1126 4568 4569
f 4568 4349 4569
f 1127 4350 4568
f 4350 4349 4568
f 333 4545 4555
f 4545 4544 4555
f 1162 4570 4545
f 4570 4544 4545
f 1126 4569 4570
f 4569 4544 4570
f 1165 4555 4569
f 4555 4544 4569
f 334 4528 4538
f 4528 4527 4538
f 1159 4571 4528
f 4571 4527 4528
f 1126 4570 4571
f 4570 4527 4571
f 1162 4538 4570
f 4538 4527 4570
f 335 4506 4521
f 4506 4505 4521
f 1155 4572 4506
f 4572 4505 4506
f 1126 4571 4572
f 4571 4505 4572
f 1159 4521 4571
f 4521 4505 4571
f 336 4518 4497
f 4518 4496 4497
f 1158 4573 4518
f 4573 4496 4518
f 1126 4572 4573
f 4572 4496 4573
f 1155 4497 4572
f 4497 4496 4572
f 337 4552 4513
f 4552 4512 4513
f 1164 4574 4552
f 4574 4512 4552
f 1126 4573 4574
f 4573 4512 4574
f 1158 4513 4573
f 4513 4512 4573
f 338 4391 4549
f 4391 4390 4549
f 1134 4566 4391
f 4566 4390 4391
f 1126 4574 4566
f 4574 4390 4566
f 1164 4549 4574
f 4549 4390 4574
f 339 4447 4366
f 4447 4365 4366
f 1145 4575 4447
f 4575 4365 4447
f 1130 4576 4575
f 4576 4365 4575
f 1131 4366 4576
f 4366 4365 4576
f 348 4469 4442
f 4469 4441 4442
f 1149 4577 4469
f 4577 4441 4469
f 1130 4575 4577
f 4575 4441 4577
f 1145 4442 4575
f 4442 4441 4575
f 347 4491 4464
f 4491 4463 4464
f 1153 4578 4491
f 4578 4463 4491
f 1130 4577 4578
f 4577 4463 4578
f 1149 4464 4577
f 4464 4463 4577
f 346 4564 4486
f 4564 4485 4486
f 1166 4579 4564
f 4579 4485 4564
f 1130 4578 4579
f 4578 4485 4579
f 1153 4486 4578
f 4486 4485 4578
f 345 4435 4561
f 4435 4434 4561
f 1142 4580 4435
f 4580 4434 4435
f 1130 4579 4580
f 4579 4434 4580
f 1166 4561 4579
f 4561 4434 4579
f 344 4480 4426
f 4480 4425 4426
f 1151 4581 4480
f 4581 4425 4480
f 1130 4580 4581
f 4580 4425 4581
f 1142 4426 4580
f 4426 4425 4580
f 343 4535 4475
f 4535 4474 4475
f 1161 4582 4535
f 4582 4474 4535
f 1130 4581 4582
f 4581 4474 4582
f 1151 4475 4581
f 4475 4474 4581
f 342 4457 4532
f 4457 4456 4532
f 1146 4583 4457
f 4583 4456 4457
f 1130 4582 4583
f 4582 4456 4583
f 1161 4532 4582
f 4532 4456 4582
f 341 4413 4450
f 4413 4412 4450
f 1138 4584 4413
f 4584 4412 4413
f 1130 4583 4584
f 4583 4412 4584
f 1146 4450 4583
f 4450 4412 4583
f 340 4375 4406
f 4375 4374 4406
f 1131 4576 4375
f 4576 4374 4375
f 1130 4584 4576
f 4584 4374 4576
f 1138 4406 4584
f 4406 4374 4584
f 99 4587 4592
f 4587 4585 4592
f 1169 4589 4587
f 4589 4585 4587
f 1167 4591 4589
f 4591 4585 4589
f 1173 4592 4591
f 4592 4585 4591
f 93 4593 4597
f 4593 4588 4597
f 1170 4595 4593
f 4595 4588 4593
f 1167 4589 4595
f 4589 4588 4595
f 1169 4597 4589
f 4597 4588 4589
f 94 4599 4601
f 4599 4594 4601
f 1172 4600 4599
f 4600 4594 4599
f 1167 4595 4600
f 4595 4594 4600
f 1170 4601 4595
f 4601 4594 4595
f 100 4602 4604
f 4602 4590 4604
f 1173 4591 4602
f 4591 4590 4602
f 1167 4600 4591
f 4600 4590 4591
f 1172 4604 4600
f 4604 4590 4600
f 100 4604 4608
f 4604 4603 4608
f 1172 4605 4604
f 4605 4603 4604
f 1171 4607 4605
f 4607 4603 4605
f 1177 4608 4607
f 4608 4603 4607
f 94 4609 4599
f 4609 4598 4599
f 1174 4611 4609
f 4611 4598 4609
f 1171 4605 4611
f 4605 4598 4611
f 1172 4599 4605
f 4599 4598 4605
f 95 4613 4615
f 4613 4610 4615
f 1176 4614 4613
f 4614 4610 4613
f 1171 4611 4614
f 4611 4610 4614
f 1174 4615 4611
f 4615 4610 4611
f 101 4616 4618
f 4616 4606 4618
f 1177 4607 4616
f 4607 4606 4616
f 1171 4614 4607
f 4614 4606 4607
f 1176 4618 4614
f 4618 4606 4614
f 101 4618 4622
f 4618 4617 4622
f 1176 4619 4618
f 4619 4617 4618
f 1175 4621 4619
f 4621 4617 4619
f 1181 4622 4621
f 4622 4617 4621
f 95 4623 4613
f 4623 4612 4613
f 1178 4625 4623
f 4625 4612 4623
f 1175 4619 4625
f 4619 4612 4625
f 1176 4613 4619
f 4613 4612 4619
f 96 4627 4629
f 4627 4624 4629
f 1180 4628 4627
f 4628 4624 4627
f 1175 4625 4628
f 4625 4624 4628
f 1178 4629 4625
f 4629 4624 4625
f 102 4630 4632
f 4630 4620 4632
f 1181 4621 4630
f 4621 4620 4630
f 1175 4628 4621
f 4628 4620 4621
f 1180 4632 4628
f 4632 4620 4628
f 102 4632 4636
f 4632 4631 4636
f 1180 4633 4632
f 4633 4631 4632
f 1179 4635 4633
f 4635 4631 4633
f 1185 4636 4635
f 4636 4631 4635
f 96 4637 4627
f 4637 4626 4627
f 1182 4639 4637
f 4639 4626 4637
f 1179 4633 4639
f 4633 4626 4639
f 1180 4627 4633
f 4627 4626 4633
f 97 4641 4643
f 4641 4638 4643
f 1184 4642 4641
f 4642 4638 4641
f 1179 4639 4642
f 4639 4638 4642
f 1182 4643 4639
f 4643 4638 4639
f 103 4644 4646
f 4644 4634 4646
f 1185 4635 4644
f 4635 4634 4644
f 1179 4642 4635
f 4642 4634 4635
f 1184 4646 4642
f 4646 4634 4642
f 103 4646 4650
f 4646 4645 4650
f 1184 4647 4646
f 4647 4645 4646
f 1183 4649 4647
f 4649 4645 4647
f 1188 4650 4649
f 4650 4645 4649
f 97 4651 4641
f 4651 4640 4641
f 1186 4653 4651
f 4653 4640 4651
f 1183 4647 4653
f 4647 4640 4653
f 1184 4641 4647
f 4641 4640 4647
f 98 4655 4657
f 4655 4652 4657
f 1187 4656 4655
f 4656 4652 4655
f 1183 4653 4656
f 4653 4652 4656
f 1186 4657 4653
f 4657 4652 4653
f 104 4658 4660
f 4658 4648 4660
f 1188 4649 4658
f 4649 4648 4658
f 1183 4656 4649
f 4656 4648 4649
f 1187 4660 4656
f 4660 4648 4656
f 104 4660 4663
f 4660 4659 4663
f 1187 4661 4660
f 4661 4659 4660
f 1168 4662 4661
f 4662 4659 4661
f 1190 4663 4662
f 4663 4659 4662
f 98 4664 4655
f 4664 4654 4655
f 1189 4665 4664
f 4665 4654 4664
f 1168 4661 4665
f 4661 4654 4665
f 1187 4655 4661
f 4655 4654 4661
f 93 4597 4667
f 4597 4596 4667
f 1169 4666 4597
f 4666 4596 4597
f 1168 4665 4666
f 4665 4596 4666
f 1189 4667 4665
f 4667 4596 4665
f 99 4668 4587
f 4668 4586 4587
f 1190 4662 4668
f 4662 4586 4668
f 1168 4666 4662
f 4666 4586 4662
f 1169 4587 4666
f 4587 4586 4666
f 111 4669 4676
f 4669 4670 4676
f 1191 4672 4669
f 4672 4670 4669
f 1192 4674 4672
f 4674 4670 4672
f 1197 4676 4674
f 4676 4670 4674
f 112 4678 4681
f 4678 4671 4681
f 1194 4680 4678
f 4680 4671 4678
f 1192 4672 4680
f 4672 4671 4680
f 1191 4681 4672
f 4681 4671 4672
f 106 4682 4685
f 4682 4679 4685
f 1195 4683 4682
f 4683 4679 4682
f 1192 4680 4683
f 4680 4679 4683
f 1194 4685 4680
f 4685 4679 4680
f 105 4687 4688
f 4687 4673 4688
f 1197 4674 4687
f 4674 4673 4687
f 1192 4683 4674
f 4683 4673 4674
f 1195 4688 4683
f 4688 4673 4683
f 112 4689 4678
f 4689 4677 4678
f 1198 4691 4689
f 4691 4677 4689
f 1193 4692 4691
f 4692 4677 4691
f 1194 4678 4692
f 4678 4677 4692
f 113 4694 4697
f 4694 4690 4697
f 1200 4696 4694
f 4696 4690 4694
f 1193 4691 4696
f 4691 4690 4696
f 1198 4697 4691
f 4697 4690 4691
f 107 4698 4701
f 4698 4695 4701
f 1201 4699 4698
f 4699 4695 4698
f 1193 4696 4699
f 4696 4695 4699
f 1200 4701 4696
f 4701 4695 4696
f 106 4685 4702
f 4685 4684 4702
f 1194 4692 4685
f 4692 4684 4685
f 1193 4699 4692
f 4699 4684 4692
f 1201 4702 4699
f 4702 4684 4699
f 113 4703 4694
f 4703 4693 4694
f 1202 4705 4703
f 4705 4693 4703
f 1199 4706 4705
f 4706 4693 4705
f 1200 4694 4706
f 4694 4693 4706
f 114 4708 4711
f 4708 4704 4711
f 1204 4710 4708
f 4710 4704 4708
f 1199 4705 4710
f 4705 4704 4710
f 1202 4711 4705
f 4711 4704 4705
f 108 4712 4715
f 4712 4709 4715
f 1205 4713 4712
f 4713 4709 4712
f 1199 4710 4713
f 4710 4709 4713
f 1204 4715 4710
f 4715 4709 4710
f 107 4701 4716
f 4701 4700 4716
f 1200 4706 4701
f 4706 4700 4701
f 1199 4713 4706
f 4713 4700 4706
f 1205 4716 4713
f 4716 4700 4713
f 114 4717 4708
f 4717 4707 4708
f 1206 4719 4717
f 4719 4707 4717
f 1203 4720 4719
f 4720 4707 4719
f 1204 4708 4720
f 4708 4707 4720
f 115 4722 4725
f 4722 4718 4725
f 1208 4724 4722
f 4724 4718 4722
f 1203 4719 4724
f 4719 4718 4724
f 1206 4725 4719
f 4725 4718 4719
f 109 4726 4729
f 4726 4723 4729
f 1209 4727 4726
f 4727 4723 4726
f 1203 4724 4727
f 4724 4723 4727
f 1208 4729 4724
f 4729 4723 4724
f 108 4715 4730
f 4715 4714 4730
f 1204 4720 4715
f 4720 4714 4715
f 1203 4727 4720
f 4727 4714 4720
f 1209 4730 4727
f 4730 4714 4727
f 115 4731 4722
f 4731 4721 4722
f 1210 4733 4731
f 4733 4721 4731
f 1207 4734 4733
f 4734 4721 4733
f 1208 4722 4734
f 4722 4721 4734
f 116 4736 4739
f 4736 4732 4739
f 1211 4738 4736
f 4738 4732 4736
f 1207 4733 4738
f 4733 4732 4738
f 1210 4739 4733
f 4739 4732 4733
f 110 4740 4743
f 4740 4737 4743
f 1212 4741 4740
f 4741 4737 4740
f 1207 4738 4741
f 4738 4737 4741
f 1211 4743 4738
f 4743 4737 4738
f 109 4729 4744
f 4729 4728 4744
f 1208 4734 4729
f 4734 4728 4729
f 1207 4741 4734
f 4741 4728 4734
f 1212 4744 4741
f 4744 4728 4741
f 116 4745 4736
f 4745 4735 4736
f 1213 4746 4745
f 4746 4735 4745
f 1196 4747 4746
f 4747 4735 4746
f 1211 4736 4747
f 4736 4735 4747
f 111 4676 4749
f 4676 4675 4749
f 1197 4748 4676
f 4748 4675 4676
f 1196 4746 4748
f 4746 4675 4748
f 1213 4749 4746
f 4749 4675 4746
f 105 4750 4687
f 4750 4686 4687
f 1214 4751 4750
f 4751 4686 4750
f 1196 4748 4751
f 4748 4686 4751
f 1197 4687 4748
f 4687 4686 4748
f 110 4743 4752
f 4743 4742 4752
f 1211 4747 4743
f 4747 4742 4743
f 1196 4751 4747
f 4751 4742 4747
f 1214 4752 4751
f 4752 4742 4751
f 119 4755 4761
f 4755 4753 4761
f 1217 4757 4755
f 4757 4753 4755
f 1215 4759 4757
f 4759 4753 4757
f 1223 4761 4759
f 4761 4753 4759
f 126 4763 4767
f 4763 4756 4767
f 1219 4765 4763
f 4765 4756 4763
f 1215 4757 4765
f 4757 4756 4765
f 1217 4767 4757
f 4767 4756 4757
f 127 4769 4772
f 4769 4764 4772
f 1221 4770 4769
f 4770 4764 4769
f 1215 4765 4770
f 4765 4764 4770
f 1219 4772 4765
f 4772 4764 4765
f 123 4774 4776
f 4774 4758 4776
f 1223 4759 4774
f 4759 4758 4774
f 1215 4770 4759
f 4770 4758 4759
f 1221 4776 4770
f 4776 4758 4770
f 122 4779 4784
f 4779 4777 4784
f 1225 4780 4779
f 4780 4777 4779
f 1218 4782 4780
f 4782 4777 4780
f 1229 4784 4782
f 4784 4777 4782
f 127 4772 4787
f 4772 4771 4787
f 1219 4785 4772
f 4785 4771 4772
f 1218 4780 4785
f 4780 4771 4785
f 1225 4787 4780
f 4787 4771 4780
f 126 4789 4763
f 4789 4762 4763
f 1227 4790 4789
f 4790 4762 4789
f 1218 4785 4790
f 4785 4762 4790
f 1219 4763 4785
f 4763 4762 4785
f 118 4792 4794
f 4792 4781 4794
f 1229 4782 4792
f 4782 4781 4792
f 1218 4790 4782
f 4790 4781 4782
f 1227 4794 4790
f 4794 4781 4790
f 117 4797 4803
f 4797 4795 4803
f 1232 4799 4797
f 4799 4795 4797
f 1230 4801 4799
f 4801 4795 4799
f 1238 4803 4801
f 4803 4795 4801
f 125 4805 4809
f 4805 4798 4809
f 1234 4807 4805
f 4807 4798 4805
f 1230 4799 4807
f 4799 4798 4807
f 1232 4809 4799
f 4809 4798 4799
f 128 4811 4814
f 4811 4806 4814
f 1236 4812 4811
f 4812 4806 4811
f 1230 4807 4812
f 4807 4806 4812
f 1234 4814 4807
f 4814 4806 4807
f 121 4816 4818
f 4816 4800 4818
f 1238 4801 4816
f 4801 4800 4816
f 1230 4812 4801
f 4812 4800 4801
f 1236 4818 4812
f 4818 4800 4812
f 124 4821 4826
f 4821 4819 4826
f 1240 4822 4821
f 4822 4819 4821
f 1233 4824 4822
f 4824 4819 4822
f 1244 4826 4824
f 4826 4819 4824
f 128 4814 4829
f 4814 4813 4829
f 1234 4827 4814
f 4827 4813 4814
f 1233 4822 4827
f 4822 4813 4827
f 1240 4829 4822
f 4829 4813 4822
f 125 4831 4805
f 4831 4804 4805
f 1242 4832 4831
f 4832 4804 4831
f 1233 4827 4832
f 4827 4804 4832
f 1234 4805 4827
f 4805 4804 4827
f 120 4834 4836
f 4834 4823 4836
f 1244 4824 4834
f 4824 4823 4834
f 1233 4832 4824
f 4832 4823 4824
f 1242 4836 4832
f 4836 4823 4832
f 122 4839 4844
f 4839 4837 4844
f 1247 4841 4839
f 4841 4837 4839
f 1245 4843 4841
f 4843 4837 4841
f 1251 4844 4843
f 4844 4837 4843
f 121 4845 4849
f 4845 4840 4849
f 1248 4847 4845
f 4847 4840 4845
f 1245 4841 4847
f 4841 4840 4847
f 1247 4849 4841
f 4849 4840 4841
f 129 4851 4854
f 4851 4846 4854
f 1250 4852 4851
f 4852 4846 4851
f 1245 4847 4852
f 4847 4846 4852
f 1248 4854 4847
f 4854 4846 4847
f 130 4856 4858
f 4856 4842 4858
f 1251 4843 4856
f 4843 4842 4856
f 1245 4852 4843
f 4852 4842 4843
f 1250 4858 4852
f 4858 4842 4852
f 121 4818 4845
f 4818 4817 4845
f 1236 4859 4818
f 4859 4817 4818
f 1235 4860 4859
f 4860 4817 4859
f 1248 4845 4860
f 4845 4817 4860
f 128 4861 4811
f 4861 4810 4811
f 1252 4863 4861
f 4863 4810 4861
f 1235 4859 4863
f 4859 4810 4863
f 1236 4811 4859
f 4811 4810 4859
f 134 4865 4868
f 4865 4862 4868
f 1253 4866 4865
f 4866 4862 4865
f 1235 4863 4866
f 4863 4862 4866
f 1252 4868 4863
f 4868 4862 4863
f 129 4854 4869
f 4854 4853 4869
f 1248 4860 4854
f 4860 4853 4854
f 1235 4866 4860
f 4866 4853 4860
f 1253 4869 4866
f 4869 4853 4866
f 128 4829 4861
f 4829 4828 4861
f 1240 4870 4829
f 4870 4828 4829
f 1239 4871 4870
f 4871 4828 4870
f 1252 4861 4871
f 4861 4828 4871
f 124 4873 4821
f 4873 4820 4821
f 1255 4875 4873
f 4875 4820 4873
f 1239 4870 4875
f 4870 4820 4875
f 1240 4821 4870
f 4821 4820 4870
f 132 4877 4880
f 4877 4874 4880
f 1257 4878 4877
f 4878 4874 4877
f 1239 4875 4878
f 4875 4874 4878
f 1255 4880 4875
f 4880 4874 4875
f 134 4868 4882
f 4868 4867 4882
f 1252 4871 4868
f 4871 4867 4868
f 1239 4878 4871
f 4878 4867 4871
f 1257 4882 4878
f 4882 4867 4878
f 124 4884 4873
f 4884 4872 4873
f 1259 4886 4884
f 4886 4872 4884
f 1254 4887 4886
f 4887 4872 4886
f 1255 4873 4887
f 4873 4872 4887
f 123 4888 4892
f 4888 4885 4892
f 1260 4890 4888
f 4890 4885 4888
f 1254 4886 4890
f 4886 4885 4890
f 1259 4892 4886
f 4892 4885 4886
f 131 4894 4897
f 4894 4889 4897
f 1261 4895 4894
f 4895 4889 4894
f 1254 4890 4895
f 4890 4889 4895
f 1260 4897 4890
f 4897 4889 4890
f 132 4880 4898
f 4880 4879 4898
f 1255 4887 4880
f 4887 4879 4880
f 1254 4895 4887
f 4895 4879 4887
f 1261 4898 4895
f 4898 4879 4895
f 123 4776 4888
f 4776 4775 4888
f 1221 4899 4776
f 4899 4775 4776
f 1220 4900 4899
f 4900 4775 4899
f 1260 4888 4900
f 4888 4775 4900
f 127 4901 4769
f 4901 4768 4769
f 1262 4903 4901
f 4903 4768 4901
f 1220 4899 4903
f 4899 4768 4903
f 1221 4769 4899
f 4769 4768 4899
f 133 4905 4908
f 4905 4902 4908
f 1263 4906 4905
f 4906 4902 4905
f 1220 4903 4906
f 4903 4902 4906
f 1262 4908 4903
f 4908 4902 4903
f 131 4897 4909
f 4897 4896 4909
f 1260 4900 4897
f 4900 4896 4897
f 1220 4906 4900
f 4906 4896 4900
f 1263 4909 4906
f 4909 4896 4906
f 127 4787 4901
f 4787 4786 4901
f 1225 4910 4787
f 4910 4786 4787
f 1224 4911 4910
f 4911 4786 4910
f 1262 4901 4911
f 4901 4786 4911
f 122 4844 4779
f 4844 4778 4779
f 1251 4912 4844
f 4912 4778 4844
f 1224 4910 4912
f 4910 4778 4912
f 1225 4779 4910
f 4779 4778 4910
f 130 4913 4856
f 4913 4855 4856
f 1264 4914 4913
f 4914 4855 4913
f 1224 4912 4914
f 4912 4855 4914
f 1251 4856 4912
f 4856 4855 4912
f 133 4908 4916
f 4908 4907 4916
f 1262 4911 4908
f 4911 4907 4908
f 1224 4914 4911
f 4914 4907 4911
f 1264 4916 4914
f 4916 4907 4914
f 131 4909 4894
f 4909 4893 4894
f 1263 4917 4909
f 4917 4893 4909
f 1256 4918 4917
f 4918 4893 4917
f 1261 4894 4918
f 4894 4893 4918
f 133 4919 4905
f 4919 4904 4905
f 1265 4920 4919
f 4920 4904 4919
f 1256 4917 4920
f 4917 4904 4920
f 1263 4905 4917
f 4905 4904 4917
f 134 4882 4922
f 4882 4881 4922
f 1257 4921 4882
f 4921 4881 4882
f 1256 4920 4921
f 4920 4881 4921
f 1265 4922 4920
f 4922 4881 4920
f 132 4898 4877
f 4898 4876 4877
f 1261 4918 4898
f 4918 4876 4898
f 1256 4921 4918
f 4921 4876 4918
f 1257 4877 4921
f 4877 4876 4921
f 129 4869 4851
f 4869 4850 4851
f 1253 4923 4869
f 4923 4850 4869
f 1249 4924 4923
f 4924 4850 4923
f 1250 4851 4924
f 4851 4850 4924
f 134 4922 4865
f 4922 4864 4865
f 1265 4925 4922
f 4925 4864 4922
f 1249 4923 4925
f 4923 4864 4925
f 1253 4865 4923
f 4865 4864 4923
f 133 4916 4919
f 4916 4915 4919
f 1264 4926 4916
f 4926 4915 4916
f 1249 4925 4926
f 4925 4915 4926
f 1265 4919 4925
f 4919 4915 4925
f 130 4858 4913
f 4858 4857 4913
f 1250 4924 4858
f 4924 4857 4858
f 1249 4926 4924
f 4926 4857 4924
f 1264 4913 4926
f 4913 4857 4926
f 119 4929 4934
f 4929 4927 4934
f 1268 4931 4929
f 4931 4927 4929
f 1266 4933 4931
f 4933 4927 4931
f 1272 4934 4933
f 4934 4927 4933
f 120 4935 4939
f 4935 4930 4939
f 1269 4937 4935
f 4937 4930 4935
f 1266 4931 4937
f 4931 4930 4937
f 1268 4939 4931
f 4939 4930 4931
f 138 4941 4944
f 4941 4936 4944
f 1271 4942 4941
f 4942 4936 4941
f 1266 4937 4942
f 4937 4936 4942
f 1269 4944 4937
f 4944 4936 4937
f 137 4946 4948
f 4946 4932 4948
f 1272 4933 4946
f 4933 4932 4946
f 1266 4942 4933
f 4942 4932 4933
f 1271 4948 4942
f 4948 4932 4942
f 120 4836 4935
f 4836 4835 4935
f 1242 4949 4836
f 4949 4835 4836
f 1241 4950 4949
f 4950 4835 4949
f 1269 4935 4950
f 4935 4835 4950
f 125 4951 4831
f 4951 4830 4831
f 1273 4953 4951
f 4953 4830 4951
f 1241 4949 4953
f 4949 4830 4953
f 1242 4831 4949
f 4831 4830 4949
f 139 4955 4958
f 4955 4952 4958
f 1274 4956 4955
f 4956 4952 4955
f 1241 4953 4956
f 4953 4952 4956
f 1273 4958 4953
f 4958 4952 4953
f 138 4944 4959
f 4944 4943 4959
f 1269 4950 4944
f 4950 4943 4944
f 1241 4956 4950
f 4956 4943 4950
f 1274 4959 4956
f 4959 4943 4956
f 125 4809 4951
f 4809 4808 4951
f 1232 4960 4809
f 4960 4808 4809
f 1231 4961 4960
f 4961 4808 4960
f 1273 4951 4961
f 4951 4808 4961
f 117 4963 4797
f 4963 4796 4797
f 1276 4965 4963
f 4965 4796 4963
f 1231 4960 4965
f 4960 4796 4965
f 1232 4797 4960
f 4797 4796 4960
f 135 4967 4970
f 4967 4964 4970
f 1278 4968 4967
f 4968 4964 4967
f 1231 4965 4968
f 4965 4964 4968
f 1276 4970 4965
f 4970 4964 4965
f 139 4958 4972
f 4958 4957 4972
f 1273 4961 4958
f 4961 4957 4958
f 1231 4968 4961
f 4968 4957 4961
f 1278 4972 4968
f 4972 4957 4968
f 117 4974 4963
f 4974 4962 4963
f 1280 4976 4974
f 4976 4962 4974
f 1275 4977 4976
f 4977 4962 4976
f 1276 4963 4977
f 4963 4962 4977
f 118 4978 4982
f 4978 4975 4982
f 1281 4980 4978
f 4980 4975 4978
f 1275 4976 4980
f 4976 4975 4980
f 1280 4982 4976
f 4982 4975 4976
f 136 4984 4987
f 4984 4979 4987
f 1282 4985 4984
f 4985 4979 4984
f 1275 4980 4985
f 4980 4979 4985
f 1281 4987 4980
f 4987 4979 4980
f 135 4970 4988
f 4970 4969 4988
f 1276 4977 4970
f 4977 4969 4970
f 1275 4985 4977
f 4985 4969 4977
f 1282 4988 4985
f 4988 4969 4985
f 118 4794 4978
f 4794 4793 4978
f 1227 4989 4794
f 4989 4793 4794
f 1226 4990 4989
f 4990 4793 4989
f 1281 4978 4990
f 4978 4793 4990
f 126 4991 4789
f 4991 4788 4789
f 1283 4993 4991
f 4993 4788 4991
f 1226 4989 4993
f 4989 4788 4993
f 1227 4789 4989
f 4789 4788 4989
f 140 4995 4998
f 4995 4992 4998
f 1284 4996 4995
f 4996 4992 4995
f 1226 4993 4996
f 4993 4992 4996
f 1283 4998 4993
f 4998 4992 4993
f 136 4987 4999
f 4987 4986 4999
f 1281 4990 4987
f 4990 4986 4987
f 1226 4996 4990
f 4996 4986 4990
f 1284 4999 4996
f 4999 4986 4996
f 126 4767 4991
f 4767 4766 4991
f 1217 5000 4767
f 5000 4766 4767
f 1216 5001 5000
f 5001 4766 5000
f 1283 4991 5001
f 4991 4766 5001
f 119 4934 4755
f 4934 4754 4755
f 1272 5002 4934
f 5002 4754 4934
f 1216 5000 5002
f 5000 4754 5002
f 1217 4755 5000
f 4755 4754 5000
f 137 5003 4946
f 5003 4945 4946
f 1285 5004 5003
f 5004 4945 5003
f 1216 5002 5004
f 5002 4945 5004
f 1272 4946 5002
f 4946 4945 5002
f 140 4998 5006
f 4998 4997 5006
f 1283 5001 4998
f 5001 4997 4998
f 1216 5004 5001
f 5004 4997 5001
f 1285 5006 5004
f 5006 4997 5004
f 137 4948 5003
f 4948 4947 5003
f 1271 5007 4948
f 5007 4947 4948
f 1270 5008 5007
f 5008 4947 5007
f 1285 5003 5008
f 5003 4947 5008
f 138 4959 4941
f 4959 4940 4941
f 1274 5009 4959
f 5009 4940 4959
f 1270 5007 5009
f 5007 4940 5009
f 1271 4941 5007
f 4941 4940 5007
f 139 5010 4955
f 5010 4954 4955
f 1286 5011 5010
f 5011 4954 5010
f 1270 5009 5011
f 5009 4954 5011
f 1274 4955 5009
f 4955 4954 5009
f 140 5006 5012
f 5006 5005 5012
f 1285 5008 5006
f 5008 5005 5006
f 1270 5011 5008
f 5011 5005 5008
f 1286 5012 5011
f 5012 5005 5011
f 135 4988 4967
f 4988 4966 4967
f 1282 5013 4988
f 5013 4966 4988
f 1277 5014 5013
f 5014 4966 5013
f 1278 4967 5014
f 4967 4966 5014
f 136 4999 4984
f 4999 4983 4984
f 1284 5015 4999
f 5015 4983 4999
f 1277 5013 5015
f 5013 4983 5015
f 1282 4984 5013
f 4984 4983 5013
f 140 5012 4995
f 5012 4994 4995
f 1286 5016 5012
f 5016 4994 5012
f 1277 5015 5016
f 5015 4994 5016
f 1284 4995 5015
f 4995 4994 5015
f 139 4972 5010
f 4972 4971 5010
f 1278 5014 4972
f 5014 4971 4972
f 1277 5016 5014
f 5016 4971 5014
f 1286 5010 5016
f 5010 4971 5016
f 124 4826 5020
f 4826 4825 5020
f 1244 5017 4826
f 5017 4825 4826
f 1243 5019 5017
f 5019 4825 5017
f 1290 5020 5019
f 5020 4825 5019
f 120 5021 4834
f 5021 4833 4834
f 1287 5023 5021
f 5023 4833 5021
f 1243 5017 5023
f 5017 4833 5023
f 1244 4834 5017
f 4834 4833 5017
f 144 5025 5028
f 5025 5022 5028
f 1289 5026 5025
f 5026 5022 5025
f 1243 5023 5026
f 5023 5022 5026
f 1287 5028 5023
f 5028 5022 5023
f 148 5030 5032
f 5030 5018 5032
f 1290 5019 5030
f 5019 5018 5030
f 1243 5026 5019
f 5026 5018 5019
f 1289 5032 5026
f 5032 5018 5026
f 118 4982 5036
f 4982 4981 5036
f 1280 5033 4982
f 5033 4981 4982
f 1279 5035 5033
f 5035 4981 5033
f 1294 5036 5035
f 5036 4981 5035
f 117 5037 4974
f 5037 4973 4974
f 1291 5039 5037
f 5039 4973 5037
f 1279 5033 5039
f 5033 4973 5039
f 1280 4974 5033
f 4974 4973 5033
f 141 5041 5044
f 5041 5038 5044
f 1293 5042 5041
f 5042 5038 5041
f 1279 5039 5042
f 5039 5038 5042
f 1291 5044 5039
f 5044 5038 5039
f 142 5046 5048
f 5046 5034 5048
f 1294 5035 5046
f 5035 5034 5046
f 1279 5042 5035
f 5042 5034 5035
f 1293 5048 5042
f 5048 5034 5042
f 120 4939 5021
f 4939 4938 5021
f 1268 5049 4939
f 5049 4938 4939
f 1267 5050 5049
f 5050 4938 5049
f 1287 5021 5050
f 5021 4938 5050
f 119 5051 4929
f 5051 4928 4929
f 1295 5053 5051
f 5053 4928 5051
f 1267 5049 5053
f 5049 4928 5053
f 1268 4929 5049
f 4929 4928 5049
f 143 5055 5058
f 5055 5052 5058
f 1296 5056 5055
f 5056 5052 5055
f 1267 5053 5056
f 5053 5052 5056
f 1295 5058 5053
f 5058 5052 5053
f 144 5028 5059
f 5028 5027 5059
f 1287 5050 5028
f 5050 5027 5028
f 1267 5056 5050
f 5056 5027 5050
f 1296 5059 5056
f 5059 5027 5056
f 121 4849 5063
f 4849 4848 5063
f 1247 5060 4849
f 5060 4848 4849
f 1246 5062 5060
f 5062 4848 5060
f 1299 5063 5062
f 5063 4848 5062
f 122 5064 4839
f 5064 4838 4839
f 1297 5066 5064
f 5066 4838 5064
f 1246 5060 5066
f 5060 4838 5066
f 1247 4839 5060
f 4839 4838 5060
f 146 5068 5071
f 5068 5065 5071
f 1298 5069 5068
f 5069 5065 5068
f 1246 5066 5069
f 5066 5065 5069
f 1297 5071 5066
f 5071 5065 5066
f 145 5073 5075
f 5073 5061 5075
f 1299 5062 5073
f 5062 5061 5073
f 1246 5069 5062
f 5069 5061 5062
f 1298 5075 5069
f 5075 5061 5069
f 123 4892 5079
f 4892 4891 5079
f 1259 5076 4892
f 5076 4891 4892
f 1258 5078 5076
f 5078 4891 5076
f 1301 5079 5078
f 5079 4891 5078
f 124 5020 4884
f 5020 4883 4884
f 1290 5080 5020
f 5080 4883 5020
f 1258 5076 5080
f 5076 4883 5080
f 1259 4884 5076
f 4884 4883 5076
f 148 5081 5030
f 5081 5029 5030
f 1300 5082 5081
f 5082 5029 5081
f 1258 5080 5082
f 5080 5029 5082
f 1290 5030 5080
f 5030 5029 5080
f 147 5084 5086
f 5084 5077 5086
f 1301 5078 5084
f 5078 5077 5084
f 1258 5082 5078
f 5082 5077 5078
f 1300 5086 5082
f 5086 5077 5082
f 117 4803 5037
f 4803 4802 5037
f 1238 5087 4803
f 5087 4802 4803
f 1237 5088 5087
f 5088 4802 5087
f 1291 5037 5088
f 5037 4802 5088
f 121 5063 4816
f 5063 4815 4816
f 1299 5089 5063
f 5089 4815 5063
f 1237 5087 5089
f 5087 4815 5089
f 1238 4816 5087
f 4816 4815 5087
f 145 5090 5073
f 5090 5072 5073
f 1302 5091 5090
f 5091 5072 5090
f 1237 5089 5091
f 5089 5072 5091
f 1299 5073 5089
f 5073 5072 5089
f 141 5044 5092
f 5044 5043 5092
f 1291 5088 5044
f 5088 5043 5044
f 1237 5091 5088
f 5091 5043 5088
f 1302 5092 5091
f 5092 5043 5091
f 122 4784 5064
f 4784 4783 5064
f 1229 5093 4784
f 5093 4783 4784
f 1228 5094 5093
f 5094 4783 5093
f 1297 5064 5094
f 5064 4783 5094
f 118 5036 4792
f 5036 4791 4792
f 1294 5095 5036
f 5095 4791 5036
f 1228 5093 5095
f 5093 4791 5095
f 1229 4792 5093
f 4792 4791 5093
f 142 5096 5046
f 5096 5045 5046
f 1303 5097 5096
f 5097 5045 5096
f 1228 5095 5097
f 5095 5045 5097
f 1294 5046 5095
f 5046 5045 5095
f 146 5071 5098
f 5071 5070 5098
f 1297 5094 5071
f 5094 5070 5071
f 1228 5097 5094
f 5097 5070 5094
f 1303 5098 5097
f 5098 5070 5097
f 119 4761 5051
f 4761 4760 5051
f 1223 5099 4761
f 5099 4760 4761
f 1222 5100 5099
f 5100 4760 5099
f 1295 5051 5100
f 5051 4760 5100
f 123 5079 4774
f 5079 4773 4774
f 1301 5101 5079
f 5101 4773 5079
f 1222 5099 5101
f 5099 4773 5101
f 1223 4774 5099
f 4774 4773 5099
f 147 5102 5084
f 5102 5083 5084
f 1304 5103 5102
f 5103 5083 5102
f 1222 5101 5103
f 5101 5083 5103
f 1301 5084 5101
f 5084 5083 5101
f 143 5058 5104
f 5058 5057 5104
f 1295 5100 5058
f 5100 5057 5058
f 1222 5103 5100
f 5103 5057 5100
f 1304 5104 5103
f 5104 5057 5103
f 145 5075 5090
f 5075 5074 5090
f 1298 5105 5075
f 5105 5074 5075
f 1292 5106 5105
f 5106 5074 5105
f 1302 5090 5106
f 5090 5074 5106
f 146 5098 5068
f 5098 5067 5068
f 1303 5107 5098
f 5107 5067 5098
f 1292 5105 5107
f 5105 5067 5107
f 1298 5068 5105
f 5068 5067 5105
f 142 5048 5096
f 5048 5047 5096
f 1293 5108 5048
f 5108 5047 5048
f 1292 5107 5108
f 5107 5047 5108
f 1303 5096 5107
f 5096 5047 5107
f 141 5092 5041
f 5092 5040 5041
f 1302 5106 5092
f 5106 5040 5092
f 1292 5108 5106
f 5108 5040 5106
f 1293 5041 5108
f 5041 5040 5108
f 147 5086 5102
f 5086 5085 5102
f 1300 5109 5086
f 5109 5085 5086
f 1288 5110 5109
f 5110 5085 5109
f 1304 5102 5110
f 5102 5085 5110
f 148 5032 5081
f 5032 5031 5081
f 1289 5111 5032
f 5111 5031 5032
f 1288 5109 5111
f 5109 5031 5111
f 1300 5081 5109
f 5081 5031 5109
f 144 5059 5025
f 5059 5024 5025
f 1296 5112 5059
f 5112 5024 5059
f 1288 5111 5112
f 5111 5024 5112
f 1289 5025 5111
f 5025 5024 5111
f 143 5104 5055
f 5104 5054 5055
f 1304 5110 5104
f 5110 5054 5104
f 1288 5112 5110
f 5112 5054 5110
f 1296 5055 5112
f 5055 5054 5112
f 5115 5565 5571
f 5565 5563 5571
f 5229 5567 5565
f 5567 5563 5565
f 5227 5569 5567
f 5569 5563 5567
f 5235 5571 5569
f 5571 5563 5569
f 5168 5573 5577
f 5573 5566 5577
f 5231 5575 5573
f 5575 5566 5573
f 5227 5567 5575
f 5567 5566 5575
f 5229 5577 5567
f 5577 5566 5567
f 5181 5579 5582
f 5579 5574 5582
f 5233 5580 5579
f 5580 5574 5579
f 5227 5575 5580
f 5575 5574 5580
f 5231 5582 5575
f 5582 5574 5575
f 5166 5584 5586
f 5584 5568 5586
f 5235 5569 5584
f 5569 5568 5584
f 5227 5580 5569
f 5580 5568 5569
f 5233 5586 5580
f 5586 5568 5580
f 5137 5589 5594
f 5589 5587 5594
f 5237 5591 5589
f 5591 5587 5589
f 5230 5592 5591
f 5592 5587 5591
f 5241 5594 5592
f 5594 5587 5592
f 5179 5596 5599
f 5596 5590 5599
f 5239 5597 5596
f 5597 5590 5596
f 5230 5591 5597
f 5591 5590 5597
f 5237 5599 5591
f 5599 5590 5591
f 5181 5582 5602
f 5582 5581 5602
f 5231 5600 5582
f 5600 5581 5582
f 5230 5597 5600
f 5597 5581 5600
f 5239 5602 5597
f 5602 5581 5597
f 5168 5604 5573
f 5604 5572 5573
f 5241 5592 5604
f 5592 5572 5604
f 5230 5600 5592
f 5600 5572 5592
f 5231 5573 5600
f 5573 5572 5600
f 5144 5605 5611
f 5605 5606 5611
f 5242 5608 5605
f 5608 5606 5605
f 5238 5609 5608
f 5609 5606 5608
f 5245 5611 5609
f 5611 5606 5609
f 5180 5613 5616
f 5613 5607 5616
f 5243 5614 5613
f 5614 5607 5613
f 5238 5608 5614
f 5608 5607 5614
f 5242 5616 5608
f 5616 5607 5608
f 5181 5602 5618
f 5602 5601 5618
f 5239 5617 5602
f 5617 5601 5602
f 5238 5614 5617
f 5614 5601 5617
f 5243 5618 5614
f 5618 5601 5614
f 5179 5620 5596
f 5620 5595 5596
f 5245 5609 5620
f 5609 5595 5620
f 5238 5617 5609
f 5617 5595 5609
f 5239 5596 5617
f 5596 5595 5617
f 5133 5623 5627
f 5623 5621 5627
f 5247 5624 5623
f 5624 5621 5623
f 5232 5625 5624
f 5625 5621 5624
f 5249 5627 5625
f 5627 5621 5625
f 5166 5586 5630
f 5586 5585 5630
f 5233 5628 5586
f 5628 5585 5586
f 5232 5624 5628
f 5624 5585 5628
f 5247 5630 5624
f 5630 5585 5624
f 5181 5618 5579
f 5618 5578 5579
f 5243 5631 5618
f 5631 5578 5618
f 5232 5628 5631
f 5628 5578 5631
f 5233 5579 5628
f 5579 5578 5628
f 5180 5633 5613
f 5633 5612 5613
f 5249 5625 5633
f 5625 5612 5633
f 5232 5631 5625
f 5631 5612 5625
f 5243 5613 5631
f 5613 5612 5631
f 5122 5636 5642
f 5636 5634 5642
f 5252 5638 5636
f 5638 5634 5636
f 5250 5640 5638
f 5640 5634 5638
f 5257 5642 5640
f 5642 5634 5640
f 5182 5644 5648
f 5644 5637 5648
f 5254 5646 5644
f 5646 5637 5644
f 5250 5638 5646
f 5638 5637 5646
f 5252 5648 5638
f 5648 5637 5638
f 5184 5650 5653
f 5650 5645 5653
f 5255 5651 5650
f 5651 5645 5650
f 5250 5646 5651
f 5646 5645 5651
f 5254 5653 5646
f 5653 5645 5646
f 5172 5655 5657
f 5655 5639 5657
f 5257 5640 5655
f 5640 5639 5655
f 5250 5651 5640
f 5651 5639 5640
f 5255 5657 5651
f 5657 5639 5651
f 5142 5658 5664
f 5658 5659 5664
f 5258 5661 5658
f 5661 5659 5658
f 5253 5662 5661
f 5662 5659 5661
f 5261 5664 5662
f 5664 5659 5662
f 5183 5666 5668
f 5666 5660 5668
f 5259 5667 5666
f 5667 5660 5666
f 5253 5661 5667
f 5661 5660 5667
f 5258 5668 5661
f 5668 5660 5661
f 5184 5653 5671
f 5653 5652 5671
f 5254 5669 5653
f 5669 5652 5653
f 5253 5667 5669
f 5667 5652 5669
f 5259 5671 5667
f 5671 5652 5667
f 5182 5673 5644
f 5673 5643 5644
f 5261 5662 5673
f 5662 5643 5673
f 5253 5669 5662
f 5669 5643 5662
f 5254 5644 5669
f 5644 5643 5669
f 5144 5611 5676
f 5611 5610 5676
f 5245 5674 5611
f 5674 5610 5611
f 5244 5675 5674
f 5675 5610 5674
f 5263 5676 5675
f 5676 5610 5675
f 5179 5677 5620
f 5677 5619 5620
f 5262 5678 5677
f 5678 5619 5677
f 5244 5674 5678
f 5674 5619 5678
f 5245 5620 5674
f 5620 5619 5674
f 5184 5671 5680
f 5671 5670 5680
f 5259 5679 5671
f 5679 5670 5671
f 5244 5678 5679
f 5678 5670 5679
f 5262 5680 5678
f 5680 5670 5678
f 5183 5681 5666
f 5681 5665 5666
f 5263 5675 5681
f 5675 5665 5681
f 5244 5679 5675
f 5679 5665 5675
f 5259 5666 5679
f 5666 5665 5679
f 5137 5683 5589
f 5683 5588 5589
f 5265 5684 5683
f 5684 5588 5683
f 5236 5685 5684
f 5685 5588 5684
f 5237 5589 5685
f 5589 5588 5685
f 5172 5657 5688
f 5657 5656 5688
f 5255 5686 5657
f 5686 5656 5657
f 5236 5684 5686
f 5684 5656 5686
f 5265 5688 5684
f 5688 5656 5684
f 5184 5680 5650
f 5680 5649 5650
f 5262 5689 5680
f 5689 5649 5680
f 5236 5686 5689
f 5686 5649 5689
f 5255 5650 5686
f 5650 5649 5686
f 5179 5599 5677
f 5599 5598 5677
f 5237 5685 5599
f 5685 5598 5599
f 5236 5689 5685
f 5689 5598 5685
f 5262 5677 5689
f 5677 5598 5689
f 5123 5692 5698
f 5692 5690 5698
f 5268 5694 5692
f 5694 5690 5692
f 5266 5696 5694
f 5696 5690 5694
f 5273 5698 5696
f 5698 5690 5696
f 5185 5700 5704
f 5700 5693 5704
f 5270 5702 5700
f 5702 5693 5700
f 5266 5694 5702
f 5694 5693 5702
f 5268 5704 5694
f 5704 5693 5694
f 5188 5705 5708
f 5705 5701 5708
f 5271 5706 5705
f 5706 5701 5705
f 5266 5702 5706
f 5702 5701 5706
f 5270 5708 5702
f 5708 5701 5702
f 5187 5710 5711
f 5710 5695 5711
f 5273 5696 5710
f 5696 5695 5710
f 5266 5706 5696
f 5706 5695 5696
f 5271 5711 5706
f 5711 5695 5706
f 5143 5714 5719
f 5714 5712 5719
f 5275 5716 5714
f 5716 5712 5714
f 5269 5717 5716
f 5717 5712 5716
f 5278 5719 5717
f 5719 5712 5717
f 5186 5720 5723
f 5720 5715 5723
f 5276 5721 5720
f 5721 5715 5720
f 5269 5716 5721
f 5716 5715 5721
f 5275 5723 5716
f 5723 5715 5716
f 5188 5708 5725
f 5708 5707 5725
f 5270 5724 5708
f 5724 5707 5708
f 5269 5721 5724
f 5721 5707 5724
f 5276 5725 5721
f 5725 5707 5721
f 5185 5727 5700
f 5727 5699 5700
f 5278 5717 5727
f 5717 5699 5727
f 5269 5724 5717
f 5724 5699 5717
f 5270 5700 5724
f 5700 5699 5724
f 5144 5676 5734
f 5676 5728 5734
f 5263 5730 5676
f 5730 5728 5676
f 5279 5732 5730
f 5732 5728 5730
f 5283 5734 5732
f 5734 5728 5732
f 5183 5736 5681
f 5736 5729 5681
f 5281 5738 5736
f 5738 5729 5736
f 5279 5730 5738
f 5730 5729 5738
f 5263 5681 5730
f 5681 5729 5730
f 5188 5725 5741
f 5725 5737 5741
f 5276 5739 5725
f 5739 5737 5725
f 5279 5738 5739
f 5738 5737 5739
f 5281 5741 5738
f 5741 5737 5738
f 5186 5743 5720
f 5743 5731 5720
f 5283 5732 5743
f 5732 5731 5743
f 5279 5739 5732
f 5739 5731 5732
f 5276 5720 5739
f 5720 5731 5739
f 5142 5746 5658
f 5746 5744 5658
f 5285 5748 5746
f 5748 5744 5746
f 5280 5749 5748
f 5749 5744 5748
f 5258 5658 5749
f 5658 5744 5749
f 5187 5711 5752
f 5711 5747 5752
f 5271 5750 5711
f 5750 5747 5711
f 5280 5748 5750
f 5748 5747 5750
f 5285 5752 5748
f 5752 5747 5748
f 5188 5741 5705
f 5741 5740 5705
f 5281 5753 5741
f 5753 5740 5741
f 5280 5750 5753
f 5750 5740 5753
f 5271 5705 5750
f 5705 5740 5750
f 5183 5668 5736
f 5668 5735 5736
f 5258 5749 5668
f 5749 5735 5668
f 5280 5753 5749
f 5753 5735 5749
f 5281 5736 5753
f 5736 5735 5753
f 5119 5756 5762
f 5756 5754 5762
f 5288 5758 5756
f 5758 5754 5756
f 5286 5760 5758
f 5760 5754 5758
f 5292 5762 5760
f 5762 5754 5760
f 5162 5764 5768
f 5764 5757 5768
f 5289 5766 5764
f 5766 5757 5764
f 5286 5758 5766
f 5758 5757 5766
f 5288 5768 5758
f 5768 5757 5758
f 5190 5770 5773
f 5770 5765 5773
f 5290 5771 5770
f 5771 5765 5770
f 5286 5766 5771
f 5766 5765 5771
f 5289 5773 5766
f 5773 5765 5766
f 5189 5775 5777
f 5775 5759 5777
f 5292 5760 5775
f 5760 5759 5775
f 5286 5771 5760
f 5771 5759 5760
f 5290 5777 5771
f 5777 5759 5771
f 5133 5627 5781
f 5627 5626 5781
f 5249 5778 5627
f 5778 5626 5627
f 5248 5779 5778
f 5779 5626 5778
f 5295 5781 5779
f 5781 5626 5779
f 5180 5782 5633
f 5782 5632 5633
f 5293 5783 5782
f 5783 5632 5782
f 5248 5778 5783
f 5778 5632 5783
f 5249 5633 5778
f 5633 5632 5778
f 5190 5773 5786
f 5773 5772 5786
f 5289 5784 5773
f 5784 5772 5773
f 5248 5783 5784
f 5783 5772 5784
f 5293 5786 5783
f 5786 5772 5783
f 5162 5788 5764
f 5788 5763 5764
f 5295 5779 5788
f 5779 5763 5788
f 5248 5784 5779
f 5784 5763 5779
f 5289 5764 5784
f 5764 5763 5784
f 5144 5734 5605
f 5734 5733 5605
f 5283 5789 5734
f 5789 5733 5734
f 5282 5790 5789
f 5790 5733 5789
f 5605 5733 5242
f 5242 5733 5790
f 5186 5791 5743
f 5791 5742 5743
f 5296 5792 5791
f 5792 5742 5791
f 5282 5789 5792
f 5789 5742 5792
f 5283 5743 5789
f 5743 5742 5789
f 5190 5786 5794
f 5786 5785 5794
f 5793 5785 5293
f 5293 5785 5786
f 5282 5792 5793
f 5792 5785 5793
f 5296 5794 5792
f 5794 5785 5792
f 5180 5616 5782
f 5616 5615 5782
f 5242 5790 5616
f 5790 5615 5616
f 5282 5793 5790
f 5793 5615 5790
f 5615 5793 5782
f 5293 5782 5793
f 5143 5796 5714
f 5796 5713 5714
f 5298 5797 5796
f 5797 5713 5796
f 5274 5798 5797
f 5798 5713 5797
f 5275 5714 5798
f 5714 5713 5798
f 5189 5777 5801
f 5777 5776 5801
f 5290 5799 5777
f 5799 5776 5777
f 5274 5797 5799
f 5797 5776 5799
f 5298 5801 5797
f 5801 5776 5797
f 5190 5794 5770
f 5794 5769 5770
f 5296 5802 5794
f 5802 5769 5794
f 5274 5799 5802
f 5799 5769 5802
f 5290 5770 5799
f 5770 5769 5799
f 5186 5723 5791
f 5723 5722 5791
f 5275 5798 5723
f 5798 5722 5723
f 5274 5802 5798
f 5802 5722 5798
f 5296 5791 5802
f 5791 5722 5802
f 5118 5805 5811
f 5805 5803 5811
f 5301 5807 5805
f 5807 5803 5805
f 5299 5809 5807
f 5809 5803 5807
f 5307 5811 5809
f 5811 5803 5809
f 5191 5813 5817
f 5813 5806 5817
f 5303 5815 5813
f 5815 5806 5813
f 5299 5807 5815
f 5807 5806 5815
f 5301 5817 5807
f 5817 5806 5807
f 5194 5819 5822
f 5819 5814 5822
f 5305 5820 5819
f 5820 5814 5819
f 5299 5815 5820
f 5815 5814 5820
f 5303 5822 5815
f 5822 5814 5815
f 5157 5824 5826
f 5824 5808 5826
f 5307 5809 5824
f 5809 5808 5824
f 5299 5820 5809
f 5820 5808 5809
f 5305 5826 5820
f 5826 5808 5820
f 5145 5829 5834
f 5829 5827 5834
f 5309 5831 5829
f 5831 5827 5829
f 5302 5832 5831
f 5832 5827 5831
f 5312 5834 5832
f 5834 5827 5832
f 5192 5835 5838
f 5835 5830 5838
f 5310 5836 5835
f 5836 5830 5835
f 5302 5831 5836
f 5831 5830 5836
f 5309 5838 5831
f 5838 5830 5831
f 5194 5822 5841
f 5822 5821 5841
f 5303 5839 5822
f 5839 5821 5822
f 5302 5836 5839
f 5836 5821 5839
f 5310 5841 5836
f 5841 5821 5836
f 5191 5843 5813
f 5843 5812 5813
f 5312 5832 5843
f 5832 5812 5843
f 5302 5839 5832
f 5839 5812 5832
f 5303 5813 5839
f 5813 5812 5839
f 5146 5844 5851
f 5844 5845 5851
f 5845 5844 5847
f 5313 5847 5844
f 5314 5849 5847
f 5849 5845 5847
f 5317 5851 5849
f 5851 5845 5849
f 5193 5853 5856
f 5853 5846 5856
f 5854 5846 5315
f 5315 5846 5853
f 5314 5847 5854
f 5847 5846 5854
f 5313 5856 5847
f 5856 5846 5847
f 5194 5841 5858
f 5841 5840 5858
f 5310 5857 5841
f 5857 5840 5841
f 5314 5854 5857
f 5854 5840 5857
f 5840 5854 5858
f 5315 5858 5854
f 5192 5860 5835
f 5860 5848 5835
f 5317 5849 5860
f 5849 5848 5860
f 5314 5857 5849
f 5857 5848 5849
f 5310 5835 5857
f 5835 5848 5857
f 5126 5863 5867
f 5863 5861 5867
f 5319 5864 5863
f 5864 5861 5863
f 5304 5865 5864
f 5865 5861 5864
f 5321 5867 5865
f 5867 5861 5865
f 5157 5826 5870
f 5826 5825 5870
f 5305 5868 5826
f 5868 5825 5826
f 5304 5864 5868
f 5864 5825 5868
f 5319 5870 5864
f 5870 5825 5864
f 5194 5858 5819
f 5858 5818 5819
f 5315 5871 5858
f 5871 5818 5858
f 5304 5868 5871
f 5868 5818 5871
f 5305 5819 5868
f 5819 5818 5868
f 5193 5873 5853
f 5873 5852 5853
f 5321 5865 5873
f 5865 5852 5873
f 5304 5871 5865
f 5871 5852 5865
f 5315 5853 5871
f 5853 5852 5871
f 5123 5698 5878
f 5698 5697 5878
f 5273 5874 5698
f 5874 5697 5698
f 5272 5876 5874
f 5876 5697 5874
f 5325 5878 5876
f 5878 5697 5876
f 5187 5879 5710
f 5879 5709 5710
f 5322 5881 5879
f 5881 5709 5879
f 5272 5874 5881
f 5874 5709 5881
f 5273 5710 5874
f 5710 5709 5874
f 5197 5883 5885
f 5883 5880 5885
f 5323 5884 5883
f 5884 5880 5883
f 5272 5881 5884
f 5881 5880 5884
f 5322 5885 5881
f 5885 5880 5881
f 5196 5887 5889
f 5887 5875 5889
f 5325 5876 5887
f 5876 5875 5887
f 5272 5884 5876
f 5884 5875 5876
f 5323 5889 5884
f 5889 5875 5884
f 5142 5890 5746
f 5890 5745 5746
f 5326 5892 5890
f 5892 5745 5890
f 5284 5893 5892
f 5893 5745 5892
f 5285 5746 5893
f 5746 5745 5893
f 5195 5895 5898
f 5895 5891 5898
f 5327 5897 5895
f 5897 5891 5895
f 5284 5892 5897
f 5892 5891 5897
f 5326 5898 5892
f 5898 5891 5892
f 5197 5885 5901
f 5885 5896 5901
f 5322 5899 5885
f 5899 5896 5885
f 5284 5897 5899
f 5897 5896 5899
f 5327 5901 5897
f 5901 5896 5897
f 5187 5752 5879
f 5752 5751 5879
f 5285 5893 5752
f 5893 5751 5752
f 5284 5899 5893
f 5899 5751 5893
f 5322 5879 5899
f 5879 5751 5899
f 5146 5851 5904
f 5851 5850 5904
f 5317 5902 5851
f 5902 5850 5851
f 5316 5903 5902
f 5903 5850 5902
f 5329 5904 5903
f 5904 5850 5903
f 5192 5905 5860
f 5905 5859 5860
f 5328 5906 5905
f 5906 5859 5905
f 5316 5902 5906
f 5902 5859 5906
f 5317 5860 5902
f 5860 5859 5902
f 5197 5901 5908
f 5901 5900 5908
f 5327 5907 5901
f 5907 5900 5901
f 5316 5906 5907
f 5906 5900 5907
f 5328 5908 5906
f 5908 5900 5906
f 5195 5909 5895
f 5909 5894 5895
f 5329 5903 5909
f 5903 5894 5909
f 5316 5907 5903
f 5907 5894 5903
f 5327 5895 5907
f 5895 5894 5907
f 5145 5911 5829
f 5911 5828 5829
f 5331 5912 5911
f 5912 5828 5911
f 5308 5913 5912
f 5913 5828 5912
f 5309 5829 5913
f 5829 5828 5913
f 5196 5889 5916
f 5889 5888 5916
f 5323 5914 5889
f 5914 5888 5889
f 5308 5912 5914
f 5912 5888 5914
f 5331 5916 5912
f 5916 5888 5912
f 5197 5908 5883
f 5908 5882 5883
f 5328 5917 5908
f 5917 5882 5908
f 5308 5914 5917
f 5914 5882 5917
f 5323 5883 5914
f 5883 5882 5914
f 5192 5838 5905
f 5838 5837 5905
f 5309 5913 5838
f 5913 5837 5838
f 5308 5917 5913
f 5917 5837 5913
f 5328 5905 5917
f 5905 5837 5917
f 5122 5919 5636
f 5919 5635 5636
f 5333 5921 5919
f 5921 5635 5919
f 5251 5922 5921
f 5922 5635 5921
f 5252 5636 5922
f 5636 5635 5922
f 5176 5924 5928
f 5924 5920 5928
f 5335 5926 5924
f 5926 5920 5924
f 5251 5921 5926
f 5921 5920 5926
f 5333 5928 5921
f 5928 5920 5921
f 5199 5930 5933
f 5930 5925 5933
f 5336 5931 5930
f 5931 5925 5930
f 5251 5926 5931
f 5926 5925 5931
f 5335 5933 5926
f 5933 5925 5926
f 5182 5648 5934
f 5648 5647 5934
f 5252 5922 5648
f 5922 5647 5648
f 5251 5931 5922
f 5931 5647 5922
f 5336 5934 5931
f 5934 5647 5931
f 5139 5937 5942
f 5937 5935 5942
f 5338 5939 5937
f 5939 5935 5937
f 5334 5940 5939
f 5940 5935 5939
f 5342 5942 5940
f 5942 5935 5940
f 5198 5944 5947
f 5944 5938 5947
f 5340 5945 5944
f 5945 5938 5944
f 5334 5939 5945
f 5939 5938 5945
f 5338 5947 5939
f 5947 5938 5939
f 5199 5933 5950
f 5933 5932 5950
f 5335 5948 5933
f 5948 5932 5933
f 5334 5945 5948
f 5945 5932 5948
f 5340 5950 5945
f 5950 5932 5945
f 5176 5952 5924
f 5952 5923 5924
f 5342 5940 5952
f 5940 5923 5952
f 5334 5948 5940
f 5948 5923 5940
f 5335 5924 5948
f 5924 5923 5948
f 5146 5904 5958
f 5904 5953 5958
f 5329 5955 5904
f 5955 5953 5904
f 5339 5956 5955
f 5956 5953 5955
f 5345 5958 5956
f 5958 5953 5956
f 5195 5960 5909
f 5960 5954 5909
f 5343 5961 5960
f 5961 5954 5960
f 5339 5955 5961
f 5955 5954 5961
f 5329 5909 5955
f 5909 5954 5955
f 5199 5950 5963
f 5950 5949 5963
f 5340 5962 5950
f 5962 5949 5950
f 5339 5961 5962
f 5961 5949 5962
f 5343 5963 5961
f 5963 5949 5961
f 5198 5965 5944
f 5965 5943 5944
f 5345 5956 5965
f 5956 5943 5965
f 5339 5962 5956
f 5962 5943 5956
f 5340 5944 5962
f 5944 5943 5962
f 5142 5664 5890
f 5664 5663 5890
f 5261 5966 5664
f 5966 5663 5664
f 5260 5967 5966
f 5967 5663 5966
f 5326 5890 5967
f 5890 5663 5967
f 5182 5934 5673
f 5934 5672 5673
f 5336 5968 5934
f 5968 5672 5934
f 5260 5966 5968
f 5966 5672 5968
f 5261 5673 5966
f 5673 5672 5966
f 5199 5963 5930
f 5963 5929 5930
f 5343 5969 5963
f 5969 5929 5963
f 5260 5968 5969
f 5968 5929 5969
f 5336 5930 5968
f 5930 5929 5968
f 5195 5898 5960
f 5898 5959 5960
f 5326 5967 5898
f 5967 5959 5898
f 5260 5969 5967
f 5969 5959 5967
f 5343 5960 5969
f 5960 5959 5969
f 5114 5972 5978
f 5972 5970 5978
f 5348 5974 5972
f 5974 5970 5972
f 5346 5976 5974
f 5976 5970 5974
f 5352 5978 5976
f 5978 5970 5976
f 5159 5980 5984
f 5980 5973 5984
f 5349 5982 5980
f 5982 5973 5980
f 5346 5974 5982
f 5974 5973 5982
f 5348 5984 5974
f 5984 5973 5974
f 5200 5986 5989
f 5986 5981 5989
f 5350 5987 5986
f 5987 5981 5986
f 5346 5982 5987
f 5982 5981 5987
f 5349 5989 5982
f 5989 5981 5982
f 5173 5991 5993
f 5991 5975 5993
f 5352 5976 5991
f 5976 5975 5991
f 5346 5987 5976
f 5987 5975 5976
f 5350 5993 5987
f 5993 5975 5987
f 5126 5867 5997
f 5867 5866 5997
f 5321 5994 5867
f 5994 5866 5867
f 5320 5995 5994
f 5995 5866 5994
f 5355 5997 5995
f 5997 5866 5995
f 5193 5998 5873
f 5998 5872 5873
f 5353 5999 5998
f 5999 5872 5998
f 5320 5994 5999
f 5994 5872 5999
f 5321 5873 5994
f 5873 5872 5994
f 5200 5989 6002
f 5989 5988 6002
f 5349 6000 5989
f 6000 5988 5989
f 5320 5999 6000
f 5999 5988 6000
f 5353 6002 5999
f 6002 5988 5999
f 5159 6004 5980
f 6004 5979 5980
f 5355 5995 6004
f 5995 5979 6004
f 5320 6000 5995
f 6000 5979 5995
f 5349 5980 6000
f 5980 5979 6000
f 5146 5958 5844
f 5958 5957 5844
f 5345 6005 5958
f 6005 5957 5958
f 5344 6006 6005
f 6006 5957 6005
f 5313 5844 6006
f 5844 5957 6006
f 5198 6007 5965
f 6007 5964 5965
f 5356 6008 6007
f 6008 5964 6007
f 5344 6005 6008
f 6005 5964 6008
f 5345 5965 6005
f 5965 5964 6005
f 5200 6002 6010
f 6002 6001 6010
f 5353 6009 6002
f 6009 6001 6002
f 5344 6008 6009
f 6008 6001 6009
f 5356 6010 6008
f 6010 6001 6008
f 5193 5856 5998
f 5856 5855 5998
f 5313 6006 5856
f 6006 5855 5856
f 5344 6009 6006
f 6009 5855 6006
f 5353 5998 6009
f 5998 5855 6009
f 5139 6012 5937
f 6012 5936 5937
f 5358 6013 6012
f 6013 5936 6012
f 5337 6014 6013
f 6014 5936 6013
f 5338 5937 6014
f 5937 5936 6014
f 5173 5993 6017
f 5993 5992 6017
f 5350 6015 5993
f 6015 5992 5993
f 5337 6013 6015
f 6013 5992 6015
f 5358 6017 6013
f 6017 5992 6013
f 5200 6010 5986
f 6010 5985 5986
f 5356 6018 6010
f 6018 5985 6010
f 5337 6015 6018
f 6015 5985 6018
f 5350 5986 6015
f 5986 5985 6015
f 5198 5947 6007
f 5947 5946 6007
f 5338 6014 5947
f 6014 5946 5947
f 5337 6018 6014
f 6018 5946 6014
f 5356 6007 6018
f 6007 5946 6018
f 5113 6021 6027
f 6021 6019 6027
f 5361 6023 6021
f 6023 6019 6021
f 5359 6025 6023
f 6025 6019 6023
f 5367 6027 6025
f 6027 6019 6025
f 5178 6029 6033
f 6029 6022 6033
f 5363 6031 6029
f 6031 6022 6029
f 5359 6023 6031
f 6023 6022 6031
f 5361 6033 6023
f 6033 6022 6023
f 5203 6035 6038
f 6035 6030 6038
f 5365 6036 6035
f 6036 6030 6035
f 5359 6031 6036
f 6031 6030 6036
f 5363 6038 6031
f 6038 6030 6031
f 5160 6040 6042
f 6040 6024 6042
f 5367 6025 6040
f 6025 6024 6040
f 5359 6036 6025
f 6036 6024 6025
f 5365 6042 6036
f 6042 6024 6036
f 5140 6045 6050
f 6045 6043 6050
f 5369 6047 6045
f 6047 6043 6045
f 5362 6048 6047
f 6048 6043 6047
f 5373 6050 6048
f 6050 6043 6048
f 5201 6052 6055
f 6052 6046 6055
f 5371 6053 6052
f 6053 6046 6052
f 5362 6047 6053
f 6047 6046 6053
f 5369 6055 6047
f 6055 6046 6047
f 5203 6038 6058
f 6038 6037 6058
f 5363 6056 6038
f 6056 6037 6038
f 5362 6053 6056
f 6053 6037 6056
f 5371 6058 6053
f 6058 6037 6053
f 5178 6060 6029
f 6060 6028 6029
f 5373 6048 6060
f 6048 6028 6060
f 5362 6056 6048
f 6056 6028 6048
f 5363 6029 6056
f 6029 6028 6056
f 5149 6061 6067
f 6061 6062 6067
f 5374 6064 6061
f 6064 6062 6061
f 5370 6065 6064
f 6065 6062 6064
f 5377 6067 6065
f 6067 6062 6065
f 5202 6069 6072
f 6069 6063 6072
f 5375 6070 6069
f 6070 6063 6069
f 5370 6064 6070
f 6064 6063 6070
f 5374 6072 6064
f 6072 6063 6064
f 5203 6058 6074
f 6058 6057 6074
f 5371 6073 6058
f 6073 6057 6058
f 5370 6070 6073
f 6070 6057 6073
f 5375 6074 6070
f 6074 6057 6070
f 5201 6076 6052
f 6076 6051 6052
f 5377 6065 6076
f 6065 6051 6076
f 5370 6073 6065
f 6073 6051 6065
f 5371 6052 6073
f 6052 6051 6073
f 5128 6079 6083
f 6079 6077 6083
f 5379 6080 6079
f 6080 6077 6079
f 5364 6081 6080
f 6081 6077 6080
f 5381 6083 6081
f 6083 6077 6081
f 5160 6042 6086
f 6042 6041 6086
f 5365 6084 6042
f 6084 6041 6042
f 5364 6080 6084
f 6080 6041 6084
f 5379 6086 6080
f 6086 6041 6080
f 5203 6074 6035
f 6074 6034 6035
f 5375 6087 6074
f 6087 6034 6074
f 5364 6084 6087
f 6084 6034 6087
f 5365 6035 6084
f 6035 6034 6084
f 5202 6089 6069
f 6089 6068 6069
f 5381 6081 6089
f 6081 6068 6089
f 5364 6087 6081
f 6087 6068 6081
f 5375 6069 6087
f 6069 6068 6087
f 5121 6092 6098
f 6092 6090 6098
f 5384 6094 6092
f 6094 6090 6092
f 5382 6096 6094
f 6096 6090 6094
f 5389 6098 6096
f 6098 6090 6096
f 5204 6100 6104
f 6100 6093 6104
f 5386 6102 6100
f 6102 6093 6100
f 5382 6094 6102
f 6094 6093 6102
f 5384 6104 6094
f 6104 6093 6094
f 5206 6106 6109
f 6106 6101 6109
f 5387 6107 6106
f 6107 6101 6106
f 5382 6102 6107
f 6102 6101 6107
f 5386 6109 6102
f 6109 6101 6102
f 5177 6111 6113
f 6111 6095 6113
f 5389 6096 6111
f 6096 6095 6111
f 5382 6107 6096
f 6107 6095 6096
f 5387 6113 6107
f 6113 6095 6107
f 5147 6114 6120
f 6114 6115 6120
f 5390 6117 6114
f 6117 6115 6114
f 5385 6118 6117
f 6118 6115 6117
f 5393 6120 6118
f 6120 6115 6118
f 5205 6122 6124
f 6122 6116 6124
f 5391 6123 6122
f 6123 6116 6122
f 5385 6117 6123
f 6117 6116 6123
f 5390 6124 6117
f 6124 6116 6117
f 5206 6109 6127
f 6109 6108 6127
f 5386 6125 6109
f 6125 6108 6109
f 5385 6123 6125
f 6123 6108 6125
f 5391 6127 6123
f 6127 6108 6123
f 5204 6129 6100
f 6129 6099 6100
f 5393 6118 6129
f 6118 6099 6129
f 5385 6125 6118
f 6125 6099 6118
f 5386 6100 6125
f 6100 6099 6125
f 5149 6067 6132
f 6067 6066 6132
f 5377 6130 6067
f 6130 6066 6067
f 5376 6131 6130
f 6131 6066 6130
f 5395 6132 6131
f 6132 6066 6131
f 5201 6133 6076
f 6133 6075 6076
f 5394 6134 6133
f 6134 6075 6133
f 5376 6130 6134
f 6130 6075 6134
f 5377 6076 6130
f 6076 6075 6130
f 5206 6127 6136
f 6127 6126 6136
f 5391 6135 6127
f 6135 6126 6127
f 5376 6134 6135
f 6134 6126 6135
f 5394 6136 6134
f 6136 6126 6134
f 5205 6137 6122
f 6137 6121 6122
f 5395 6131 6137
f 6131 6121 6137
f 5376 6135 6131
f 6135 6121 6131
f 5391 6122 6135
f 6122 6121 6135
f 5140 6139 6045
f 6139 6044 6045
f 5397 6140 6139
f 6140 6044 6139
f 5368 6141 6140
f 6141 6044 6140
f 5369 6045 6141
f 6045 6044 6141
f 5177 6113 6144
f 6113 6112 6144
f 5387 6142 6113
f 6142 6112 6113
f 5368 6140 6142
f 6140 6112 6142
f 5397 6144 6140
f 6144 6112 6140
f 5206 6136 6106
f 6136 6105 6106
f 5394 6145 6136
f 6145 6105 6136
f 5368 6142 6145
f 6142 6105 6145
f 5387 6106 6142
f 6106 6105 6142
f 5201 6055 6133
f 6055 6054 6133
f 5369 6141 6055
f 6141 6054 6055
f 5368 6145 6141
f 6145 6054 6141
f 5394 6133 6145
f 6133 6054 6145
f 5124 6148 6154
f 6148 6146 6154
f 5400 6150 6148
f 6150 6146 6148
f 5398 6152 6150
f 6152 6146 6150
f 5405 6154 6152
f 6154 6146 6152
f 5207 6156 6160
f 6156 6149 6160
f 5402 6158 6156
f 6158 6149 6156
f 5398 6150 6158
f 6150 6149 6158
f 5400 6160 6150
f 6160 6149 6150
f 5210 6161 6164
f 6161 6157 6164
f 5403 6162 6161
f 6162 6157 6161
f 5398 6158 6162
f 6158 6157 6162
f 5402 6164 6158
f 6164 6157 6158
f 5209 6166 6167
f 6166 6151 6167
f 5405 6152 6166
f 6152 6151 6166
f 5398 6162 6152
f 6162 6151 6152
f 5403 6167 6162
f 6167 6151 6162
f 5148 6170 6175
f 6170 6168 6175
f 5407 6172 6170
f 6172 6168 6170
f 5401 6173 6172
f 6173 6168 6172
f 5410 6175 6173
f 6175 6168 6173
f 5208 6176 6179
f 6176 6171 6179
f 5408 6177 6176
f 6177 6171 6176
f 5401 6172 6177
f 6172 6171 6177
f 5407 6179 6172
f 6179 6171 6172
f 5210 6164 6181
f 6164 6163 6181
f 5402 6180 6164
f 6180 6163 6164
f 5401 6177 6180
f 6177 6163 6180
f 5408 6181 6177
f 6181 6163 6177
f 5207 6183 6156
f 6183 6155 6156
f 5410 6173 6183
f 6173 6155 6183
f 5401 6180 6173
f 6180 6155 6173
f 5402 6156 6180
f 6156 6155 6180
f 5149 6132 6190
f 6132 6184 6190
f 5395 6186 6132
f 6186 6184 6132
f 5411 6188 6186
f 6188 6184 6186
f 5415 6190 6188
f 6190 6184 6188
f 5205 6192 6137
f 6192 6185 6137
f 5413 6194 6192
f 6194 6185 6192
f 5411 6186 6194
f 6186 6185 6194
f 5395 6137 6186
f 6137 6185 6186
f 5210 6181 6197
f 6181 6193 6197
f 5408 6195 6181
f 6195 6193 6181
f 5411 6194 6195
f 6194 6193 6195
f 5413 6197 6194
f 6197 6193 6194
f 5208 6199 6176
f 6199 6187 6176
f 5415 6188 6199
f 6188 6187 6199
f 5411 6195 6188
f 6195 6187 6188
f 5408 6176 6195
f 6176 6187 6195
f 5147 6202 6114
f 6202 6200 6114
f 5417 6204 6202
f 6204 6200 6202
f 5412 6205 6204
f 6205 6200 6204
f 5390 6114 6205
f 6114 6200 6205
f 5209 6167 6208
f 6167 6203 6208
f 5403 6206 6167
f 6206 6203 6167
f 5412 6204 6206
f 6204 6203 6206
f 5417 6208 6204
f 6208 6203 6204
f 5210 6197 6161
f 6197 6196 6161
f 5413 6209 6197
f 6209 6196 6197
f 5412 6206 6209
f 6206 6196 6209
f 5403 6161 6206
f 6161 6196 6206
f 5205 6124 6192
f 6124 6191 6192
f 5390 6205 6124
f 6205 6191 6124
f 5412 6209 6205
f 6209 6191 6205
f 5413 6192 6209
f 6192 6191 6209
f 5117 6212 6218
f 6212 6210 6218
f 5420 6214 6212
f 6214 6210 6212
f 5418 6216 6214
f 6216 6210 6214
f 5424 6218 6216
f 6218 6210 6216
f 5156 6220 6224
f 6220 6213 6224
f 5421 6222 6220
f 6222 6213 6220
f 5418 6214 6222
f 6214 6213 6222
f 5420 6224 6214
f 6224 6213 6214
f 5212 6226 6229
f 6226 6221 6229
f 5422 6227 6226
f 6227 6221 6226
f 5418 6222 6227
f 6222 6221 6227
f 5421 6229 6222
f 6229 6221 6222
f 5211 6231 6233
f 6231 6215 6233
f 5424 6216 6231
f 6216 6215 6231
f 5418 6227 6216
f 6227 6215 6216
f 5422 6233 6227
f 6233 6215 6227
f 5128 6083 6237
f 6083 6082 6237
f 5381 6234 6083
f 6234 6082 6083
f 5380 6235 6234
f 6235 6082 6234
f 5427 6237 6235
f 6237 6082 6235
f 5202 6238 6089
f 6238 6088 6089
f 5425 6239 6238
f 6239 6088 6238
f 5380 6234 6239
f 6234 6088 6239
f 5381 6089 6234
f 6089 6088 6234
f 5212 6229 6242
f 6229 6228 6242
f 5421 6240 6229
f 6240 6228 6229
f 5380 6239 6240
f 6239 6228 6240
f 5425 6242 6239
f 6242 6228 6239
f 5156 6244 6220
f 6244 6219 6220
f 5427 6235 6244
f 6235 6219 6244
f 5380 6240 6235
f 6240 6219 6235
f 5421 6220 6240
f 6220 6219 6240
f 5149 6190 6061
f 6190 6189 6061
f 5415 6245 6190
f 6245 6189 6190
f 5414 6246 6245
f 6246 6189 6245
f 6061 6189 5374
f 5374 6189 6246
f 5208 6247 6199
f 6247 6198 6199
f 6198 6247 6248
f 5428 6248 6247
f 5414 6245 6248
f 6245 6198 6248
f 5415 6199 6245
f 6199 6198 6245
f 5212 6242 6250
f 6242 6241 6250
f 6249 6241 5425
f 5425 6241 6242
f 5414 6248 6249
f 6248 6241 6249
f 5428 6250 6248
f 6250 6241 6248
f 5202 6072 6238
f 6072 6071 6238
f 5374 6246 6072
f 6246 6071 6072
f 5414 6249 6246
f 6249 6071 6246
f 6071 6249 6238
f 5425 6238 6249
f 5148 6252 6170
f 6252 6169 6170
f 5430 6253 6252
f 6253 6169 6252
f 5406 6254 6253
f 6254 6169 6253
f 5407 6170 6254
f 6170 6169 6254
f 5211 6233 6257
f 6233 6232 6257
f 5422 6255 6233
f 6255 6232 6233
f 5406 6253 6255
f 6253 6232 6255
f 5430 6257 6253
f 6257 6232 6253
f 5212 6250 6226
f 6250 6225 6226
f 5428 6258 6250
f 6258 6225 6250
f 5406 6255 6258
f 6255 6225 6258
f 5422 6226 6255
f 6226 6225 6255
f 5208 6179 6247
f 6179 6178 6247
f 5407 6254 6179
f 6254 6178 6179
f 5406 6258 6254
f 6258 6178 6254
f 5428 6247 6258
f 6247 6178 6258
f 5120 6261 6267
f 6261 6259 6267
f 5433 6263 6261
f 6263 6259 6261
f 5431 6265 6263
f 6265 6259 6263
f 5439 6267 6265
f 6267 6259 6265
f 5213 6269 6273
f 6269 6262 6273
f 5435 6271 6269
f 6271 6262 6269
f 5431 6263 6271
f 6263 6262 6271
f 5433 6273 6263
f 6273 6262 6263
f 5216 6275 6278
f 6275 6270 6278
f 5437 6276 6275
f 6276 6270 6275
f 5431 6271 6276
f 6271 6270 6276
f 5435 6278 6271
f 6278 6270 6271
f 5163 6280 6282
f 6280 6264 6282
f 5439 6265 6280
f 6265 6264 6280
f 5431 6276 6265
f 6276 6264 6265
f 5437 6282 6276
f 6282 6264 6276
f 5150 6285 6290
f 6285 6283 6290
f 5441 6287 6285
f 6287 6283 6285
f 5434 6288 6287
f 6288 6283 6287
f 5444 6290 6288
f 6290 6283 6288
f 5214 6291 6294
f 6291 6286 6294
f 5442 6292 6291
f 6292 6286 6291
f 5434 6287 6292
f 6287 6286 6292
f 5441 6294 6287
f 6294 6286 6287
f 5216 6278 6297
f 6278 6277 6297
f 5435 6295 6278
f 6295 6277 6278
f 5434 6292 6295
f 6292 6277 6295
f 5442 6297 6292
f 6297 6277 6292
f 5213 6299 6269
f 6299 6268 6269
f 5444 6288 6299
f 6288 6268 6299
f 5434 6295 6288
f 6295 6268 6288
f 5435 6269 6295
f 6269 6268 6295
f 5151 6300 6307
f 6300 6301 6307
f 6301 6300 6303
f 5445 6303 6300
f 5446 6305 6303
f 6305 6301 6303
f 5449 6307 6305
f 6307 6301 6305
f 5215 6309 6312
f 6309 6302 6312
f 6310 6302 5447
f 5447 6302 6309
f 5446 6303 6310
f 6303 6302 6310
f 5445 6312 6303
f 6312 6302 6303
f 5216 6297 6314
f 6297 6296 6314
f 5442 6313 6297
f 6313 6296 6297
f 5446 6310 6313
f 6310 6296 6313
f 6296 6310 6314
f 5447 6314 6310
f 5214 6316 6291
f 6316 6304 6291
f 5449 6305 6316
f 6305 6304 6316
f 5446 6313 6305
f 6313 6304 6305
f 6291 6304 5442
f 5442 6304 6313
f 5131 6319 6323
f 6319 6317 6323
f 5451 6320 6319
f 6320 6317 6319
f 5436 6321 6320
f 6321 6317 6320
f 5453 6323 6321
f 6323 6317 6321
f 5163 6282 6326
f 6282 6281 6326
f 5437 6324 6282
f 6324 6281 6282
f 5436 6320 6324
f 6320 6281 6324
f 5451 6326 6320
f 6326 6281 6320
f 5216 6314 6275
f 6314 6274 6275
f 5447 6327 6314
f 6327 6274 6314
f 5436 6324 6327
f 6324 6274 6327
f 5437 6275 6324
f 6275 6274 6324
f 5215 6329 6309
f 6329 6308 6309
f 5453 6321 6329
f 6321 6308 6329
f 5436 6327 6321
f 6327 6308 6321
f 5447 6309 6327
f 6309 6308 6327
f 5124 6154 6334
f 6154 6153 6334
f 5405 6330 6154
f 6330 6153 6154
f 5404 6332 6330
f 6332 6153 6330
f 5457 6334 6332
f 6334 6153 6332
f 5209 6335 6166
f 6335 6165 6166
f 5454 6337 6335
f 6337 6165 6335
f 5404 6330 6337
f 6330 6165 6337
f 5405 6166 6330
f 6166 6165 6330
f 5219 6339 6341
f 6339 6336 6341
f 5455 6340 6339
f 6340 6336 6339
f 5404 6337 6340
f 6337 6336 6340
f 5454 6341 6337
f 6341 6336 6337
f 5218 6343 6345
f 6343 6331 6345
f 5457 6332 6343
f 6332 6331 6343
f 5404 6340 6332
f 6340 6331 6332
f 5455 6345 6340
f 6345 6331 6340
f 5147 6346 6202
f 6346 6201 6202
f 5458 6348 6346
f 6348 6201 6346
f 5416 6349 6348
f 6349 6201 6348
f 5417 6202 6349
f 6202 6201 6349
f 5217 6351 6354
f 6351 6347 6354
f 5459 6353 6351
f 6353 6347 6351
f 5416 6348 6353
f 6348 6347 6353
f 5458 6354 6348
f 6354 6347 6348
f 5219 6341 6357
f 6341 6352 6357
f 5454 6355 6341
f 6355 6352 6341
f 5416 6353 6355
f 6353 6352 6355
f 5459 6357 6353
f 6357 6352 6353
f 5209 6208 6335
f 6208 6207 6335
f 5417 6349 6208
f 6349 6207 6208
f 5416 6355 6349
f 6355 6207 6349
f 5454 6335 6355
f 6335 6207 6355
f 5151 6307 6360
f 6307 6306 6360
f 5449 6358 6307
f 6358 6306 6307
f 5448 6359 6358
f 6359 6306 6358
f 5461 6360 6359
f 6360 6306 6359
f 5214 6361 6316
f 6361 6315 6316
f 5460 6362 6361
f 6362 6315 6361
f 5448 6358 6362
f 6358 6315 6362
f 5449 6316 6358
f 6316 6315 6358
f 5219 6357 6364
f 6357 6356 6364
f 5459 6363 6357
f 6363 6356 6357
f 5448 6362 6363
f 6362 6356 6363
f 5460 6364 6362
f 6364 6356 6362
f 5217 6365 6351
f 6365 6350 6351
f 5461 6359 6365
f 6359 6350 6365
f 5448 6363 6359
f 6363 6350 6359
f 5459 6351 6363
f 6351 6350 6363
f 5150 6367 6285
f 6367 6284 6285
f 5463 6368 6367
f 6368 6284 6367
f 5440 6369 6368
f 6369 6284 6368
f 5441 6285 6369
f 6285 6284 6369
f 5218 6345 6372
f 6345 6344 6372
f 5455 6370 6345
f 6370 6344 6345
f 5440 6368 6370
f 6368 6344 6370
f 5463 6372 6368
f 6372 6344 6368
f 5219 6364 6339
f 6364 6338 6339
f 5460 6373 6364
f 6373 6338 6364
f 5440 6370 6373
f 6370 6338 6373
f 5455 6339 6370
f 6339 6338 6370
f 5214 6294 6361
f 6294 6293 6361
f 5441 6369 6294
f 6369 6293 6294
f 5440 6373 6369
f 6373 6293 6369
f 5460 6361 6373
f 6361 6293 6373
f 5121 6375 6092
f 6375 6091 6092
f 5465 6377 6375
f 6377 6091 6375
f 5383 6378 6377
f 6378 6091 6377
f 5384 6092 6378
f 6092 6091 6378
f 5171 6380 6384
f 6380 6376 6384
f 5467 6382 6380
f 6382 6376 6380
f 5383 6377 6382
f 6377 6376 6382
f 5465 6384 6377
f 6384 6376 6377
f 5221 6386 6389
f 6386 6381 6389
f 5468 6387 6386
f 6387 6381 6386
f 5383 6382 6387
f 6382 6381 6387
f 5467 6389 6382
f 6389 6381 6382
f 5204 6104 6390
f 6104 6103 6390
f 5384 6378 6104
f 6378 6103 6104
f 5383 6387 6378
f 6387 6103 6378
f 5468 6390 6387
f 6390 6103 6387
f 5135 6393 6398
f 6393 6391 6398
f 5470 6395 6393
f 6395 6391 6393
f 5466 6396 6395
f 6396 6391 6395
f 5474 6398 6396
f 6398 6391 6396
f 5220 6400 6403
f 6400 6394 6403
f 5472 6401 6400
f 6401 6394 6400
f 5466 6395 6401
f 6395 6394 6401
f 5470 6403 6395
f 6403 6394 6395
f 5221 6389 6406
f 6389 6388 6406
f 5467 6404 6389
f 6404 6388 6389
f 5466 6401 6404
f 6401 6388 6404
f 5472 6406 6401
f 6406 6388 6401
f 5171 6408 6380
f 6408 6379 6380
f 5474 6396 6408
f 6396 6379 6408
f 5466 6404 6396
f 6404 6379 6396
f 5467 6380 6404
f 6380 6379 6404
f 5151 6360 6414
f 6360 6409 6414
f 5461 6411 6360
f 6411 6409 6360
f 5471 6412 6411
f 6412 6409 6411
f 5477 6414 6412
f 6414 6409 6412
f 5217 6416 6365
f 6416 6410 6365
f 5475 6417 6416
f 6417 6410 6416
f 5471 6411 6417
f 6411 6410 6417
f 5461 6365 6411
f 6365 6410 6411
f 5221 6406 6419
f 6406 6405 6419
f 5472 6418 6406
f 6418 6405 6406
f 5471 6417 6418
f 6417 6405 6418
f 5475 6419 6417
f 6419 6405 6417
f 5220 6421 6400
f 6421 6399 6400
f 5477 6412 6421
f 6412 6399 6421
f 5471 6418 6412
f 6418 6399 6412
f 5472 6400 6418
f 6400 6399 6418
f 5147 6120 6346
f 6120 6119 6346
f 5393 6422 6120
f 6422 6119 6120
f 5392 6423 6422
f 6423 6119 6422
f 5458 6346 6423
f 6346 6119 6423
f 5204 6390 6129
f 6390 6128 6129
f 5468 6424 6390
f 6424 6128 6390
f 5392 6422 6424
f 6422 6128 6424
f 5393 6129 6422
f 6129 6128 6422
f 5221 6419 6386
f 6419 6385 6386
f 5475 6425 6419
f 6425 6385 6419
f 5392 6424 6425
f 6424 6385 6425
f 5468 6386 6424
f 6386 6385 6424
f 5217 6354 6416
f 6354 6415 6416
f 5458 6423 6354
f 6423 6415 6354
f 5392 6425 6423
f 6425 6415 6423
f 5475 6416 6425
f 6416 6415 6425
f 5116 6428 6434
f 6428 6426 6434
f 5480 6430 6428
f 6430 6426 6428
f 5478 6432 6430
f 6432 6426 6430
f 5484 6434 6432
f 6434 6426 6432
f 5165 6436 6440
f 6436 6429 6440
f 5481 6438 6436
f 6438 6429 6436
f 5478 6430 6438
f 6430 6429 6438
f 5480 6440 6430
f 6440 6429 6430
f 5222 6442 6445
f 6442 6437 6445
f 5482 6443 6442
f 6443 6437 6442
f 5478 6438 6443
f 6438 6437 6443
f 5481 6445 6438
f 6445 6437 6438
f 5169 6447 6449
f 6447 6431 6449
f 5484 6432 6447
f 6432 6431 6447
f 5478 6443 6432
f 6443 6431 6432
f 5482 6449 6443
f 6449 6431 6443
f 5131 6323 6453
f 6323 6322 6453
f 5453 6450 6323
f 6450 6322 6323
f 5452 6451 6450
f 6451 6322 6450
f 5487 6453 6451
f 6453 6322 6451
f 5215 6454 6329
f 6454 6328 6329
f 5485 6455 6454
f 6455 6328 6454
f 5452 6450 6455
f 6450 6328 6455
f 5453 6329 6450
f 6329 6328 6450
f 5222 6445 6458
f 6445 6444 6458
f 5481 6456 6445
f 6456 6444 6445
f 5452 6455 6456
f 6455 6444 6456
f 5485 6458 6455
f 6458 6444 6455
f 5165 6460 6436
f 6460 6435 6436
f 5487 6451 6460
f 6451 6435 6460
f 5452 6456 6451
f 6456 6435 6451
f 5481 6436 6456
f 6436 6435 6456
f 5151 6414 6300
f 6414 6413 6300
f 5477 6461 6414
f 6461 6413 6414
f 5476 6462 6461
f 6462 6413 6461
f 5445 6300 6462
f 6300 6413 6462
f 5220 6463 6421
f 6463 6420 6421
f 5488 6464 6463
f 6464 6420 6463
f 5476 6461 6464
f 6461 6420 6464
f 5477 6421 6461
f 6421 6420 6461
f 5222 6458 6466
f 6458 6457 6466
f 5485 6465 6458
f 6465 6457 6458
f 5476 6464 6465
f 6464 6457 6465
f 5488 6466 6464
f 6466 6457 6464
f 5215 6312 6454
f 6312 6311 6454
f 5445 6462 6312
f 6462 6311 6312
f 5476 6465 6462
f 6465 6311 6462
f 5485 6454 6465
f 6454 6311 6465
f 5135 6468 6393
f 6468 6392 6393
f 5490 6469 6468
f 6469 6392 6468
f 5469 6470 6469
f 6470 6392 6469
f 5470 6393 6470
f 6393 6392 6470
f 5169 6449 6473
f 6449 6448 6473
f 5482 6471 6449
f 6471 6448 6449
f 5469 6469 6471
f 6469 6448 6471
f 5490 6473 6469
f 6473 6448 6469
f 5222 6466 6442
f 6466 6441 6442
f 5488 6474 6466
f 6474 6441 6466
f 5469 6471 6474
f 6471 6441 6474
f 5482 6442 6471
f 6442 6441 6471
f 5220 6403 6463
f 6403 6402 6463
f 5470 6470 6403
f 6470 6402 6403
f 5469 6474 6470
f 6474 6402 6470
f 5488 6463 6474
f 6463 6402 6474
f 5122 5642 6478
f 5642 5641 6478
f 5257 6475 5642
f 6475 5641 5642
f 5256 6477 6475
f 6477 5641 6475
f 5493 6478 6477
f 6478 5641 6477
f 5172 6479 5655
f 6479 5654 5655
f 5491 6481 6479
f 6481 5654 6479
f 5256 6475 6481
f 6475 5654 6481
f 5257 5655 6475
f 5655 5654 6475
f 5170 6483 6486
f 6483 6480 6486
f 5492 6484 6483
f 6484 6480 6483
f 5256 6481 6484
f 6481 6480 6484
f 5491 6486 6481
f 6486 6480 6481
f 5136 6488 6490
f 6488 6476 6490
f 5493 6477 6488
f 6477 6476 6488
f 5256 6484 6477
f 6484 6476 6477
f 5492 6490 6484
f 6490 6476 6484
f 5134 6493 6498
f 6493 6491 6498
f 5494 6494 6493
f 6494 6491 6493
f 5294 6496 6494
f 6496 6491 6494
f 5496 6498 6496
f 6498 6491 6496
f 5133 5781 6500
f 5781 5780 6500
f 5295 6499 5781
f 6499 5780 5781
f 5294 6494 6499
f 6494 5780 6499
f 5494 6500 6494
f 6500 5780 6494
f 5162 6501 5788
f 6501 5787 5788
f 5495 6502 6501
f 6502 5787 6501
f 5294 6499 6502
f 6499 5787 6502
f 5295 5788 6499
f 5788 5787 6499
f 5161 6504 6506
f 6504 6495 6506
f 5496 6496 6504
f 6496 6495 6504
f 5294 6502 6496
f 6502 6495 6496
f 5495 6506 6502
f 6506 6495 6502
f 5119 6507 5756
f 6507 5755 5756
f 5497 6509 6507
f 6509 5755 6507
f 5287 6510 6509
f 6510 5755 6509
f 5288 5756 6510
f 5756 5755 6510
f 5130 6512 6515
f 6512 6508 6515
f 5498 6513 6512
f 6513 6508 6512
f 5287 6509 6513
f 6509 6508 6513
f 5497 6515 6509
f 6515 6508 6509
f 5161 6506 6518
f 6506 6505 6518
f 5495 6516 6506
f 6516 6505 6506
f 5287 6513 6516
f 6513 6505 6516
f 5498 6518 6513
f 6518 6505 6513
f 5162 5768 6501
f 5768 5767 6501
f 5288 6510 5768
f 6510 5767 5768
f 5287 6516 6510
f 6516 5767 6510
f 5495 6501 6516
f 6501 5767 6516
f 5115 5571 6522
f 5571 5570 6522
f 5235 6519 5571
f 6519 5570 5571
f 5234 6521 6519
f 6521 5570 6519
f 5501 6522 6521
f 6522 5570 6521
f 5166 6523 5584
f 6523 5583 5584
f 5499 6525 6523
f 6525 5583 6523
f 5234 6519 6525
f 6519 5583 6525
f 5235 5584 6519
f 5584 5583 6519
f 5164 6527 6530
f 6527 6524 6530
f 5500 6528 6527
f 6528 6524 6527
f 5234 6525 6528
f 6525 6524 6528
f 5499 6530 6525
f 6530 6524 6525
f 5132 6532 6534
f 6532 6520 6534
f 5501 6521 6532
f 6521 6520 6532
f 5234 6528 6521
f 6528 6520 6521
f 5500 6534 6528
f 6534 6520 6528
f 5123 6535 5692
f 6535 5691 5692
f 5502 6537 6535
f 6537 5691 6535
f 5267 6538 6537
f 6538 5691 6537
f 5268 5692 6538
f 5692 5691 6538
f 5152 6540 6544
f 6540 6536 6544
f 5503 6542 6540
f 6542 6536 6540
f 5267 6537 6542
f 6537 6536 6542
f 5502 6544 6537
f 6544 6536 6537
f 5224 6546 6549
f 6546 6541 6549
f 5504 6547 6546
f 6547 6541 6546
f 5267 6542 6547
f 6542 6541 6547
f 5503 6549 6542
f 6549 6541 6542
f 5185 5704 6550
f 5704 5703 6550
f 5268 6538 5704
f 6538 5703 5704
f 5267 6547 6538
f 6547 5703 6538
f 5504 6550 6547
f 6550 5703 6547
f 5173 6551 5991
f 6551 5990 5991
f 5505 6553 6551
f 6553 5990 6551
f 5351 6554 6553
f 6554 5990 6553
f 5352 5991 6554
f 5991 5990 6554
f 5174 6556 6560
f 6556 6552 6560
f 5506 6558 6556
f 6558 6552 6556
f 5351 6553 6558
f 6553 6552 6558
f 5505 6560 6553
f 6560 6552 6553
f 5127 6562 6565
f 6562 6557 6565
f 5507 6563 6562
f 6563 6557 6562
f 5351 6558 6563
f 6558 6557 6563
f 5506 6565 6558
f 6565 6557 6558
f 5114 5978 6566
f 5978 5977 6566
f 5352 6554 5978
f 6554 5977 5978
f 5351 6563 6554
f 6563 5977 6554
f 5507 6566 6563
f 6566 5977 6563
f 5154 6569 6574
f 6569 6567 6574
f 5508 6570 6569
f 6570 6567 6569
f 5311 6572 6570
f 6572 6567 6570
f 5510 6574 6572
f 6574 6567 6572
f 5145 5834 6576
f 5834 5833 6576
f 5312 6575 5834
f 6575 5833 5834
f 5311 6570 6575
f 6570 5833 6575
f 5508 6576 6570
f 6576 5833 6570
f 5191 6577 5843
f 6577 5842 5843
f 5509 6578 6577
f 6578 5842 6577
f 5311 6575 6578
f 6575 5842 6578
f 5312 5843 6575
f 5843 5842 6575
f 5225 6580 6582
f 6580 6571 6582
f 5510 6572 6580
f 6572 6571 6580
f 5311 6578 6572
f 6578 6571 6572
f 5509 6582 6578
f 6582 6571 6578
f 5226 6585 6589
f 6585 6583 6589
f 5511 6586 6585
f 6586 6583 6585
f 5330 6587 6586
f 6587 6583 6586
f 5512 6589 6587
f 6589 6583 6587
f 5196 5916 6591
f 5916 5915 6591
f 5331 6590 5916
f 6590 5915 5916
f 5330 6586 6590
f 6586 5915 6590
f 5511 6591 6586
f 6591 5915 6586
f 5145 6576 5911
f 6576 5910 5911
f 5508 6592 6576
f 6592 5910 6576
f 5330 6590 6592
f 6590 5910 6592
f 5331 5911 6590
f 5911 5910 6590
f 5154 6594 6569
f 6594 6568 6569
f 5512 6587 6594
f 6587 6568 6594
f 5330 6592 6587
f 6592 6568 6587
f 5508 6569 6592
f 6569 6568 6592
f 5185 6550 5727
f 6550 5726 5727
f 5504 6595 6550
f 6595 5726 6550
f 5277 6596 6595
f 6596 5726 6595
f 5278 5727 6596
f 5727 5726 6596
f 5224 6598 6546
f 6598 6545 6546
f 5513 6600 6598
f 6600 6545 6598
f 5277 6595 6600
f 6595 6545 6600
f 5504 6546 6595
f 6546 6545 6595
f 5153 6602 6605
f 6602 6599 6605
f 5514 6603 6602
f 6603 6599 6602
f 5277 6600 6603
f 6600 6599 6603
f 5513 6605 6600
f 6605 6599 6600
f 5143 5719 6606
f 5719 5718 6606
f 5278 6596 5719
f 6596 5718 5719
f 5277 6603 6596
f 6603 5718 6596
f 5514 6606 6603
f 6606 5718 6603
f 5143 6606 5796
f 6606 5795 5796
f 5514 6607 6606
f 6607 5795 6606
f 5297 6608 6607
f 6608 5795 6607
f 5298 5796 6608
f 5796 5795 6608
f 5153 6610 6602
f 6610 6601 6602
f 5515 6612 6610
f 6612 6601 6610
f 5297 6607 6612
f 6607 6601 6612
f 5514 6602 6607
f 6602 6601 6607
f 5223 6614 6617
f 6614 6611 6617
f 5516 6615 6614
f 6615 6611 6614
f 5297 6612 6615
f 6612 6611 6615
f 5515 6617 6612
f 6617 6611 6612
f 5189 5801 6618
f 5801 5800 6618
f 5298 6608 5801
f 6608 5800 5801
f 5297 6615 6608
f 6615 5800 6608
f 5516 6618 6615
f 6618 5800 6615
f 5170 6486 6623
f 6486 6485 6623
f 5491 6619 6486
f 6619 6485 6486
f 5264 6621 6619
f 6621 6485 6619
f 5518 6623 6621
f 6623 6485 6621
f 5172 5688 6479
f 5688 5687 6479
f 5265 6624 5688
f 6624 5687 5688
f 5264 6619 6624
f 6619 5687 6624
f 5491 6479 6619
f 6479 5687 6619
f 5137 6625 5683
f 6625 5682 5683
f 5517 6626 6625
f 6626 5682 6625
f 5264 6624 6626
f 6624 5682 6626
f 5265 5683 6624
f 5683 5682 6624
f 5138 6628 6630
f 6628 6620 6630
f 5518 6621 6628
f 6621 6620 6628
f 5264 6626 6621
f 6626 6620 6621
f 5517 6630 6626
f 6630 6620 6626
f 5225 6582 6635
f 6582 6581 6635
f 5509 6631 6582
f 6631 6581 6582
f 5300 6633 6631
f 6633 6581 6631
f 5520 6635 6633
f 6635 6581 6633
f 5191 5817 6577
f 5817 5816 6577
f 5301 6636 5817
f 6636 5816 5817
f 5300 6631 6636
f 6631 5816 6636
f 5509 6577 6631
f 6577 5816 6631
f 5118 6637 5805
f 6637 5804 5805
f 5519 6638 6637
f 6638 5804 6637
f 5300 6636 6638
f 6636 5804 6638
f 5301 5805 6636
f 5805 5804 6636
f 5125 6640 6642
f 6640 6632 6642
f 5520 6633 6640
f 6633 6632 6640
f 5300 6638 6633
f 6638 6632 6633
f 5519 6642 6638
f 6642 6632 6638
f 5133 6500 5623
f 6500 5622 5623
f 5494 6643 6500
f 6643 5622 6500
f 5246 6644 6643
f 6644 5622 6643
f 5247 5623 6644
f 5623 5622 6644
f 5134 6646 6493
f 6646 6492 6493
f 5521 6647 6646
f 6647 6492 6646
f 5246 6643 6647
f 6643 6492 6647
f 5494 6493 6643
f 6493 6492 6643
f 5164 6530 6650
f 6530 6529 6650
f 5499 6648 6530
f 6648 6529 6530
f 5246 6647 6648
f 6647 6529 6648
f 5521 6650 6647
f 6650 6529 6647
f 5166 5630 6523
f 5630 5629 6523
f 5247 6644 5630
f 6644 5629 5630
f 5246 6648 6644
f 6648 5629 6644
f 5499 6523 6648
f 6523 5629 6648
f 5176 6651 5952
f 6651 5951 5952
f 5522 6653 6651
f 6653 5951 6651
f 5341 6654 6653
f 6654 5951 6653
f 5342 5952 6654
f 5952 5951 6654
f 5175 6656 6660
f 6656 6652 6660
f 5523 6658 6656
f 6658 6652 6656
f 5341 6653 6658
f 6653 6652 6658
f 5522 6660 6653
f 6660 6652 6653
f 5141 6662 6665
f 6662 6657 6665
f 5524 6663 6662
f 6663 6657 6662
f 5341 6658 6663
f 6658 6657 6663
f 5523 6665 6658
f 6665 6657 6658
f 5139 5942 6666
f 5942 5941 6666
f 5342 6654 5942
f 6654 5941 5942
f 5341 6663 6654
f 6663 5941 6654
f 5524 6666 6663
f 6666 5941 6663
f 5127 6668 6562
f 6668 6561 6562
f 5525 6670 6668
f 6670 6561 6668
f 5347 6671 6670
f 6671 6561 6670
f 5507 6562 6671
f 6562 6561 6671
f 5158 6673 6676
f 6673 6669 6676
f 5526 6674 6673
f 6674 6669 6673
f 5347 6670 6674
f 6670 6669 6674
f 5525 6676 6670
f 6676 6669 6670
f 5159 5984 6678
f 5984 5983 6678
f 5348 6677 5984
f 6677 5983 5984
f 5347 6674 6677
f 6674 5983 6677
f 5526 6678 6674
f 6678 5983 6674
f 5114 6566 5972
f 6566 5971 5972
f 5507 6671 6566
f 6671 5971 6566
f 5347 6677 6671
f 6677 5971 6671
f 5348 5972 6677
f 5972 5971 6677
f 5122 6478 5919
f 6478 5918 5919
f 5493 6679 6478
f 6679 5918 6478
f 5332 6680 6679
f 6680 5918 6679
f 5333 5919 6680
f 5919 5918 6680
f 5136 6682 6488
f 6682 6487 6488
f 5527 6683 6682
f 6683 6487 6682
f 5332 6679 6683
f 6679 6487 6683
f 5493 6488 6679
f 6488 6487 6679
f 5175 6660 6686
f 6660 6659 6686
f 5522 6684 6660
f 6684 6659 6660
f 5332 6683 6684
f 6683 6659 6684
f 5527 6686 6683
f 6686 6659 6683
f 5176 5928 6651
f 5928 5927 6651
f 5333 6680 5928
f 6680 5927 5928
f 5332 6684 6680
f 6684 5927 6680
f 5522 6651 6684
f 6651 5927 6684
f 5139 6666 6012
f 6666 6011 6012
f 5524 6687 6666
f 6687 6011 6666
f 5357 6688 6687
f 6688 6011 6687
f 5358 6012 6688
f 6012 6011 6688
f 5141 6690 6662
f 6690 6661 6662
f 5528 6691 6690
f 6691 6661 6690
f 5357 6687 6691
f 6687 6661 6691
f 5524 6662 6687
f 6662 6661 6687
f 5174 6560 6694
f 6560 6559 6694
f 5505 6692 6560
f 6692 6559 6560
f 5357 6691 6692
f 6691 6559 6692
f 5528 6694 6691
f 6694 6559 6691
f 5173 6017 6551
f 6017 6016 6551
f 5358 6688 6017
f 6688 6016 6017
f 5357 6692 6688
f 6692 6016 6688
f 5505 6551 6692
f 6551 6016 6692
f 5123 5878 6535
f 5878 5877 6535
f 5325 6695 5878
f 6695 5877 5878
f 5324 6696 6695
f 6696 5877 6695
f 5502 6535 6696
f 6535 5877 6696
f 5196 6591 5887
f 6591 5886 5887
f 5511 6697 6591
f 6697 5886 6591
f 5324 6695 6697
f 6695 5886 6697
f 5325 5887 6695
f 5887 5886 6695
f 5226 6699 6585
f 6699 6584 6585
f 5529 6700 6699
f 6700 6584 6699
f 5324 6697 6700
f 6697 6584 6700
f 5511 6585 6697
f 6585 6584 6697
f 5152 6544 6702
f 6544 6543 6702
f 5502 6696 6544
f 6696 6543 6544
f 5324 6700 6696
f 6700 6543 6696
f 5529 6702 6700
f 6702 6543 6700
f 5189 6618 5775
f 6618 5774 5775
f 5516 6703 6618
f 6703 5774 6618
f 5291 6704 6703
f 6704 5774 6703
f 5292 5775 6704
f 5775 5774 6704
f 5223 6706 6614
f 6706 6613 6614
f 5530 6707 6706
f 6707 6613 6706
f 5291 6703 6707
f 6703 6613 6707
f 5516 6614 6703
f 6614 6613 6703
f 5130 6515 6710
f 6515 6514 6710
f 5497 6708 6515
f 6708 6514 6515
f 5291 6707 6708
f 6707 6514 6708
f 5530 6710 6707
f 6710 6514 6707
f 5119 5762 6507
f 5762 5761 6507
f 5292 6704 5762
f 6704 5761 5762
f 5291 6708 6704
f 6708 5761 6704
f 5497 6507 6708
f 6507 5761 6708
f 5129 6713 6717
f 6713 6711 6717
f 5531 6714 6713
f 6714 6711 6713
f 5354 6715 6714
f 6715 6711 6714
f 5532 6717 6715
f 6717 6711 6715
f 5126 5997 6719
f 5997 5996 6719
f 5355 6718 5997
f 6718 5996 5997
f 5354 6714 6718
f 6714 5996 6718
f 5531 6719 6714
f 6719 5996 6714
f 5159 6678 6004
f 6678 6003 6004
f 5526 6720 6678
f 6720 6003 6678
f 5354 6718 6720
f 6718 6003 6720
f 5355 6004 6718
f 6004 6003 6718
f 5158 6722 6673
f 6722 6672 6673
f 5532 6715 6722
f 6715 6672 6722
f 5354 6720 6715
f 6720 6672 6715
f 5526 6673 6720
f 6673 6672 6720
f 5138 6630 6727
f 6630 6629 6727
f 5517 6723 6630
f 6723 6629 6630
f 5240 6725 6723
f 6725 6629 6723
f 5534 6727 6725
f 6727 6629 6725
f 5137 5594 6625
f 5594 5593 6625
f 5241 6728 5594
f 6728 5593 5594
f 5240 6723 6728
f 6723 5593 6728
f 5517 6625 6723
f 6625 5593 6723
f 5168 6729 5604
f 6729 5603 5604
f 5533 6730 6729
f 6730 5603 6729
f 5240 6728 6730
f 6728 5603 6730
f 5241 5604 6728
f 5604 5603 6728
f 5167 6732 6734
f 6732 6724 6734
f 5534 6725 6732
f 6725 6724 6732
f 5240 6730 6725
f 6730 6724 6725
f 5533 6734 6730
f 6734 6724 6730
f 5155 6737 6741
f 6737 6735 6741
f 5535 6738 6737
f 6738 6735 6737
f 5306 6739 6738
f 6739 6735 6738
f 5536 6741 6739
f 6741 6735 6739
f 5125 6642 6744
f 6642 6641 6744
f 5519 6742 6642
f 6742 6641 6642
f 5306 6738 6742
f 6738 6641 6742
f 5535 6744 6738
f 6744 6641 6738
f 5118 5811 6637
f 5811 5810 6637
f 5307 6745 5811
f 6745 5810 5811
f 5306 6742 6745
f 6742 5810 6745
f 5519 6637 6742
f 6637 5810 6742
f 5157 6746 5824
f 6746 5823 5824
f 5536 6739 6746
f 6739 5823 6746
f 5306 6745 6739
f 6745 5823 6739
f 5307 5824 6745
f 5824 5823 6745
f 5167 6734 6750
f 6734 6733 6750
f 5533 6747 6734
f 6747 6733 6734
f 5228 6748 6747
f 6748 6733 6747
f 5537 6750 6748
f 6750 6733 6748
f 5168 5577 6729
f 5577 5576 6729
f 5229 6751 5577
f 6751 5576 5577
f 5228 6747 6751
f 6747 5576 6751
f 5533 6729 6747
f 6729 5576 6747
f 5115 6522 5565
f 6522 5564 5565
f 5501 6752 6522
f 6752 5564 6522
f 5228 6751 6752
f 6751 5564 6752
f 5229 5565 6751
f 5565 5564 6751
f 5132 6754 6532
f 6754 6531 6532
f 5537 6748 6754
f 6748 6531 6754
f 5228 6752 6748
f 6752 6531 6748
f 5501 6532 6752
f 6532 6531 6752
f 5129 6756 6713
f 6756 6712 6713
f 5538 6757 6756
f 6757 6712 6756
f 5318 6758 6757
f 6758 6712 6757
f 5531 6713 6758
f 6713 6712 6758
f 5155 6741 6761
f 6741 6740 6761
f 5536 6759 6741
f 6759 6740 6741
f 5318 6757 6759
f 6757 6740 6759
f 5538 6761 6757
f 6761 6740 6757
f 5157 5870 6746
f 5870 5869 6746
f 5319 6762 5870
f 6762 5869 5870
f 5318 6759 6762
f 6759 5869 6762
f 5536 6746 6759
f 6746 5869 6759
f 5126 6719 5863
f 6719 5862 5863
f 5531 6758 6719
f 6758 5862 6719
f 5318 6762 6758
f 6762 5862 6758
f 5319 5863 6762
f 5863 5862 6762
f 5211 6763 6231
f 6763 6230 6231
f 5539 6764 6763
f 6764 6230 6763
f 5423 6765 6764
f 6765 6230 6764
f 5424 6231 6765
f 6231 6230 6765
f 5225 6635 6767
f 6635 6634 6767
f 5520 6766 6635
f 6766 6634 6635
f 5423 6764 6766
f 6764 6634 6766
f 5539 6767 6764
f 6767 6634 6764
f 5125 6768 6640
f 6768 6639 6640
f 5540 6769 6768
f 6769 6639 6768
f 5423 6766 6769
f 6766 6639 6769
f 5520 6640 6766
f 6640 6639 6766
f 5117 6218 6770
f 6218 6217 6770
f 5424 6765 6218
f 6765 6217 6218
f 5423 6769 6765
f 6769 6217 6765
f 5540 6770 6769
f 6770 6217 6769
f 5169 6771 6447
f 6771 6446 6447
f 5541 6772 6771
f 6772 6446 6771
f 5483 6773 6772
f 6773 6446 6772
f 5484 6447 6773
f 6447 6446 6773
f 5167 6750 6775
f 6750 6749 6775
f 5537 6774 6750
f 6774 6749 6750
f 5483 6772 6774
f 6772 6749 6774
f 5541 6775 6772
f 6775 6749 6772
f 5132 6776 6754
f 6776 6753 6754
f 5542 6777 6776
f 6777 6753 6776
f 5483 6774 6777
f 6774 6753 6777
f 5537 6754 6774
f 6754 6753 6774
f 5116 6434 6778
f 6434 6433 6778
f 5484 6773 6434
f 6773 6433 6434
f 5483 6777 6773
f 6777 6433 6773
f 5542 6778 6777
f 6778 6433 6777
f 5141 6779 6690
f 6779 6689 6690
f 5543 6780 6779
f 6780 6689 6779
f 5372 6781 6780
f 6781 6689 6780
f 5528 6690 6781
f 6690 6689 6781
f 5140 6050 6783
f 6050 6049 6783
f 5373 6782 6050
f 6782 6049 6050
f 5372 6780 6782
f 6780 6049 6782
f 5543 6783 6780
f 6783 6049 6780
f 5178 6784 6060
f 6784 6059 6060
f 5544 6785 6784
f 6785 6059 6784
f 5372 6782 6785
f 6782 6059 6785
f 5373 6060 6782
f 6060 6059 6782
f 5174 6694 6786
f 6694 6693 6786
f 5528 6781 6694
f 6781 6693 6694
f 5372 6785 6781
f 6785 6693 6781
f 5544 6786 6785
f 6786 6693 6785
f 5175 6787 6656
f 6787 6655 6656
f 5545 6788 6787
f 6788 6655 6787
f 5396 6789 6788
f 6789 6655 6788
f 5523 6656 6789
f 6656 6655 6789
f 5177 6144 6791
f 6144 6143 6791
f 5397 6790 6144
f 6790 6143 6144
f 5396 6788 6790
f 6788 6143 6790
f 5545 6791 6788
f 6791 6143 6788
f 5140 6783 6139
f 6783 6138 6139
f 5543 6792 6783
f 6792 6138 6783
f 5396 6790 6792
f 6790 6138 6792
f 5397 6139 6790
f 6139 6138 6790
f 5141 6665 6779
f 6665 6664 6779
f 5523 6789 6665
f 6789 6664 6665
f 5396 6792 6789
f 6792 6664 6789
f 5543 6779 6792
f 6779 6664 6792
f 5223 6793 6706
f 6793 6705 6706
f 5546 6794 6793
f 6794 6705 6793
f 5432 6795 6794
f 6795 6705 6794
f 5530 6706 6795
f 6706 6705 6795
f 5213 6273 6797
f 6273 6272 6797
f 5433 6796 6273
f 6796 6272 6273
f 5432 6794 6796
f 6794 6272 6796
f 5546 6797 6794
f 6797 6272 6794
f 5120 6798 6261
f 6798 6260 6261
f 5547 6799 6798
f 6799 6260 6798
f 5432 6796 6799
f 6796 6260 6799
f 5433 6261 6796
f 6261 6260 6796
f 5130 6710 6800
f 6710 6709 6800
f 5530 6795 6710
f 6795 6709 6710
f 5432 6799 6795
f 6799 6709 6795
f 5547 6800 6799
f 6800 6709 6799
f 5128 6237 6803
f 6237 6236 6803
f 5427 6801 6237
f 6801 6236 6237
f 5426 6802 6801
f 6802 6236 6801
f 5549 6803 6802
f 6803 6236 6802
f 5156 6804 6244
f 6804 6243 6244
f 5548 6805 6804
f 6805 6243 6804
f 5426 6801 6805
f 6801 6243 6805
f 5427 6244 6801
f 6244 6243 6801
f 5155 6761 6807
f 6761 6760 6807
f 5538 6806 6761
f 6806 6760 6761
f 5426 6805 6806
f 6805 6760 6806
f 5548 6807 6805
f 6807 6760 6805
f 5129 6808 6756
f 6808 6755 6756
f 5549 6802 6808
f 6802 6755 6808
f 5426 6806 6802
f 6806 6755 6802
f 5538 6756 6806
f 6756 6755 6806
f 5121 6809 6375
f 6809 6374 6375
f 5550 6810 6809
f 6810 6374 6809
f 5464 6811 6810
f 6811 6374 6810
f 5465 6375 6811
f 6375 6374 6811
f 5136 6490 6813
f 6490 6489 6813
f 5492 6812 6490
f 6812 6489 6490
f 5464 6810 6812
f 6810 6489 6812
f 5550 6813 6810
f 6813 6489 6810
f 5170 6814 6483
f 6814 6482 6483
f 5551 6815 6814
f 6815 6482 6814
f 5464 6812 6815
f 6812 6482 6815
f 5492 6483 6812
f 6483 6482 6812
f 5171 6384 6816
f 6384 6383 6816
f 5465 6811 6384
f 6811 6383 6384
f 5464 6815 6811
f 6815 6383 6811
f 5551 6816 6815
f 6816 6383 6815
f 5117 6770 6212
f 6770 6211 6212
f 5540 6817 6770
f 6817 6211 6770
f 5419 6818 6817
f 6818 6211 6817
f 5420 6212 6818
f 6212 6211 6818
f 5125 6744 6768
f 6744 6743 6768
f 5535 6819 6744
f 6819 6743 6744
f 5419 6817 6819
f 6817 6743 6819
f 5540 6768 6817
f 6768 6743 6817
f 5155 6807 6737
f 6807 6736 6737
f 5548 6820 6807
f 6820 6736 6807
f 5419 6819 6820
f 6819 6736 6820
f 5535 6737 6819
f 6737 6736 6819
f 5156 6224 6804
f 6224 6223 6804
f 5420 6818 6224
f 6818 6223 6224
f 5419 6820 6818
f 6820 6223 6818
f 5548 6804 6820
f 6804 6223 6820
f 5113 6027 6823
f 6027 6026 6823
f 5367 6821 6027
f 6821 6026 6027
f 5366 6822 6821
f 6822 6026 6821
f 5553 6823 6822
f 6823 6026 6822
f 5160 6824 6040
f 6824 6039 6040
f 5552 6825 6824
f 6825 6039 6824
f 5366 6821 6825
f 6821 6039 6825
f 5367 6040 6821
f 6040 6039 6821
f 5158 6676 6827
f 6676 6675 6827
f 5525 6826 6676
f 6826 6675 6676
f 5366 6825 6826
f 6825 6675 6826
f 5552 6827 6825
f 6827 6675 6825
f 5127 6828 6668
f 6828 6667 6668
f 5553 6822 6828
f 6822 6667 6828
f 5366 6826 6822
f 6826 6667 6822
f 5525 6668 6826
f 6668 6667 6826
f 5171 6816 6408
f 6816 6407 6408
f 5551 6829 6816
f 6829 6407 6816
f 5473 6830 6829
f 6830 6407 6829
f 5474 6408 6830
f 6408 6407 6830
f 5170 6623 6814
f 6623 6622 6814
f 5518 6831 6623
f 6831 6622 6623
f 5473 6829 6831
f 6829 6622 6831
f 5551 6814 6829
f 6814 6622 6829
f 5138 6832 6628
f 6832 6627 6628
f 5554 6833 6832
f 6833 6627 6832
f 5473 6831 6833
f 6831 6627 6833
f 5518 6628 6831
f 6628 6627 6831
f 5135 6398 6834
f 6398 6397 6834
f 5474 6830 6398
f 6830 6397 6398
f 5473 6833 6830
f 6833 6397 6830
f 5554 6834 6833
f 6834 6397 6833
f 5116 6778 6428
f 6778 6427 6428
f 5542 6835 6778
f 6835 6427 6778
f 5479 6836 6835
f 6836 6427 6835
f 5480 6428 6836
f 6428 6427 6836
f 5132 6534 6776
f 6534 6533 6776
f 5500 6837 6534
f 6837 6533 6534
f 5479 6835 6837
f 6835 6533 6837
f 5542 6776 6835
f 6776 6533 6835
f 5164 6838 6527
f 6838 6526 6527
f 5555 6839 6838
f 6839 6526 6838
f 5479 6837 6839
f 6837 6526 6839
f 5500 6527 6837
f 6527 6526 6837
f 5165 6440 6840
f 6440 6439 6840
f 5480 6836 6440
f 6836 6439 6440
f 5479 6839 6836
f 6839 6439 6836
f 5555 6840 6839
f 6840 6439 6839
f 5134 6841 6646
f 6841 6645 6646
f 5556 6842 6841
f 6842 6645 6841
f 5486 6843 6842
f 6843 6645 6842
f 5521 6646 6843
f 6646 6645 6843
f 5131 6453 6845
f 6453 6452 6845
f 5487 6844 6453
f 6844 6452 6453
f 5486 6842 6844
f 6842 6452 6844
f 5556 6845 6842
f 6845 6452 6842
f 5165 6840 6460
f 6840 6459 6460
f 5555 6846 6840
f 6846 6459 6840
f 5486 6844 6846
f 6844 6459 6846
f 5487 6460 6844
f 6460 6459 6844
f 5164 6650 6838
f 6650 6649 6838
f 5521 6843 6650
f 6843 6649 6650
f 5486 6846 6843
f 6846 6649 6843
f 5555 6838 6846
f 6838 6649 6846
f 5226 6589 6849
f 6589 6588 6849
f 5512 6847 6589
f 6847 6588 6589
f 5409 6848 6847
f 6848 6588 6847
f 5558 6849 6848
f 6849 6588 6848
f 5154 6850 6594
f 6850 6593 6594
f 5557 6851 6850
f 6851 6593 6850
f 5409 6847 6851
f 6847 6593 6851
f 5512 6594 6847
f 6594 6593 6847
f 5148 6175 6853
f 6175 6174 6853
f 5410 6852 6175
f 6852 6174 6175
f 5409 6851 6852
f 6851 6174 6852
f 5557 6853 6851
f 6853 6174 6851
f 5207 6854 6183
f 6854 6182 6183
f 5558 6848 6854
f 6848 6182 6854
f 5409 6852 6848
f 6852 6182 6848
f 5410 6183 6852
f 6183 6182 6852
f 5135 6834 6468
f 6834 6467 6468
f 5554 6855 6834
f 6855 6467 6834
f 5489 6856 6855
f 6856 6467 6855
f 5490 6468 6856
f 6468 6467 6856
f 5138 6727 6832
f 6727 6726 6832
f 5534 6857 6727
f 6857 6726 6727
f 5489 6855 6857
f 6855 6726 6857
f 5554 6832 6855
f 6832 6726 6855
f 5167 6775 6732
f 6775 6731 6732
f 5541 6858 6775
f 6858 6731 6775
f 5489 6857 6858
f 6857 6731 6858
f 5534 6732 6857
f 6732 6731 6857
f 5169 6473 6771
f 6473 6472 6771
f 5490 6856 6473
f 6856 6472 6473
f 5489 6858 6856
f 6858 6472 6856
f 5541 6771 6858
f 6771 6472 6858
f 5148 6853 6252
f 6853 6251 6252
f 5557 6859 6853
f 6859 6251 6853
f 5429 6860 6859
f 6860 6251 6859
f 5430 6252 6860
f 6252 6251 6860
f 5154 6574 6850
f 6574 6573 6850
f 5510 6861 6574
f 6861 6573 6574
f 5429 6859 6861
f 6859 6573 6861
f 5557 6850 6859
f 6850 6573 6859
f 5225 6767 6580
f 6767 6579 6580
f 5539 6862 6767
f 6862 6579 6767
f 5429 6861 6862
f 6861 6579 6862
f 5510 6580 6861
f 6580 6579 6861
f 5211 6257 6763
f 6257 6256 6763
f 5430 6860 6257
f 6860 6256 6257
f 5429 6862 6860
f 6862 6256 6860
f 5539 6763 6862
f 6763 6256 6862
f 5120 6267 6798
f 6267 6266 6798
f 5439 6863 6267
f 6863 6266 6267
f 5438 6864 6863
f 6864 6266 6863
f 5547 6798 6864
f 6798 6266 6864
f 5163 6865 6280
f 6865 6279 6280
f 5559 6866 6865
f 6866 6279 6865
f 5438 6863 6866
f 6863 6279 6866
f 5439 6280 6863
f 6280 6279 6863
f 5161 6518 6868
f 6518 6517 6868
f 5498 6867 6518
f 6867 6517 6518
f 5438 6866 6867
f 6866 6517 6867
f 5559 6868 6866
f 6868 6517 6866
f 5130 6800 6512
f 6800 6511 6512
f 5547 6864 6800
f 6864 6511 6800
f 5438 6867 6864
f 6867 6511 6864
f 5498 6512 6867
f 6512 6511 6867
f 5124 6869 6148
f 6869 6147 6148
f 5560 6870 6869
f 6870 6147 6869
f 5399 6871 6870
f 6871 6147 6870
f 5400 6148 6871
f 6148 6147 6871
f 5152 6702 6873
f 6702 6701 6873
f 5529 6872 6702
f 6872 6701 6702
f 5399 6870 6872
f 6870 6701 6872
f 5560 6873 6870
f 6873 6701 6870
f 5226 6849 6699
f 6849 6698 6699
f 5558 6874 6849
f 6874 6698 6849
f 5399 6872 6874
f 6872 6698 6874
f 5529 6699 6872
f 6699 6698 6872
f 5207 6160 6854
f 6160 6159 6854
f 5400 6871 6160
f 6871 6159 6160
f 5399 6874 6871
f 6874 6159 6871
f 5558 6854 6874
f 6854 6159 6874
f 5131 6845 6319
f 6845 6318 6319
f 5556 6875 6845
f 6875 6318 6845
f 5450 6876 6875
f 6876 6318 6875
f 5451 6319 6876
f 6319 6318 6876
f 5134 6498 6841
f 6498 6497 6841
f 5496 6877 6498
f 6877 6497 6498
f 5450 6875 6877
f 6875 6497 6877
f 5556 6841 6875
f 6841 6497 6875
f 5161 6868 6504
f 6868 6503 6504
f 5559 6878 6868
f 6878 6503 6868
f 5450 6877 6878
f 6877 6503 6878
f 5496 6504 6877
f 6504 6503 6877
f 5163 6326 6865
f 6326 6325 6865
f 5451 6876 6326
f 6876 6325 6326
f 5450 6878 6876
f 6878 6325 6876
f 5559 6865 6878
f 6865 6325 6878
f 5174 6786 6556
f 6786 6555 6556
f 5544 6879 6786
f 6879 6555 6786
f 5360 6880 6879
f 6880 6555 6879
f 5506 6556 6880
f 6556 6555 6880
f 5178 6033 6784
f 6033 6032 6784
f 5361 6881 6033
f 6881 6032 6033
f 5360 6879 6881
f 6879 6032 6881
f 5544 6784 6879
f 6784 6032 6879
f 5113 6823 6021
f 6823 6020 6021
f 5553 6882 6823
f 6882 6020 6823
f 5360 6881 6882
f 6881 6020 6882
f 5361 6021 6881
f 6021 6020 6881
f 5127 6565 6828
f 6565 6564 6828
f 5506 6880 6565
f 6880 6564 6565
f 5360 6882 6880
f 6882 6564 6880
f 5553 6828 6882
f 6828 6564 6882
f 5121 6098 6809
f 6098 6097 6809
f 5389 6883 6098
f 6883 6097 6098
f 5388 6884 6883
f 6884 6097 6883
f 5550 6809 6884
f 6809 6097 6884
f 5177 6791 6111
f 6791 6110 6111
f 5545 6885 6791
f 6885 6110 6791
f 5388 6883 6885
f 6883 6110 6885
f 5389 6111 6883
f 6111 6110 6883
f 5175 6686 6787
f 6686 6685 6787
f 5527 6886 6686
f 6886 6685 6686
f 5388 6885 6886
f 6885 6685 6886
f 5545 6787 6885
f 6787 6685 6885
f 5136 6813 6682
f 6813 6681 6682
f 5550 6884 6813
f 6884 6681 6813
f 5388 6886 6884
f 6886 6681 6884
f 5527 6682 6886
f 6682 6681 6886
f 5128 6803 6079
f 6803 6078 6079
f 5549 6887 6803
f 6887 6078 6803
f 5378 6888 6887
f 6888 6078 6887
f 5379 6079 6888
f 6079 6078 6888
f 5129 6717 6808
f 6717 6716 6808
f 5532 6889 6717
f 6889 6716 6717
f 5378 6887 6889
f 6887 6716 6889
f 5549 6808 6887
f 6808 6716 6887
f 5158 6827 6722
f 6827 6721 6722
f 5552 6890 6827
f 6890 6721 6827
f 5378 6889 6890
f 6889 6721 6890
f 5532 6722 6889
f 6722 6721 6889
f 5160 6086 6824
f 6086 6085 6824
f 5379 6888 6086
f 6888 6085 6086
f 5378 6890 6888
f 6890 6085 6888
f 5552 6824 6890
f 6824 6085 6890
f 5153 6891 6610
f 6891 6609 6610
f 5561 6892 6891
f 6892 6609 6891
f 5443 6893 6892
f 6893 6609 6892
f 5515 6610 6893
f 6610 6609 6893
f 5150 6290 6895
f 6290 6289 6895
f 5444 6894 6290
f 6894 6289 6290
f 5443 6892 6894
f 6892 6289 6894
f 5561 6895 6892
f 6895 6289 6892
f 5213 6797 6299
f 6797 6298 6299
f 5546 6896 6797
f 6896 6298 6797
f 5443 6894 6896
f 6894 6298 6896
f 5444 6299 6894
f 6299 6298 6894
f 5223 6617 6793
f 6617 6616 6793
f 5515 6893 6617
f 6893 6616 6617
f 5443 6896 6893
f 6896 6616 6893
f 5546 6793 6896
f 6793 6616 6896
f 5124 6334 6869
f 6334 6333 6869
f 5457 6897 6334
f 6897 6333 6334
f 5456 6898 6897
f 6898 6333 6897
f 5560 6869 6898
f 6869 6333 6898
f 5218 6899 6343
f 6899 6342 6343
f 5562 6900 6899
f 6900 6342 6899
f 5456 6897 6900
f 6897 6342 6900
f 5457 6343 6897
f 6343 6342 6897
f 5224 6549 6902
f 6549 6548 6902
f 5503 6901 6549
f 6901 6548 6549
f 5456 6900 6901
f 6900 6548 6901
f 5562 6902 6900
f 6902 6548 6900
f 5152 6873 6540
f 6873 6539 6540
f 5560 6898 6873
f 6898 6539 6873
f 5456 6901 6898
f 6901 6539 6898
f 5503 6540 6901
f 6540 6539 6901
f 5224 6902 6598
f 6902 6597 6598
f 5562 6903 6902
f 6903 6597 6902
f 5462 6904 6903
f 6904 6597 6903
f 5513 6598 6904
f 6598 6597 6904
f 5218 6372 6899
f 6372 6371 6899
f 5463 6905 6372
f 6905 6371 6372
f 5462 6903 6905
f 6903 6371 6905
f 5562 6899 6903
f 6899 6371 6903
f 5150 6895 6367
f 6895 6366 6367
f 5561 6906 6895
f 6906 6366 6895
f 5462 6905 6906
f 6905 6366 6906
f 5463 6367 6905
f 6367 6366 6905
f 5153 6605 6891
f 6605 6604 6891
f 5513 6904 6605
f 6904 6604 6605
f 5462 6906 6904
f 6906 6604 6904
f 5561 6891 6906
f 6891 6604 6906
f 6911 8213 8219
f 8213 8211 8219
f 7257 8215 8213
f 8215 8211 8213
f 7255 8217 8215
f 8217 8211 8215
f 7263 8219 8217
f 8219 8211 8217
f 6920 8221 8225
f 8221 8214 8225
f 7259 8223 8221
f 8223 8214 8221
f 7255 8215 8223
f 8215 8214 8223
f 7257 8225 8215
f 8225 8214 8215
f 6923 8227 8230
f 8227 8222 8230
f 7261 8228 8227
f 8228 8222 8227
f 7255 8223 8228
f 8223 8222 8228
f 7259 8230 8223
f 8230 8222 8223
f 6922 8232 8234
f 8232 8216 8234
f 7263 8217 8232
f 8217 8216 8232
f 7255 8228 8217
f 8228 8216 8217
f 7261 8234 8228
f 8234 8216 8228
f 6912 8237 8242
f 8237 8235 8242
f 7265 8239 8237
f 8239 8235 8237
f 7258 8240 8239
f 8240 8235 8239
f 7269 8242 8240
f 8242 8235 8240
f 6921 8244 8247
f 8244 8238 8247
f 7267 8245 8244
f 8245 8238 8244
f 7258 8239 8245
f 8239 8238 8245
f 7265 8247 8239
f 8247 8238 8239
f 6923 8230 8250
f 8230 8229 8250
f 7259 8248 8230
f 8248 8229 8230
f 7258 8245 8248
f 8245 8229 8248
f 7267 8250 8245
f 8250 8229 8245
f 6920 8252 8221
f 8252 8220 8221
f 7269 8240 8252
f 8240 8220 8252
f 7258 8248 8240
f 8248 8220 8240
f 7259 8221 8248
f 8221 8220 8248
f 6913 8255 8261
f 8255 8253 8261
f 7272 8257 8255
f 8257 8253 8255
f 7270 8259 8257
f 8259 8253 8257
f 7278 8261 8259
f 8261 8253 8259
f 6925 8263 8267
f 8263 8256 8267
f 7274 8265 8263
f 8265 8256 8263
f 7270 8257 8265
f 8257 8256 8265
f 7272 8267 8257
f 8267 8256 8257
f 6926 8269 8272
f 8269 8264 8272
f 7276 8270 8269
f 8270 8264 8269
f 7270 8265 8270
f 8265 8264 8270
f 7274 8272 8265
f 8272 8264 8265
f 6924 8274 8276
f 8274 8258 8276
f 7278 8259 8274
f 8259 8258 8274
f 7270 8270 8259
f 8270 8258 8259
f 7276 8276 8270
f 8276 8258 8270
f 6913 8278 8255
f 8278 8254 8255
f 7280 8280 8278
f 8280 8254 8278
f 7271 8281 8280
f 8281 8254 8280
f 7272 8255 8281
f 8255 8254 8281
f 6927 8283 8287
f 8283 8279 8287
f 7282 8285 8283
f 8285 8279 8283
f 7271 8280 8285
f 8280 8279 8285
f 7280 8287 8280
f 8287 8279 8280
f 6929 8289 8292
f 8289 8284 8292
f 7284 8290 8289
f 8290 8284 8289
f 7271 8285 8290
f 8285 8284 8290
f 7282 8292 8285
f 8292 8284 8285
f 6925 8267 8294
f 8267 8266 8294
f 7272 8281 8267
f 8281 8266 8267
f 7271 8290 8281
f 8290 8266 8281
f 7284 8294 8290
f 8294 8266 8290
f 6914 8297 8302
f 8297 8295 8302
f 7286 8299 8297
f 8299 8295 8297
f 7281 8300 8299
f 8300 8295 8299
f 7290 8302 8300
f 8302 8295 8300
f 6928 8304 8307
f 8304 8298 8307
f 7288 8305 8304
f 8305 8298 8304
f 7281 8299 8305
f 8299 8298 8305
f 7286 8307 8299
f 8307 8298 8299
f 6929 8292 8310
f 8292 8291 8310
f 7282 8308 8292
f 8308 8291 8292
f 7281 8305 8308
f 8305 8291 8308
f 7288 8310 8305
f 8310 8291 8305
f 6927 8312 8283
f 8312 8282 8283
f 7290 8300 8312
f 8300 8282 8312
f 7281 8308 8300
f 8308 8282 8300
f 7282 8283 8308
f 8283 8282 8308
f 6914 8314 8297
f 8314 8296 8297
f 7292 8316 8314
f 8316 8296 8314
f 7285 8317 8316
f 8317 8296 8316
f 7286 8297 8317
f 8297 8296 8317
f 6930 8319 8323
f 8319 8315 8323
f 7294 8321 8319
f 8321 8315 8319
f 7285 8316 8321
f 8316 8315 8321
f 7292 8323 8316
f 8323 8315 8316
f 6931 8325 8328
f 8325 8320 8328
f 7296 8326 8325
f 8326 8320 8325
f 7285 8321 8326
f 8321 8320 8326
f 7294 8328 8321
f 8328 8320 8321
f 6928 8307 8330
f 8307 8306 8330
f 7286 8317 8307
f 8317 8306 8307
f 7285 8326 8317
f 8326 8306 8317
f 7296 8330 8326
f 8330 8306 8326
f 6926 8332 8269
f 8332 8268 8269
f 7298 8334 8332
f 8334 8268 8332
f 7275 8335 8334
f 8335 8268 8334
f 7276 8269 8335
f 8269 8268 8335
f 6937 8337 8341
f 8337 8333 8341
f 7299 8339 8337
f 8339 8333 8337
f 7275 8334 8339
f 8334 8333 8339
f 7298 8341 8334
f 8341 8333 8334
f 6936 8343 8346
f 8343 8338 8346
f 7301 8344 8343
f 8344 8338 8343
f 7275 8339 8344
f 8339 8338 8344
f 7299 8346 8339
f 8346 8338 8339
f 6924 8276 8348
f 8276 8275 8348
f 7276 8335 8276
f 8335 8275 8276
f 7275 8344 8335
f 8344 8275 8335
f 7301 8348 8344
f 8348 8275 8344
f 6912 8350 8237
f 8350 8236 8237
f 7303 8351 8350
f 8351 8236 8350
f 7264 8352 8351
f 8352 8236 8351
f 7265 8237 8352
f 8237 8236 8352
f 6936 8346 8355
f 8346 8345 8355
f 7299 8353 8346
f 8353 8345 8346
f 7264 8351 8353
f 8351 8345 8353
f 7303 8355 8351
f 8355 8345 8351
f 6937 8357 8337
f 8357 8336 8337
f 7305 8358 8357
f 8358 8336 8357
f 7264 8353 8358
f 8353 8336 8358
f 7299 8337 8353
f 8337 8336 8353
f 6921 8247 8360
f 8247 8246 8360
f 7265 8352 8247
f 8352 8246 8247
f 7264 8358 8352
f 8358 8246 8352
f 7305 8360 8358
f 8360 8246 8358
f 6931 8328 8365
f 8328 8327 8365
f 7294 8361 8328
f 8361 8327 8328
f 7293 8363 8361
f 8363 8327 8361
f 7310 8365 8363
f 8365 8327 8363
f 6930 8367 8319
f 8367 8318 8319
f 7307 8369 8367
f 8369 8318 8367
f 7293 8361 8369
f 8361 8318 8369
f 7294 8319 8361
f 8319 8318 8361
f 6938 8371 8374
f 8371 8368 8374
f 7308 8372 8371
f 8372 8368 8371
f 7293 8369 8372
f 8369 8368 8372
f 7307 8374 8369
f 8374 8368 8369
f 6939 8376 8378
f 8376 8362 8378
f 7310 8363 8376
f 8363 8362 8376
f 7293 8372 8363
f 8372 8362 8363
f 7308 8378 8372
f 8378 8362 8372
f 6922 8380 8232
f 8380 8231 8232
f 7312 8381 8380
f 8381 8231 8380
f 7262 8382 8381
f 8382 8231 8381
f 7263 8232 8382
f 8232 8231 8382
f 6939 8378 8385
f 8378 8377 8385
f 7308 8383 8378
f 8383 8377 8378
f 7262 8381 8383
f 8381 8377 8383
f 7312 8385 8381
f 8385 8377 8381
f 6938 8387 8371
f 8387 8370 8371
f 7314 8388 8387
f 8388 8370 8387
f 7262 8383 8388
f 8383 8370 8388
f 7308 8371 8383
f 8371 8370 8383
f 6911 8219 8390
f 8219 8218 8390
f 7263 8382 8219
f 8382 8218 8219
f 7262 8388 8382
f 8388 8218 8382
f 7314 8390 8388
f 8390 8218 8388
f 6911 8390 8394
f 8390 8389 8394
f 7314 8391 8390
f 8391 8389 8390
f 7313 8393 8391
f 8393 8389 8391
f 7318 8394 8393
f 8394 8389 8393
f 6938 8395 8387
f 8395 8386 8387
f 7315 8397 8395
f 8397 8386 8395
f 7313 8391 8397
f 8391 8386 8397
f 7314 8387 8391
f 8387 8386 8391
f 6950 8399 8402
f 8399 8396 8402
f 7317 8400 8399
f 8400 8396 8399
f 7313 8397 8400
f 8397 8396 8400
f 7315 8402 8397
f 8402 8396 8397
f 6941 8404 8406
f 8404 8392 8406
f 7318 8393 8404
f 8393 8392 8404
f 7313 8400 8393
f 8400 8392 8393
f 7317 8406 8400
f 8406 8392 8400
f 6938 8374 8395
f 8374 8373 8395
f 7307 8407 8374
f 8407 8373 8374
f 7306 8408 8407
f 8408 8373 8407
f 7315 8395 8408
f 8395 8373 8408
f 6930 8409 8367
f 8409 8366 8367
f 7319 8411 8409
f 8411 8366 8409
f 7306 8407 8411
f 8407 8366 8411
f 7307 8367 8407
f 8367 8366 8407
f 6948 8413 8416
f 8413 8410 8416
f 7321 8414 8413
f 8414 8410 8413
f 7306 8411 8414
f 8411 8410 8414
f 7319 8416 8411
f 8416 8410 8411
f 6950 8402 8418
f 8402 8401 8418
f 7315 8408 8402
f 8408 8401 8402
f 7306 8414 8408
f 8414 8401 8408
f 7321 8418 8414
f 8418 8401 8414
f 6930 8323 8409
f 8323 8322 8409
f 7292 8419 8323
f 8419 8322 8323
f 7291 8420 8419
f 8420 8322 8419
f 7319 8409 8420
f 8409 8322 8420
f 6914 8421 8314
f 8421 8313 8314
f 7322 8423 8421
f 8423 8313 8421
f 7291 8419 8423
f 8419 8313 8423
f 7292 8314 8419
f 8314 8313 8419
f 6944 8425 8428
f 8425 8422 8428
f 7324 8426 8425
f 8426 8422 8425
f 7291 8423 8426
f 8423 8422 8426
f 7322 8428 8423
f 8428 8422 8423
f 6948 8416 8430
f 8416 8415 8430
f 7319 8420 8416
f 8420 8415 8416
f 7291 8426 8420
f 8426 8415 8420
f 7324 8430 8426
f 8430 8415 8426
f 6914 8302 8421
f 8302 8301 8421
f 7290 8431 8302
f 8431 8301 8302
f 7289 8432 8431
f 8432 8301 8431
f 7322 8421 8432
f 8421 8301 8432
f 6927 8433 8312
f 8433 8311 8312
f 7325 8435 8433
f 8435 8311 8433
f 7289 8431 8435
f 8431 8311 8435
f 7290 8312 8431
f 8312 8311 8431
f 6947 8437 8440
f 8437 8434 8440
f 7326 8438 8437
f 8438 8434 8437
f 7289 8435 8438
f 8435 8434 8438
f 7325 8440 8435
f 8440 8434 8435
f 6944 8428 8441
f 8428 8427 8441
f 7322 8432 8428
f 8432 8427 8428
f 7289 8438 8432
f 8438 8427 8432
f 7326 8441 8438
f 8441 8427 8438
f 6927 8287 8433
f 8287 8286 8433
f 7280 8442 8287
f 8442 8286 8287
f 7279 8443 8442
f 8443 8286 8442
f 7325 8433 8443
f 8433 8286 8443
f 6913 8444 8278
f 8444 8277 8278
f 7327 8446 8444
f 8446 8277 8444
f 7279 8442 8446
f 8442 8277 8446
f 7280 8278 8442
f 8278 8277 8442
f 6943 8448 8451
f 8448 8445 8451
f 7329 8449 8448
f 8449 8445 8448
f 7279 8446 8449
f 8446 8445 8449
f 7327 8451 8446
f 8451 8445 8446
f 6947 8440 8453
f 8440 8439 8453
f 7325 8443 8440
f 8443 8439 8440
f 7279 8449 8443
f 8449 8439 8443
f 7329 8453 8449
f 8453 8439 8449
f 6913 8261 8444
f 8261 8260 8444
f 7278 8454 8261
f 8454 8260 8261
f 7277 8455 8454
f 8455 8260 8454
f 7327 8444 8455
f 8444 8260 8455
f 6924 8456 8274
f 8456 8273 8274
f 7330 8458 8456
f 8458 8273 8456
f 7277 8454 8458
f 8454 8273 8458
f 7278 8274 8454
f 8274 8273 8454
f 6946 8460 8463
f 8460 8457 8463
f 7331 8461 8460
f 8461 8457 8460
f 7277 8458 8461
f 8458 8457 8461
f 7330 8463 8458
f 8463 8457 8458
f 6943 8451 8464
f 8451 8450 8464
f 7327 8455 8451
f 8455 8450 8451
f 7277 8461 8455
f 8461 8450 8455
f 7331 8464 8461
f 8464 8450 8461
f 6924 8348 8456
f 8348 8347 8456
f 7301 8465 8348
f 8465 8347 8348
f 7300 8466 8465
f 8466 8347 8465
f 7330 8456 8466
f 8456 8347 8466
f 6936 8467 8343
f 8467 8342 8343
f 7332 8469 8467
f 8469 8342 8467
f 7300 8465 8469
f 8465 8342 8469
f 7301 8343 8465
f 8343 8342 8465
f 6949 8471 8474
f 8471 8468 8474
f 7334 8472 8471
f 8472 8468 8471
f 7300 8469 8472
f 8469 8468 8472
f 7332 8474 8469
f 8474 8468 8469
f 6946 8463 8476
f 8463 8462 8476
f 7330 8466 8463
f 8466 8462 8463
f 7300 8472 8466
f 8472 8462 8466
f 7334 8476 8472
f 8476 8462 8472
f 6936 8355 8467
f 8355 8354 8467
f 7303 8477 8355
f 8477 8354 8355
f 7302 8478 8477
f 8478 8354 8477
f 7332 8467 8478
f 8467 8354 8478
f 6912 8479 8350
f 8479 8349 8350
f 7335 8481 8479
f 8481 8349 8479
f 7302 8477 8481
f 8477 8349 8481
f 7303 8350 8477
f 8350 8349 8477
f 6942 8483 8486
f 8483 8480 8486
f 7337 8484 8483
f 8484 8480 8483
f 7302 8481 8484
f 8481 8480 8484
f 7335 8486 8481
f 8486 8480 8481
f 6949 8474 8488
f 8474 8473 8488
f 7332 8478 8474
f 8478 8473 8474
f 7302 8484 8478
f 8484 8473 8478
f 7337 8488 8484
f 8488 8473 8484
f 6912 8242 8479
f 8242 8241 8479
f 7269 8489 8242
f 8489 8241 8242
f 7268 8490 8489
f 8490 8241 8489
f 7335 8479 8490
f 8479 8241 8490
f 6920 8491 8252
f 8491 8251 8252
f 7338 8493 8491
f 8493 8251 8491
f 7268 8489 8493
f 8489 8251 8493
f 7269 8252 8489
f 8252 8251 8489
f 6945 8495 8498
f 8495 8492 8498
f 7339 8496 8495
f 8496 8492 8495
f 7268 8493 8496
f 8493 8492 8496
f 7338 8498 8493
f 8498 8492 8493
f 6942 8486 8499
f 8486 8485 8499
f 7335 8490 8486
f 8490 8485 8486
f 7268 8496 8490
f 8496 8485 8490
f 7339 8499 8496
f 8499 8485 8496
f 6920 8225 8491
f 8225 8224 8491
f 7257 8500 8225
f 8500 8224 8225
f 7256 8501 8500
f 8501 8224 8500
f 7338 8491 8501
f 8491 8224 8501
f 6911 8394 8213
f 8394 8212 8213
f 7318 8502 8394
f 8502 8212 8394
f 7256 8500 8502
f 8500 8212 8502
f 7257 8213 8500
f 8213 8212 8500
f 6941 8503 8404
f 8503 8403 8404
f 7340 8504 8503
f 8504 8403 8503
f 7256 8502 8504
f 8502 8403 8504
f 7318 8404 8502
f 8404 8403 8502
f 6945 8498 8506
f 8498 8497 8506
f 7338 8501 8498
f 8501 8497 8498
f 7256 8504 8501
f 8504 8497 8501
f 7340 8506 8504
f 8506 8497 8504
f 6944 8441 8425
f 8441 8424 8425
f 7326 8507 8441
f 8507 8424 8441
f 7323 8508 8507
f 8508 8424 8507
f 7324 8425 8508
f 8425 8424 8508
f 6947 8509 8437
f 8509 8436 8437
f 7341 8511 8509
f 8511 8436 8509
f 7323 8507 8511
f 8507 8436 8511
f 7326 8437 8507
f 8437 8436 8507
f 6932 8513 8516
f 8513 8510 8516
f 7342 8514 8513
f 8514 8510 8513
f 7323 8511 8514
f 8511 8510 8514
f 7341 8516 8511
f 8516 8510 8511
f 6948 8430 8517
f 8430 8429 8517
f 7324 8508 8430
f 8508 8429 8430
f 7323 8514 8508
f 8514 8429 8508
f 7342 8517 8514
f 8517 8429 8514
f 6943 8464 8448
f 8464 8447 8448
f 7331 8518 8464
f 8518 8447 8464
f 7328 8519 8518
f 8519 8447 8518
f 7329 8448 8519
f 8448 8447 8519
f 6946 8520 8460
f 8520 8459 8460
f 7343 8521 8520
f 8521 8459 8520
f 7328 8518 8521
f 8518 8459 8521
f 7331 8460 8518
f 8460 8459 8518
f 6932 8516 8524
f 8516 8515 8524
f 7341 8522 8516
f 8522 8515 8516
f 7328 8521 8522
f 8521 8515 8522
f 7343 8524 8521
f 8524 8515 8521
f 6947 8453 8509
f 8453 8452 8509
f 7329 8519 8453
f 8519 8452 8453
f 7328 8522 8519
f 8522 8452 8519
f 7341 8509 8522
f 8509 8452 8522
f 6932 8525 8513
f 8525 8512 8513
f 7344 8527 8525
f 8527 8512 8525
f 7320 8528 8527
f 8528 8512 8527
f 7342 8513 8528
f 8513 8512 8528
f 6940 8530 8533
f 8530 8526 8533
f 7345 8531 8530
f 8531 8526 8530
f 7320 8527 8531
f 8527 8526 8531
f 7344 8533 8527
f 8533 8526 8527
f 6950 8418 8535
f 8418 8417 8535
f 7321 8534 8418
f 8534 8417 8418
f 7320 8531 8534
f 8531 8417 8534
f 7345 8535 8531
f 8535 8417 8531
f 6948 8517 8413
f 8517 8412 8413
f 7342 8528 8517
f 8528 8412 8517
f 7320 8534 8528
f 8534 8412 8528
f 7321 8413 8534
f 8413 8412 8534
f 6950 8535 8399
f 8535 8398 8399
f 7345 8536 8535
f 8536 8398 8535
f 7316 8537 8536
f 8537 8398 8536
f 7317 8399 8537
f 8399 8398 8537
f 6940 8539 8530
f 8539 8529 8530
f 7346 8540 8539
f 8540 8529 8539
f 7316 8536 8540
f 8536 8529 8540
f 7345 8530 8536
f 8530 8529 8536
f 6945 8506 8542
f 8506 8505 8542
f 7340 8541 8506
f 8541 8505 8506
f 7316 8540 8541
f 8540 8505 8541
f 7346 8542 8540
f 8542 8505 8540
f 6941 8406 8503
f 8406 8405 8503
f 7317 8537 8406
f 8537 8405 8406
f 7316 8541 8537
f 8541 8405 8537
f 7340 8503 8541
f 8503 8405 8541
f 6932 8524 8525
f 8524 8523 8525
f 7343 8543 8524
f 8543 8523 8524
f 7333 8544 8543
f 8544 8523 8543
f 7344 8525 8544
f 8525 8523 8544
f 6946 8476 8520
f 8476 8475 8520
f 7334 8545 8476
f 8545 8475 8476
f 7333 8543 8545
f 8543 8475 8545
f 7343 8520 8543
f 8520 8475 8543
f 6949 8546 8471
f 8546 8470 8471
f 7347 8547 8546
f 8547 8470 8546
f 7333 8545 8547
f 8545 8470 8547
f 7334 8471 8545
f 8471 8470 8545
f 6940 8533 8548
f 8533 8532 8548
f 7344 8544 8533
f 8544 8532 8533
f 7333 8547 8544
f 8547 8532 8544
f 7347 8548 8547
f 8548 8532 8547
f 6940 8548 8539
f 8548 8538 8539
f 7347 8549 8548
f 8549 8538 8548
f 7336 8550 8549
f 8550 8538 8549
f 7346 8539 8550
f 8539 8538 8550
f 6949 8488 8546
f 8488 8487 8546
f 7337 8551 8488
f 8551 8487 8488
f 7336 8549 8551
f 8549 8487 8551
f 7347 8546 8549
f 8546 8487 8549
f 6942 8499 8483
f 8499 8482 8483
f 7339 8552 8499
f 8552 8482 8499
f 7336 8551 8552
f 8551 8482 8552
f 7337 8483 8551
f 8483 8482 8551
f 6945 8542 8495
f 8542 8494 8495
f 7346 8550 8542
f 8550 8494 8542
f 7336 8552 8550
f 8552 8494 8550
f 7339 8495 8552
f 8495 8494 8552
f 6909 8555 8561
f 8555 8553 8561
f 7349 8557 8555
f 8557 8553 8555
f 7348 8559 8557
f 8559 8553 8557
f 7354 8561 8559
f 8561 8553 8559
f 6917 8563 8567
f 8563 8556 8567
f 7351 8565 8563
f 8565 8556 8563
f 7348 8557 8565
f 8557 8556 8565
f 7349 8567 8557
f 8567 8556 8557
f 6919 8569 8572
f 8569 8564 8572
f 7353 8570 8569
f 8570 8564 8569
f 7348 8565 8570
f 8565 8564 8570
f 7351 8572 8565
f 8572 8564 8565
f 6916 8574 8576
f 8574 8558 8576
f 7354 8559 8574
f 8559 8558 8574
f 7348 8570 8559
f 8570 8558 8559
f 7353 8576 8570
f 8576 8558 8570
f 6910 8579 8584
f 8579 8577 8584
f 7355 8581 8579
f 8581 8577 8579
f 7350 8582 8581
f 8582 8577 8581
f 7358 8584 8582
f 8584 8577 8582
f 6918 8586 8589
f 8586 8580 8589
f 7357 8587 8586
f 8587 8580 8586
f 7350 8581 8587
f 8581 8580 8587
f 7355 8589 8581
f 8589 8580 8581
f 6919 8572 8592
f 8572 8571 8592
f 7351 8590 8572
f 8590 8571 8572
f 7350 8587 8590
f 8587 8571 8590
f 7357 8592 8587
f 8592 8571 8587
f 6917 8594 8563
f 8594 8562 8563
f 7358 8582 8594
f 8582 8562 8594
f 7350 8590 8582
f 8590 8562 8582
f 7351 8563 8590
f 8563 8562 8590
f 6908 8597 8602
f 8597 8595 8602
f 7360 8599 8597
f 8599 8595 8597
f 7266 8600 8599
f 8600 8595 8599
f 7362 8602 8600
f 8602 8595 8600
f 6915 8604 8607
f 8604 8598 8607
f 7361 8605 8604
f 8605 8598 8604
f 7266 8599 8605
f 8599 8598 8605
f 7360 8607 8599
f 8607 8598 8599
f 6923 8250 8609
f 8250 8249 8609
f 7267 8608 8250
f 8608 8249 8250
f 7266 8605 8608
f 8605 8249 8608
f 7361 8609 8605
f 8609 8249 8605
f 6921 8610 8244
f 8610 8243 8244
f 7362 8600 8610
f 8600 8243 8610
f 7266 8608 8600
f 8608 8243 8600
f 7267 8244 8608
f 8244 8243 8608
f 6907 8613 8617
f 8613 8611 8617
f 7363 8614 8613
f 8614 8611 8613
f 7260 8615 8614
f 8615 8611 8614
f 7365 8617 8615
f 8617 8611 8615
f 6922 8234 8619
f 8234 8233 8619
f 7261 8618 8234
f 8618 8233 8234
f 7260 8614 8618
f 8614 8233 8618
f 7363 8619 8614
f 8619 8233 8614
f 6923 8609 8227
f 8609 8226 8227
f 7361 8620 8609
f 8620 8226 8609
f 7260 8618 8620
f 8618 8226 8620
f 7261 8227 8618
f 8227 8226 8618
f 6915 8622 8604
f 8622 8603 8604
f 7365 8615 8622
f 8615 8603 8622
f 7260 8620 8615
f 8620 8603 8615
f 7361 8604 8620
f 8604 8603 8620
f 6909 8561 8625
f 8561 8560 8625
f 7354 8623 8561
f 8623 8560 8561
f 7273 8624 8623
f 8624 8560 8623
f 7367 8625 8624
f 8625 8560 8624
f 6916 8627 8574
f 8627 8573 8574
f 7366 8628 8627
f 8628 8573 8627
f 7273 8623 8628
f 8623 8573 8628
f 7354 8574 8623
f 8574 8573 8623
f 6926 8272 8630
f 8272 8271 8630
f 7274 8629 8272
f 8629 8271 8272
f 7273 8628 8629
f 8628 8271 8629
f 7366 8630 8628
f 8630 8271 8628
f 6925 8631 8263
f 8631 8262 8263
f 7367 8624 8631
f 8624 8262 8631
f 7273 8629 8624
f 8629 8262 8624
f 7274 8263 8629
f 8263 8262 8629
f 6910 8584 8634
f 8584 8583 8634
f 7358 8632 8584
f 8632 8583 8584
f 7287 8633 8632
f 8633 8583 8632
f 7369 8634 8633
f 8634 8583 8633
f 6917 8635 8594
f 8635 8593 8594
f 7368 8636 8635
f 8636 8593 8635
f 7287 8632 8636
f 8632 8593 8636
f 7358 8594 8632
f 8594 8593 8632
f 6929 8310 8638
f 8310 8309 8638
f 7288 8637 8310
f 8637 8309 8310
f 7287 8636 8637
f 8636 8309 8637
f 7368 8638 8636
f 8638 8309 8636
f 6928 8639 8304
f 8639 8303 8304
f 7369 8633 8639
f 8633 8303 8639
f 7287 8637 8633
f 8637 8303 8633
f 7288 8304 8637
f 8304 8303 8637
f 6909 8625 8555
f 8625 8554 8555
f 7367 8640 8625
f 8640 8554 8625
f 7283 8641 8640
f 8641 8554 8640
f 7349 8555 8641
f 8555 8554 8641
f 6925 8294 8631
f 8294 8293 8631
f 7284 8642 8294
f 8642 8293 8294
f 7283 8640 8642
f 8640 8293 8642
f 7367 8631 8640
f 8631 8293 8640
f 6929 8638 8289
f 8638 8288 8289
f 7368 8643 8638
f 8643 8288 8638
f 7283 8642 8643
f 8642 8288 8643
f 7284 8289 8642
f 8289 8288 8642
f 6917 8567 8635
f 8567 8566 8635
f 7349 8641 8567
f 8641 8566 8567
f 7283 8643 8641
f 8643 8566 8641
f 7368 8635 8643
f 8635 8566 8643
f 6910 8634 8579
f 8634 8578 8579
f 7369 8644 8634
f 8644 8578 8634
f 7295 8645 8644
f 8645 8578 8644
f 7355 8579 8645
f 8579 8578 8645
f 6928 8330 8639
f 8330 8329 8639
f 7296 8646 8330
f 8646 8329 8330
f 7295 8644 8646
f 8644 8329 8646
f 7369 8639 8644
f 8639 8329 8644
f 6931 8647 8325
f 8647 8324 8325
f 7370 8648 8647
f 8648 8324 8647
f 7295 8646 8648
f 8646 8324 8648
f 7296 8325 8646
f 8325 8324 8646
f 6918 8589 8650
f 8589 8588 8650
f 7355 8645 8589
f 8645 8588 8589
f 7295 8648 8645
f 8648 8588 8645
f 7370 8650 8648
f 8650 8588 8648
f 6918 8651 8586
f 8651 8585 8586
f 7371 8653 8651
f 8653 8585 8651
f 7356 8654 8653
f 8654 8585 8653
f 7357 8586 8654
f 8586 8585 8654
f 6933 8656 8660
f 8656 8652 8660
f 7372 8658 8656
f 8658 8652 8656
f 7356 8653 8658
f 8653 8652 8658
f 7371 8660 8653
f 8660 8652 8653
f 6934 8662 8665
f 8662 8657 8665
f 7373 8663 8662
f 8663 8657 8662
f 7356 8658 8663
f 8658 8657 8663
f 7372 8665 8658
f 8665 8657 8658
f 6919 8592 8666
f 8592 8591 8666
f 7357 8654 8592
f 8654 8591 8592
f 7356 8663 8654
f 8663 8591 8654
f 7373 8666 8663
f 8666 8591 8663
f 6933 8668 8656
f 8668 8655 8656
f 7374 8669 8668
f 8669 8655 8668
f 7364 8670 8669
f 8670 8655 8669
f 7372 8656 8670
f 8656 8655 8670
f 6907 8617 8672
f 8617 8616 8672
f 7365 8671 8617
f 8671 8616 8617
f 7364 8669 8671
f 8669 8616 8671
f 7374 8672 8669
f 8672 8616 8669
f 6915 8673 8622
f 8673 8621 8622
f 7375 8674 8673
f 8674 8621 8673
f 7364 8671 8674
f 8671 8621 8674
f 7365 8622 8671
f 8622 8621 8671
f 6934 8665 8676
f 8665 8664 8676
f 7372 8670 8665
f 8670 8664 8665
f 7364 8674 8670
f 8674 8664 8670
f 7375 8676 8674
f 8676 8664 8674
f 6919 8666 8569
f 8666 8568 8569
f 7373 8677 8666
f 8677 8568 8666
f 7352 8678 8677
f 8678 8568 8677
f 7353 8569 8678
f 8569 8568 8678
f 6934 8679 8662
f 8679 8661 8662
f 7376 8681 8679
f 8681 8661 8679
f 7352 8677 8681
f 8677 8661 8681
f 7373 8662 8677
f 8662 8661 8677
f 6935 8683 8686
f 8683 8680 8686
f 7377 8684 8683
f 8684 8680 8683
f 7352 8681 8684
f 8681 8680 8684
f 7376 8686 8681
f 8686 8680 8681
f 6916 8576 8687
f 8576 8575 8687
f 7353 8678 8576
f 8678 8575 8576
f 7352 8684 8678
f 8684 8575 8678
f 7377 8687 8684
f 8687 8575 8684
f 6935 8686 8691
f 8686 8685 8691
f 7376 8688 8686
f 8688 8685 8686
f 7359 8689 8688
f 8689 8685 8688
f 7378 8691 8689
f 8691 8685 8689
f 6934 8676 8679
f 8676 8675 8679
f 7375 8692 8676
f 8692 8675 8676
f 7359 8688 8692
f 8688 8675 8692
f 7376 8679 8688
f 8679 8675 8688
f 6915 8607 8673
f 8607 8606 8673
f 7360 8693 8607
f 8693 8606 8607
f 7359 8692 8693
f 8692 8606 8693
f 7375 8673 8692
f 8673 8606 8692
f 6908 8694 8597
f 8694 8596 8597
f 7378 8689 8694
f 8689 8596 8694
f 7359 8693 8689
f 8693 8596 8689
f 7360 8597 8693
f 8597 8596 8693
f 6926 8630 8332
f 8630 8331 8332
f 7366 8695 8630
f 8695 8331 8630
f 7297 8696 8695
f 8696 8331 8695
f 7298 8332 8696
f 8332 8331 8696
f 6916 8687 8627
f 8687 8626 8627
f 7377 8697 8687
f 8697 8626 8687
f 7297 8695 8697
f 8695 8626 8697
f 7366 8627 8695
f 8627 8626 8695
f 6935 8698 8683
f 8698 8682 8683
f 7379 8699 8698
f 8699 8682 8698
f 7297 8697 8699
f 8697 8682 8699
f 7377 8683 8697
f 8683 8682 8697
f 6937 8341 8700
f 8341 8340 8700
f 7298 8696 8341
f 8696 8340 8341
f 7297 8699 8696
f 8699 8340 8696
f 7379 8700 8699
f 8700 8340 8699
f 6921 8360 8610
f 8360 8359 8610
f 7305 8701 8360
f 8701 8359 8360
f 7304 8702 8701
f 8702 8359 8701
f 7362 8610 8702
f 8610 8359 8702
f 6937 8700 8357
f 8700 8356 8357
f 7379 8703 8700
f 8703 8356 8700
f 7304 8701 8703
f 8701 8356 8703
f 7305 8357 8701
f 8357 8356 8701
f 6935 8691 8698
f 8691 8690 8698
f 7378 8704 8691
f 8704 8690 8691
f 7304 8703 8704
f 8703 8690 8704
f 7379 8698 8703
f 8698 8690 8703
f 6908 8602 8694
f 8602 8601 8694
f 7362 8702 8602
f 8702 8601 8602
f 7304 8704 8702
f 8704 8601 8702
f 7378 8694 8704
f 8694 8601 8704
f 6931 8365 8647
f 8365 8364 8647
f 7310 8705 8365
f 8705 8364 8365
f 7309 8706 8705
f 8706 8364 8705
f 7370 8647 8706
f 8647 8364 8706
f 6939 8707 8376
f 8707 8375 8376
f 7380 8708 8707
f 8708 8375 8707
f 7309 8705 8708
f 8705 8375 8708
f 7310 8376 8705
f 8376 8375 8705
f 6933 8660 8710
f 8660 8659 8710
f 7371 8709 8660
f 8709 8659 8660
f 7309 8708 8709
f 8708 8659 8709
f 7380 8710 8708
f 8710 8659 8708
f 6918 8650 8651
f 8650 8649 8651
f 7370 8706 8650
f 8706 8649 8650
f 7309 8709 8706
f 8709 8649 8706
f 7371 8651 8709
f 8651 8649 8709
f 6907 8672 8613
f 8672 8612 8613
f 7374 8711 8672
f 8711 8612 8672
f 7311 8712 8711
f 8712 8612 8711
f 7363 8613 8712
f 8613 8612 8712
f 6933 8710 8668
f 8710 8667 8668
f 7380 8713 8710
f 8713 8667 8710
f 7311 8711 8713
f 8711 8667 8713
f 7374 8668 8711
f 8668 8667 8711
f 6939 8385 8707
f 8385 8384 8707
f 7312 8714 8385
f 8714 8384 8385
f 7311 8713 8714
f 8713 8384 8714
f 7380 8707 8713
f 8707 8384 8713
f 6922 8619 8380
f 8619 8379 8380
f 7363 8712 8619
f 8712 8379 8619
f 7311 8714 8712
f 8714 8379 8712
f 7312 8380 8714
f 8380 8379 8714
f 6963 8715 8722
f 8715 8716 8722
f 7381 8718 8715
f 8718 8716 8715
f 7382 8720 8718
f 8720 8716 8718
f 7388 8722 8720
f 8722 8716 8720
f 6962 8724 8727
f 8724 8717 8727
f 7384 8726 8724
f 8726 8717 8724
f 7382 8718 8726
f 8718 8717 8726
f 7381 8727 8718
f 8727 8717 8718
f 6978 8729 8732
f 8729 8725 8732
f 7386 8730 8729
f 8730 8725 8729
f 7382 8726 8730
f 8726 8725 8730
f 7384 8732 8726
f 8732 8725 8726
f 6979 8734 8736
f 8734 8719 8736
f 7388 8720 8734
f 8720 8719 8734
f 7382 8730 8720
f 8730 8719 8720
f 7386 8736 8730
f 8736 8719 8730
f 6953 8737 8744
f 8737 8738 8744
f 7389 8740 8737
f 8740 8738 8737
f 7390 8742 8740
f 8742 8738 8740
f 7396 8744 8742
f 8744 8738 8742
f 6954 8746 8749
f 8746 8739 8749
f 7392 8748 8746
f 8748 8739 8746
f 7390 8740 8748
f 8740 8739 8748
f 7389 8749 8740
f 8749 8739 8740
f 6970 8751 8754
f 8751 8747 8754
f 7394 8752 8751
f 8752 8747 8751
f 7390 8748 8752
f 8748 8747 8752
f 7392 8754 8748
f 8754 8747 8748
f 6969 8756 8758
f 8756 8741 8758
f 7396 8742 8756
f 8742 8741 8756
f 7390 8752 8742
f 8752 8741 8742
f 7394 8758 8752
f 8758 8741 8752
f 6966 8759 8766
f 8759 8760 8766
f 7397 8762 8759
f 8762 8760 8759
f 7398 8764 8762
f 8764 8760 8762
f 7404 8766 8764
f 8766 8760 8764
f 6965 8768 8771
f 8768 8761 8771
f 7400 8770 8768
f 8770 8761 8768
f 7398 8762 8770
f 8762 8761 8770
f 7397 8771 8762
f 8771 8761 8762
f 6981 8773 8776
f 8773 8769 8776
f 7402 8774 8773
f 8774 8769 8773
f 7398 8770 8774
f 8770 8769 8774
f 7400 8776 8770
f 8776 8769 8770
f 6982 8778 8780
f 8778 8763 8780
f 7404 8764 8778
f 8764 8763 8778
f 7398 8774 8764
f 8774 8763 8764
f 7402 8780 8774
f 8780 8763 8774
f 6954 8781 8746
f 8781 8745 8746
f 7405 8783 8781
f 8783 8745 8781
f 7391 8784 8783
f 8784 8745 8783
f 7392 8746 8784
f 8746 8745 8784
f 6955 8786 8789
f 8786 8782 8789
f 7407 8788 8786
f 8788 8782 8786
f 7391 8783 8788
f 8783 8782 8788
f 7405 8789 8783
f 8789 8782 8783
f 6971 8791 8794
f 8791 8787 8794
f 7409 8792 8791
f 8792 8787 8791
f 7391 8788 8792
f 8788 8787 8792
f 7407 8794 8788
f 8794 8787 8788
f 6970 8754 8796
f 8754 8753 8796
f 7392 8784 8754
f 8784 8753 8754
f 7391 8792 8784
f 8792 8753 8784
f 7409 8796 8792
f 8796 8753 8792
f 6965 8797 8768
f 8797 8767 8768
f 7410 8799 8797
f 8799 8767 8797
f 7399 8800 8799
f 8800 8767 8799
f 7400 8768 8800
f 8768 8767 8800
f 6964 8802 8805
f 8802 8798 8805
f 7411 8804 8802
f 8804 8798 8802
f 7399 8799 8804
f 8799 8798 8804
f 7410 8805 8799
f 8805 8798 8799
f 6980 8807 8810
f 8807 8803 8810
f 7413 8808 8807
f 8808 8803 8807
f 7399 8804 8808
f 8804 8803 8808
f 7411 8810 8804
f 8810 8803 8804
f 6981 8776 8812
f 8776 8775 8812
f 7400 8800 8776
f 8800 8775 8776
f 7399 8808 8800
f 8808 8775 8800
f 7413 8812 8808
f 8812 8775 8808
f 6955 8813 8786
f 8813 8785 8786
f 7414 8815 8813
f 8815 8785 8813
f 7406 8816 8815
f 8816 8785 8815
f 7407 8786 8816
f 8786 8785 8816
f 6956 8818 8821
f 8818 8814 8821
f 7416 8820 8818
f 8820 8814 8818
f 7406 8815 8820
f 8815 8814 8820
f 7414 8821 8815
f 8821 8814 8815
f 6972 8823 8826
f 8823 8819 8826
f 7418 8824 8823
f 8824 8819 8823
f 7406 8820 8824
f 8820 8819 8824
f 7416 8826 8820
f 8826 8819 8820
f 6971 8794 8828
f 8794 8793 8828
f 7407 8816 8794
f 8816 8793 8794
f 7406 8824 8816
f 8824 8793 8816
f 7418 8828 8824
f 8828 8793 8824
f 6964 8829 8802
f 8829 8801 8802
f 7419 8830 8829
f 8830 8801 8829
f 7387 8831 8830
f 8831 8801 8830
f 7411 8802 8831
f 8802 8801 8831
f 6963 8722 8833
f 8722 8721 8833
f 7388 8832 8722
f 8832 8721 8722
f 7387 8830 8832
f 8830 8721 8832
f 7419 8833 8830
f 8833 8721 8830
f 6979 8835 8734
f 8835 8733 8734
f 7421 8836 8835
f 8836 8733 8835
f 7387 8832 8836
f 8832 8733 8836
f 7388 8734 8832
f 8734 8733 8832
f 6980 8810 8838
f 8810 8809 8838
f 7411 8831 8810
f 8831 8809 8810
f 7387 8836 8831
f 8836 8809 8831
f 7421 8838 8836
f 8838 8809 8836
f 6957 8839 8846
f 8839 8840 8846
f 7422 8842 8839
f 8842 8840 8839
f 7423 8844 8842
f 8844 8840 8842
f 7428 8846 8844
f 8846 8840 8844
f 6958 8848 8851
f 8848 8841 8851
f 7425 8850 8848
f 8850 8841 8848
f 7423 8842 8850
f 8842 8841 8850
f 7422 8851 8842
f 8851 8841 8842
f 6974 8853 8856
f 8853 8849 8856
f 7427 8854 8853
f 8854 8849 8853
f 7423 8850 8854
f 8850 8849 8854
f 7425 8856 8850
f 8856 8849 8850
f 6973 8858 8860
f 8858 8843 8860
f 7428 8844 8858
f 8844 8843 8858
f 7423 8854 8844
f 8854 8843 8844
f 7427 8860 8854
f 8860 8843 8854
f 6960 8861 8868
f 8861 8862 8868
f 7429 8864 8861
f 8864 8862 8861
f 7430 8866 8864
f 8866 8862 8864
f 7435 8868 8866
f 8868 8862 8866
f 6959 8870 8873
f 8870 8863 8873
f 7431 8872 8870
f 8872 8863 8870
f 7430 8864 8872
f 8864 8863 8872
f 7429 8873 8864
f 8873 8863 8864
f 6975 8875 8878
f 8875 8871 8878
f 7433 8876 8875
f 8876 8871 8875
f 7430 8872 8876
f 8872 8871 8876
f 7431 8878 8872
f 8878 8871 8872
f 6976 8880 8882
f 8880 8865 8882
f 7435 8866 8880
f 8866 8865 8880
f 7430 8876 8866
f 8876 8865 8866
f 7433 8882 8876
f 8882 8865 8876
f 6961 8883 8889
f 8883 8884 8889
f 7436 8885 8883
f 8885 8884 8883
f 7434 8887 8885
f 8887 8884 8885
f 7439 8889 8887
f 8889 8884 8887
f 6960 8868 8891
f 8868 8867 8891
f 7435 8890 8868
f 8890 8867 8868
f 7434 8885 8890
f 8885 8867 8890
f 7436 8891 8885
f 8891 8867 8885
f 6976 8893 8880
f 8893 8879 8880
f 7438 8894 8893
f 8894 8879 8893
f 7434 8890 8894
f 8890 8879 8894
f 7435 8880 8890
f 8880 8879 8890
f 6977 8896 8898
f 8896 8886 8898
f 7439 8887 8896
f 8887 8886 8896
f 7434 8894 8887
f 8894 8886 8887
f 7438 8898 8894
f 8898 8886 8894
f 6958 8899 8848
f 8899 8847 8848
f 7440 8901 8899
f 8901 8847 8899
f 7424 8902 8901
f 8902 8847 8901
f 7425 8848 8902
f 8848 8847 8902
f 6951 8904 8907
f 8904 8900 8907
f 7442 8906 8904
f 8906 8900 8904
f 7424 8901 8906
f 8901 8900 8906
f 7440 8907 8901
f 8907 8900 8901
f 6967 8909 8912
f 8909 8905 8912
f 7444 8910 8909
f 8910 8905 8909
f 7424 8906 8910
f 8906 8905 8910
f 7442 8912 8906
f 8912 8905 8906
f 6974 8856 8914
f 8856 8855 8914
f 7425 8902 8856
f 8902 8855 8856
f 7424 8910 8902
f 8910 8855 8902
f 7444 8914 8910
f 8914 8855 8910
f 6962 8915 8724
f 8915 8723 8724
f 7445 8916 8915
f 8916 8723 8915
f 7383 8917 8916
f 8917 8723 8916
f 7384 8724 8917
f 8724 8723 8917
f 6961 8889 8919
f 8889 8888 8919
f 7439 8918 8889
f 8918 8888 8889
f 7383 8916 8918
f 8916 8888 8918
f 7445 8919 8916
f 8919 8888 8916
f 6977 8921 8896
f 8921 8895 8896
f 7447 8922 8921
f 8922 8895 8921
f 7383 8918 8922
f 8918 8895 8922
f 7439 8896 8918
f 8896 8895 8918
f 6978 8732 8924
f 8732 8731 8924
f 7384 8917 8732
f 8917 8731 8732
f 7383 8922 8917
f 8922 8731 8917
f 7447 8924 8922
f 8924 8731 8922
f 6959 8925 8870
f 8925 8869 8870
f 7448 8926 8925
f 8926 8869 8925
f 7403 8927 8926
f 8927 8869 8926
f 7431 8870 8927
f 8870 8869 8927
f 6966 8766 8929
f 8766 8765 8929
f 7404 8928 8766
f 8928 8765 8766
f 7403 8926 8928
f 8926 8765 8928
f 7448 8929 8926
f 8929 8765 8926
f 6982 8931 8778
f 8931 8777 8778
f 7450 8932 8931
f 8932 8777 8931
f 7403 8928 8932
f 8928 8777 8932
f 7404 8778 8928
f 8778 8777 8928
f 6975 8878 8934
f 8878 8877 8934
f 7431 8927 8878
f 8927 8877 8878
f 7403 8932 8927
f 8932 8877 8927
f 7450 8934 8932
f 8934 8877 8932
f 6956 8935 8818
f 8935 8817 8818
f 7451 8936 8935
f 8936 8817 8935
f 7415 8937 8936
f 8937 8817 8936
f 7416 8818 8937
f 8818 8817 8937
f 6957 8846 8939
f 8846 8845 8939
f 7428 8938 8846
f 8938 8845 8846
f 7415 8936 8938
f 8936 8845 8938
f 7451 8939 8936
f 8939 8845 8936
f 6973 8941 8858
f 8941 8857 8858
f 7453 8942 8941
f 8942 8857 8941
f 7415 8938 8942
f 8938 8857 8942
f 7428 8858 8938
f 8858 8857 8938
f 6972 8826 8944
f 8826 8825 8944
f 7416 8937 8826
f 8937 8825 8826
f 7415 8942 8937
f 8942 8825 8937
f 7453 8944 8942
f 8944 8825 8942
f 6951 8945 8904
f 8945 8903 8904
f 7454 8947 8945
f 8947 8903 8945
f 7441 8948 8947
f 8948 8903 8947
f 7442 8904 8948
f 8904 8903 8948
f 6952 8950 8953
f 8950 8946 8953
f 7455 8952 8950
f 8952 8946 8950
f 7441 8947 8952
f 8947 8946 8952
f 7454 8953 8947
f 8953 8946 8947
f 6968 8955 8958
f 8955 8951 8958
f 7457 8956 8955
f 8956 8951 8955
f 7441 8952 8956
f 8952 8951 8956
f 7455 8958 8952
f 8958 8951 8952
f 6967 8912 8960
f 8912 8911 8960
f 7442 8948 8912
f 8948 8911 8912
f 7441 8956 8948
f 8956 8911 8948
f 7457 8960 8956
f 8960 8911 8956
f 6952 8961 8950
f 8961 8949 8950
f 7458 8962 8961
f 8962 8949 8961
f 7395 8963 8962
f 8963 8949 8962
f 7455 8950 8963
f 8950 8949 8963
f 6953 8744 8965
f 8744 8743 8965
f 7396 8964 8744
f 8964 8743 8744
f 7395 8962 8964
f 8962 8743 8964
f 7458 8965 8962
f 8965 8743 8962
f 6969 8967 8756
f 8967 8755 8756
f 7460 8968 8967
f 8968 8755 8967
f 7395 8964 8968
f 8964 8755 8968
f 7396 8756 8964
f 8756 8755 8964
f 6968 8958 8970
f 8958 8957 8970
f 7455 8963 8958
f 8963 8957 8958
f 7395 8968 8963
f 8968 8957 8963
f 7460 8970 8968
f 8970 8957 8968
f 6971 8828 8974
f 8828 8827 8974
f 7418 8971 8828
f 8971 8827 8828
f 7417 8973 8971
f 8973 8827 8971
f 7464 8974 8973
f 8974 8827 8973
f 6972 8975 8823
f 8975 8822 8823
f 7461 8977 8975
f 8977 8822 8975
f 7417 8971 8977
f 8971 8822 8977
f 7418 8823 8971
f 8823 8822 8971
f 6988 8979 8982
f 8979 8976 8982
f 7463 8980 8979
f 8980 8976 8979
f 7417 8977 8980
f 8977 8976 8980
f 7461 8982 8977
f 8982 8976 8977
f 6987 8984 8986
f 8984 8972 8986
f 7464 8973 8984
f 8973 8972 8984
f 7417 8980 8973
f 8980 8972 8973
f 7463 8986 8980
f 8986 8972 8980
f 6974 8914 8990
f 8914 8913 8990
f 7444 8987 8914
f 8987 8913 8914
f 7443 8989 8987
f 8989 8913 8987
f 7468 8990 8989
f 8990 8913 8989
f 6967 8991 8909
f 8991 8908 8909
f 7465 8993 8991
f 8993 8908 8991
f 7443 8987 8993
f 8987 8908 8993
f 7444 8909 8987
f 8909 8908 8987
f 6983 8995 8998
f 8995 8992 8998
f 7467 8996 8995
f 8996 8992 8995
f 7443 8993 8996
f 8993 8992 8996
f 7465 8998 8993
f 8998 8992 8993
f 6990 9000 9002
f 9000 8988 9002
f 7468 8989 9000
f 8989 8988 9000
f 7443 8996 8989
f 8996 8988 8989
f 7467 9002 8996
f 9002 8988 8996
f 6970 8796 9006
f 8796 8795 9006
f 7409 9003 8796
f 9003 8795 8796
f 7408 9005 9003
f 9005 8795 9003
f 7471 9006 9005
f 9006 8795 9005
f 6971 8974 8791
f 8974 8790 8791
f 7464 9007 8974
f 9007 8790 8974
f 7408 9003 9007
f 9003 8790 9007
f 7409 8791 9003
f 8791 8790 9003
f 6987 9009 8984
f 9009 8983 8984
f 7470 9010 9009
f 9010 8983 9009
f 7408 9007 9010
f 9007 8983 9010
f 7464 8984 9007
f 8984 8983 9007
f 6986 9012 9014
f 9012 9004 9014
f 7471 9005 9012
f 9005 9004 9012
f 7408 9010 9005
f 9010 9004 9005
f 7470 9014 9010
f 9014 9004 9010
f 6969 8758 9018
f 8758 8757 9018
f 7394 9015 8758
f 9015 8757 8758
f 7393 9017 9015
f 9017 8757 9015
f 7474 9018 9017
f 9018 8757 9017
f 6970 9006 8751
f 9006 8750 8751
f 7471 9019 9006
f 9019 8750 9006
f 7393 9015 9019
f 9015 8750 9019
f 7394 8751 9015
f 8751 8750 9015
f 6986 9021 9012
f 9021 9011 9012
f 7473 9022 9021
f 9022 9011 9021
f 7393 9019 9022
f 9019 9011 9022
f 7471 9012 9019
f 9012 9011 9019
f 6985 9024 9026
f 9024 9016 9026
f 7474 9017 9024
f 9017 9016 9024
f 7393 9022 9017
f 9022 9016 9017
f 7473 9026 9022
f 9026 9016 9022
f 6982 8780 9030
f 8780 8779 9030
f 7402 9027 8780
f 9027 8779 8780
f 7401 9029 9027
f 9029 8779 9027
f 7478 9030 9029
f 9030 8779 9029
f 6981 9031 8773
f 9031 8772 8773
f 7475 9033 9031
f 9033 8772 9031
f 7401 9027 9033
f 9027 8772 9033
f 7402 8773 9027
f 8773 8772 9027
f 6997 9035 9038
f 9035 9032 9038
f 7477 9036 9035
f 9036 9032 9035
f 7401 9033 9036
f 9033 9032 9036
f 7475 9038 9033
f 9038 9032 9033
f 6998 9040 9042
f 9040 9028 9042
f 7478 9029 9040
f 9029 9028 9040
f 7401 9036 9029
f 9036 9028 9029
f 7477 9042 9036
f 9042 9028 9036
f 6968 8970 9046
f 8970 8969 9046
f 7460 9043 8970
f 9043 8969 8970
f 7459 9045 9043
f 9045 8969 9043
f 7481 9046 9045
f 9046 8969 9045
f 6969 9018 8967
f 9018 8966 8967
f 7474 9047 9018
f 9047 8966 9018
f 7459 9043 9047
f 9043 8966 9047
f 7460 8967 9043
f 8967 8966 9043
f 6985 9049 9024
f 9049 9023 9024
f 7480 9050 9049
f 9050 9023 9049
f 7459 9047 9050
f 9047 9023 9050
f 7474 9024 9047
f 9024 9023 9047
f 6984 9052 9054
f 9052 9044 9054
f 7481 9045 9052
f 9045 9044 9052
f 7459 9050 9045
f 9050 9044 9045
f 7480 9054 9050
f 9054 9044 9050
f 6981 8812 9031
f 8812 8811 9031
f 7413 9055 8812
f 9055 8811 8812
f 7412 9056 9055
f 9056 8811 9055
f 7475 9031 9056
f 9031 8811 9056
f 6980 9057 8807
f 9057 8806 8807
f 7482 9059 9057
f 9059 8806 9057
f 7412 9055 9059
f 9055 8806 9059
f 7413 8807 9055
f 8807 8806 9055
f 6996 9061 9064
f 9061 9058 9064
f 7484 9062 9061
f 9062 9058 9061
f 7412 9059 9062
f 9059 9058 9062
f 7482 9064 9059
f 9064 9058 9059
f 6997 9038 9066
f 9038 9037 9066
f 7475 9056 9038
f 9056 9037 9038
f 7412 9062 9056
f 9062 9037 9056
f 7484 9066 9062
f 9066 9037 9062
f 6967 8960 8991
f 8960 8959 8991
f 7457 9067 8960
f 9067 8959 8960
f 7456 9068 9067
f 9068 8959 9067
f 7465 8991 9068
f 8991 8959 9068
f 6968 9046 8955
f 9046 8954 8955
f 7481 9069 9046
f 9069 8954 9046
f 7456 9067 9069
f 9067 8954 9069
f 7457 8955 9067
f 8955 8954 9067
f 6984 9071 9052
f 9071 9051 9052
f 7486 9072 9071
f 9072 9051 9071
f 7456 9069 9072
f 9069 9051 9072
f 7481 9052 9069
f 9052 9051 9069
f 6983 8998 9074
f 8998 8997 9074
f 7465 9068 8998
f 9068 8997 8998
f 7456 9072 9068
f 9072 8997 9068
f 7486 9074 9072
f 9074 8997 9072
f 6980 8838 9057
f 8838 8837 9057
f 7421 9075 8838
f 9075 8837 8838
f 7420 9076 9075
f 9076 8837 9075
f 7482 9057 9076
f 9057 8837 9076
f 6979 9077 8835
f 9077 8834 8835
f 7487 9079 9077
f 9079 8834 9077
f 7420 9075 9079
f 9075 8834 9079
f 7421 8835 9075
f 8835 8834 9075
f 6995 9081 9084
f 9081 9078 9084
f 7488 9082 9081
f 9082 9078 9081
f 7420 9079 9082
f 9079 9078 9082
f 7487 9084 9079
f 9084 9078 9079
f 6996 9064 9086
f 9064 9063 9086
f 7482 9076 9064
f 9076 9063 9064
f 7420 9082 9076
f 9082 9063 9076
f 7488 9086 9082
f 9086 9063 9082
f 6975 8934 9090
f 8934 8933 9090
f 7450 9087 8934
f 9087 8933 8934
f 7449 9089 9087
f 9089 8933 9087
f 7490 9090 9089
f 9090 8933 9089
f 6982 9030 8931
f 9030 8930 8931
f 7478 9091 9030
f 9091 8930 9030
f 7449 9087 9091
f 9087 8930 9091
f 7450 8931 9087
f 8931 8930 9087
f 6998 9093 9040
f 9093 9039 9040
f 7489 9094 9093
f 9094 9039 9093
f 7449 9091 9094
f 9091 9039 9094
f 7478 9040 9091
f 9040 9039 9091
f 6991 9096 9098
f 9096 9088 9098
f 7490 9089 9096
f 9089 9088 9096
f 7449 9094 9089
f 9094 9088 9089
f 7489 9098 9094
f 9098 9088 9094
f 6979 8736 9077
f 8736 8735 9077
f 7386 9099 8736
f 9099 8735 8736
f 7385 9100 9099
f 9100 8735 9099
f 7487 9077 9100
f 9077 8735 9100
f 6978 9101 8729
f 9101 8728 8729
f 7491 9103 9101
f 9103 8728 9101
f 7385 9099 9103
f 9099 8728 9103
f 7386 8729 9099
f 8729 8728 9099
f 6994 9105 9108
f 9105 9102 9108
f 7492 9106 9105
f 9106 9102 9105
f 7385 9103 9106
f 9103 9102 9106
f 7491 9108 9103
f 9108 9102 9103
f 6995 9084 9110
f 9084 9083 9110
f 7487 9100 9084
f 9100 9083 9084
f 7385 9106 9100
f 9106 9083 9100
f 7492 9110 9106
f 9110 9083 9106
f 6978 8924 9101
f 8924 8923 9101
f 7447 9111 8924
f 9111 8923 8924
f 7446 9112 9111
f 9112 8923 9111
f 7491 9101 9112
f 9101 8923 9112
f 6977 9113 8921
f 9113 8920 8921
f 7493 9115 9113
f 9115 8920 9113
f 7446 9111 9115
f 9111 8920 9115
f 7447 8921 9111
f 8921 8920 9111
f 6993 9117 9120
f 9117 9114 9120
f 7494 9118 9117
f 9118 9114 9117
f 7446 9115 9118
f 9115 9114 9118
f 7493 9120 9115
f 9120 9114 9115
f 6994 9108 9122
f 9108 9107 9122
f 7491 9112 9108
f 9112 9107 9108
f 7446 9118 9112
f 9118 9107 9112
f 7494 9122 9118
f 9122 9107 9118
f 6977 8898 9113
f 8898 8897 9113
f 7438 9123 8898
f 9123 8897 8898
f 7437 9124 9123
f 9124 8897 9123
f 7493 9113 9124
f 9113 8897 9124
f 6976 9125 8893
f 9125 8892 8893
f 7495 9127 9125
f 9127 8892 9125
f 7437 9123 9127
f 9123 8892 9127
f 7438 8893 9123
f 8893 8892 9123
f 6992 9129 9132
f 9129 9126 9132
f 7496 9130 9129
f 9130 9126 9129
f 7437 9127 9130
f 9127 9126 9130
f 7495 9132 9127
f 9132 9126 9127
f 6993 9120 9134
f 9120 9119 9134
f 7493 9124 9120
f 9124 9119 9120
f 7437 9130 9124
f 9130 9119 9124
f 7496 9134 9130
f 9134 9119 9130
f 6976 8882 9125
f 8882 8881 9125
f 7433 9135 8882
f 9135 8881 8882
f 7432 9136 9135
f 9136 8881 9135
f 7495 9125 9136
f 9125 8881 9136
f 6975 9090 8875
f 9090 8874 8875
f 7490 9137 9090
f 9137 8874 9090
f 7432 9135 9137
f 9135 8874 9137
f 7433 8875 9135
f 8875 8874 9135
f 6991 9139 9096
f 9139 9095 9096
f 7497 9140 9139
f 9140 9095 9139
f 7432 9137 9140
f 9137 9095 9140
f 7490 9096 9137
f 9096 9095 9137
f 6992 9132 9142
f 9132 9131 9142
f 7495 9136 9132
f 9136 9131 9132
f 7432 9140 9136
f 9140 9131 9136
f 7497 9142 9140
f 9142 9131 9140
f 6973 8860 9146
f 8860 8859 9146
f 7427 9143 8860
f 9143 8859 8860
f 7426 9145 9143
f 9145 8859 9143
f 7499 9146 9145
f 9146 8859 9145
f 6974 8990 8853
f 8990 8852 8853
f 7468 9147 8990
f 9147 8852 8990
f 7426 9143 9147
f 9143 8852 9147
f 7427 8853 9143
f 8853 8852 9143
f 6990 9149 9000
f 9149 8999 9000
f 7498 9150 9149
f 9150 8999 9149
f 7426 9147 9150
f 9147 8999 9150
f 7468 9000 9147
f 9000 8999 9147
f 6989 9152 9154
f 9152 9144 9154
f 7499 9145 9152
f 9145 9144 9152
f 7426 9150 9145
f 9150 9144 9145
f 7498 9154 9150
f 9154 9144 9150
f 6972 8944 8975
f 8944 8943 8975
f 7453 9155 8944
f 9155 8943 8944
f 7452 9156 9155
f 9156 8943 9155
f 7461 8975 9156
f 8975 8943 9156
f 6973 9146 8941
f 9146 8940 8941
f 7499 9157 9146
f 9157 8940 9146
f 7452 9155 9157
f 9155 8940 9157
f 7453 8941 9155
f 8941 8940 9155
f 6989 9159 9152
f 9159 9151 9152
f 7500 9160 9159
f 9160 9151 9159
f 7452 9157 9160
f 9157 9151 9160
f 7499 9152 9157
f 9152 9151 9157
f 6988 8982 9162
f 8982 8981 9162
f 7461 9156 8982
f 9156 8981 8982
f 7452 9160 9156
f 9160 8981 9156
f 7500 9162 9160
f 9162 8981 9160
f 6991 9163 9139
f 9163 9138 9139
f 7501 9164 9163
f 9164 9138 9163
f 7485 9165 9164
f 9165 9138 9164
f 7497 9139 9165
f 9139 9138 9165
f 6983 9074 9167
f 9074 9073 9167
f 7486 9166 9074
f 9166 9073 9074
f 7485 9164 9166
f 9164 9073 9166
f 7501 9167 9164
f 9167 9073 9164
f 6984 9168 9071
f 9168 9070 9071
f 7502 9169 9168
f 9169 9070 9168
f 7485 9166 9169
f 9166 9070 9169
f 7486 9071 9166
f 9071 9070 9166
f 6992 9142 9170
f 9142 9141 9170
f 7497 9165 9142
f 9165 9141 9142
f 7485 9169 9165
f 9169 9141 9165
f 7502 9170 9169
f 9170 9141 9169
f 6992 9170 9129
f 9170 9128 9129
f 7502 9171 9170
f 9171 9128 9170
f 7479 9172 9171
f 9172 9128 9171
f 7496 9129 9172
f 9129 9128 9172
f 6984 9054 9168
f 9054 9053 9168
f 7480 9173 9054
f 9173 9053 9054
f 7479 9171 9173
f 9171 9053 9173
f 7502 9168 9171
f 9168 9053 9171
f 6985 9174 9049
f 9174 9048 9049
f 7503 9175 9174
f 9175 9048 9174
f 7479 9173 9175
f 9173 9048 9175
f 7480 9049 9173
f 9049 9048 9173
f 6993 9134 9176
f 9134 9133 9176
f 7496 9172 9134
f 9172 9133 9134
f 7479 9175 9172
f 9175 9133 9172
f 7503 9176 9175
f 9176 9133 9175
f 6993 9176 9117
f 9176 9116 9117
f 7503 9177 9176
f 9177 9116 9176
f 7472 9178 9177
f 9178 9116 9177
f 7494 9117 9178
f 9117 9116 9178
f 6985 9026 9174
f 9026 9025 9174
f 7473 9179 9026
f 9179 9025 9026
f 7472 9177 9179
f 9177 9025 9179
f 7503 9174 9177
f 9174 9025 9177
f 6986 9180 9021
f 9180 9020 9021
f 7504 9181 9180
f 9181 9020 9180
f 7472 9179 9181
f 9179 9020 9181
f 7473 9021 9179
f 9021 9020 9179
f 6994 9122 9182
f 9122 9121 9182
f 7494 9178 9122
f 9178 9121 9122
f 7472 9181 9178
f 9181 9121 9178
f 7504 9182 9181
f 9182 9121 9181
f 6994 9182 9105
f 9182 9104 9105
f 7504 9183 9182
f 9183 9104 9182
f 7469 9184 9183
f 9184 9104 9183
f 7492 9105 9184
f 9105 9104 9184
f 6986 9014 9180
f 9014 9013 9180
f 7470 9185 9014
f 9185 9013 9014
f 7469 9183 9185
f 9183 9013 9185
f 7504 9180 9183
f 9180 9013 9183
f 6987 9186 9009
f 9186 9008 9009
f 7505 9187 9186
f 9187 9008 9186
f 7469 9185 9187
f 9185 9008 9187
f 7470 9009 9185
f 9009 9008 9185
f 6995 9110 9188
f 9110 9109 9188
f 7492 9184 9110
f 9184 9109 9110
f 7469 9187 9184
f 9187 9109 9184
f 7505 9188 9187
f 9188 9109 9187
f 6995 9188 9081
f 9188 9080 9081
f 7505 9189 9188
f 9189 9080 9188
f 7462 9190 9189
f 9190 9080 9189
f 7488 9081 9190
f 9081 9080 9190
f 6987 8986 9186
f 8986 8985 9186
f 7463 9191 8986
f 9191 8985 8986
f 7462 9189 9191
f 9189 8985 9191
f 7505 9186 9189
f 9186 8985 9189
f 6988 9192 8979
f 9192 8978 8979
f 7506 9193 9192
f 9193 8978 9192
f 7462 9191 9193
f 9191 8978 9193
f 7463 8979 9191
f 8979 8978 9191
f 6996 9086 9194
f 9086 9085 9194
f 7488 9190 9086
f 9190 9085 9086
f 7462 9193 9190
f 9193 9085 9190
f 7506 9194 9193
f 9194 9085 9193
f 6996 9194 9061
f 9194 9060 9061
f 7506 9195 9194
f 9195 9060 9194
f 7483 9196 9195
f 9196 9060 9195
f 7484 9061 9196
f 9061 9060 9196
f 6988 9162 9192
f 9162 9161 9192
f 7500 9197 9162
f 9197 9161 9162
f 7483 9195 9197
f 9195 9161 9197
f 7506 9192 9195
f 9192 9161 9195
f 6989 9198 9159
f 9198 9158 9159
f 7507 9199 9198
f 9199 9158 9198
f 7483 9197 9199
f 9197 9158 9199
f 7500 9159 9197
f 9159 9158 9197
f 6997 9066 9200
f 9066 9065 9200
f 7484 9196 9066
f 9196 9065 9066
f 7483 9199 9196
f 9199 9065 9196
f 7507 9200 9199
f 9200 9065 9199
f 6997 9200 9035
f 9200 9034 9035
f 7507 9201 9200
f 9201 9034 9200
f 7476 9202 9201
f 9202 9034 9201
f 7477 9035 9202
f 9035 9034 9202
f 6989 9154 9198
f 9154 9153 9198
f 7498 9203 9154
f 9203 9153 9154
f 7476 9201 9203
f 9201 9153 9203
f 7507 9198 9201
f 9198 9153 9201
f 6990 9204 9149
f 9204 9148 9149
f 7508 9205 9204
f 9205 9148 9204
f 7476 9203 9205
f 9203 9148 9205
f 7498 9149 9203
f 9149 9148 9203
f 6998 9042 9206
f 9042 9041 9206
f 7477 9202 9042
f 9202 9041 9042
f 7476 9205 9202
f 9205 9041 9202
f 7508 9206 9205
f 9206 9041 9205
f 6998 9206 9093
f 9206 9092 9093
f 7508 9207 9206
f 9207 9092 9206
f 7466 9208 9207
f 9208 9092 9207
f 7489 9093 9208
f 9093 9092 9208
f 6990 9002 9204
f 9002 9001 9204
f 7467 9209 9002
f 9209 9001 9002
f 7466 9207 9209
f 9207 9001 9209
f 7508 9204 9207
f 9204 9001 9207
f 6983 9167 8995
f 9167 8994 8995
f 7501 9210 9167
f 9210 8994 9167
f 7466 9209 9210
f 9209 8994 9210
f 7467 8995 9209
f 8995 8994 9209
f 6991 9098 9163
f 9098 9097 9163
f 7489 9208 9098
f 9208 9097 9098
f 7466 9210 9208
f 9210 9097 9208
f 7501 9163 9210
f 9163 9097 9210
f 7065 9213 9219
f 9213 9211 9219
f 7511 9215 9213
f 9215 9211 9213
f 7509 9217 9215
f 9217 9211 9215
f 7517 9219 9217
f 9219 9211 9217
f 7055 9221 9225
f 9221 9214 9225
f 7513 9223 9221
f 9223 9214 9221
f 7509 9215 9223
f 9215 9214 9223
f 7511 9225 9215
f 9225 9214 9215
f 7056 9227 9230
f 9227 9222 9230
f 7515 9228 9227
f 9228 9222 9227
f 7509 9223 9228
f 9223 9222 9228
f 7513 9230 9223
f 9230 9222 9223
f 7066 9232 9234
f 9232 9216 9234
f 7517 9217 9232
f 9217 9216 9232
f 7509 9228 9217
f 9228 9216 9217
f 7515 9234 9228
f 9234 9216 9228
f 7066 9234 9239
f 9234 9233 9239
f 7515 9235 9234
f 9235 9233 9234
f 7514 9237 9235
f 9237 9233 9235
f 7523 9239 9237
f 9239 9233 9237
f 7056 9241 9227
f 9241 9226 9227
f 7519 9243 9241
f 9243 9226 9241
f 7514 9235 9243
f 9235 9226 9243
f 7515 9227 9235
f 9227 9226 9235
f 7057 9245 9248
f 9245 9242 9248
f 7521 9246 9245
f 9246 9242 9245
f 7514 9243 9246
f 9243 9242 9246
f 7519 9248 9243
f 9248 9242 9243
f 7067 9250 9252
f 9250 9236 9252
f 7523 9237 9250
f 9237 9236 9250
f 7514 9246 9237
f 9246 9236 9237
f 7521 9252 9246
f 9252 9236 9246
f 7067 9252 9257
f 9252 9251 9257
f 7521 9253 9252
f 9253 9251 9252
f 7520 9255 9253
f 9255 9251 9253
f 7529 9257 9255
f 9257 9251 9255
f 7057 9259 9245
f 9259 9244 9245
f 7525 9261 9259
f 9261 9244 9259
f 7520 9253 9261
f 9253 9244 9261
f 7521 9245 9253
f 9245 9244 9253
f 7058 9263 9266
f 9263 9260 9266
f 7527 9264 9263
f 9264 9260 9263
f 7520 9261 9264
f 9261 9260 9264
f 7525 9266 9261
f 9266 9260 9261
f 7068 9268 9270
f 9268 9254 9270
f 7529 9255 9268
f 9255 9254 9268
f 7520 9264 9255
f 9264 9254 9255
f 7527 9270 9264
f 9270 9254 9264
f 7068 9270 9275
f 9270 9269 9275
f 7527 9271 9270
f 9271 9269 9270
f 7526 9273 9271
f 9273 9269 9271
f 7535 9275 9273
f 9275 9269 9273
f 7058 9277 9263
f 9277 9262 9263
f 7531 9279 9277
f 9279 9262 9277
f 7526 9271 9279
f 9271 9262 9279
f 7527 9263 9271
f 9263 9262 9271
f 7059 9281 9284
f 9281 9278 9284
f 7533 9282 9281
f 9282 9278 9281
f 7526 9279 9282
f 9279 9278 9282
f 7531 9284 9279
f 9284 9278 9279
f 7069 9286 9288
f 9286 9272 9288
f 7535 9273 9286
f 9273 9272 9286
f 7526 9282 9273
f 9282 9272 9273
f 7533 9288 9282
f 9288 9272 9282
f 7069 9288 9293
f 9288 9287 9293
f 7533 9289 9288
f 9289 9287 9288
f 7532 9291 9289
f 9291 9287 9289
f 7541 9293 9291
f 9293 9287 9291
f 7059 9295 9281
f 9295 9280 9281
f 7537 9297 9295
f 9297 9280 9295
f 7532 9289 9297
f 9289 9280 9297
f 7533 9281 9289
f 9281 9280 9289
f 7060 9299 9302
f 9299 9296 9302
f 7539 9300 9299
f 9300 9296 9299
f 7532 9297 9300
f 9297 9296 9300
f 7537 9302 9297
f 9302 9296 9297
f 7070 9304 9306
f 9304 9290 9306
f 7541 9291 9304
f 9291 9290 9304
f 7532 9300 9291
f 9300 9290 9291
f 7539 9306 9300
f 9306 9290 9300
f 7070 9306 9311
f 9306 9305 9311
f 7539 9307 9306
f 9307 9305 9306
f 7538 9309 9307
f 9309 9305 9307
f 7547 9311 9309
f 9311 9305 9309
f 7060 9313 9299
f 9313 9298 9299
f 7543 9315 9313
f 9315 9298 9313
f 7538 9307 9315
f 9307 9298 9315
f 7539 9299 9307
f 9299 9298 9307
f 7061 9317 9320
f 9317 9314 9320
f 7545 9318 9317
f 9318 9314 9317
f 7538 9315 9318
f 9315 9314 9318
f 7543 9320 9315
f 9320 9314 9315
f 7071 9322 9324
f 9322 9308 9324
f 7547 9309 9322
f 9309 9308 9322
f 7538 9318 9309
f 9318 9308 9309
f 7545 9324 9318
f 9324 9308 9318
f 7071 9324 9329
f 9324 9323 9329
f 7545 9325 9324
f 9325 9323 9324
f 7544 9327 9325
f 9327 9323 9325
f 7553 9329 9327
f 9329 9323 9327
f 7061 9331 9317
f 9331 9316 9317
f 7549 9333 9331
f 9333 9316 9331
f 7544 9325 9333
f 9325 9316 9333
f 7545 9317 9325
f 9317 9316 9325
f 7062 9335 9338
f 9335 9332 9338
f 7551 9336 9335
f 9336 9332 9335
f 7544 9333 9336
f 9333 9332 9336
f 7549 9338 9333
f 9338 9332 9333
f 7072 9340 9342
f 9340 9326 9342
f 7553 9327 9340
f 9327 9326 9340
f 7544 9336 9327
f 9336 9326 9327
f 7551 9342 9336
f 9342 9326 9336
f 7072 9342 9347
f 9342 9341 9347
f 7551 9343 9342
f 9343 9341 9342
f 7550 9345 9343
f 9345 9341 9343
f 7559 9347 9345
f 9347 9341 9345
f 7062 9349 9335
f 9349 9334 9335
f 7555 9351 9349
f 9351 9334 9349
f 7550 9343 9351
f 9343 9334 9351
f 7551 9335 9343
f 9335 9334 9343
f 7063 9353 9356
f 9353 9350 9356
f 7557 9354 9353
f 9354 9350 9353
f 7550 9351 9354
f 9351 9350 9354
f 7555 9356 9351
f 9356 9350 9351
f 7073 9358 9360
f 9358 9344 9360
f 7559 9345 9358
f 9345 9344 9358
f 7550 9354 9345
f 9354 9344 9345
f 7557 9360 9354
f 9360 9344 9354
f 7073 9360 9365
f 9360 9359 9365
f 7557 9361 9360
f 9361 9359 9360
f 7556 9363 9361
f 9363 9359 9361
f 7564 9365 9363
f 9365 9359 9363
f 7063 9367 9353
f 9367 9352 9353
f 7561 9369 9367
f 9369 9352 9367
f 7556 9361 9369
f 9361 9352 9369
f 7557 9353 9361
f 9353 9352 9361
f 7064 9371 9374
f 9371 9368 9374
f 7562 9372 9371
f 9372 9368 9371
f 7556 9369 9372
f 9369 9368 9372
f 7561 9374 9369
f 9374 9368 9369
f 7074 9376 9378
f 9376 9362 9378
f 7564 9363 9376
f 9363 9362 9376
f 7556 9372 9363
f 9372 9362 9363
f 7562 9378 9372
f 9378 9362 9372
f 7074 9378 9382
f 9378 9377 9382
f 7562 9379 9378
f 9379 9377 9378
f 7510 9380 9379
f 9380 9377 9379
f 7568 9382 9380
f 9382 9377 9380
f 7064 9384 9371
f 9384 9370 9371
f 7566 9385 9384
f 9385 9370 9384
f 7510 9379 9385
f 9379 9370 9385
f 7562 9371 9379
f 9371 9370 9379
f 7055 9225 9388
f 9225 9224 9388
f 7511 9386 9225
f 9386 9224 9225
f 7510 9385 9386
f 9385 9224 9386
f 7566 9388 9385
f 9388 9224 9385
f 7065 9390 9213
f 9390 9212 9213
f 7568 9380 9390
f 9380 9212 9390
f 7510 9386 9380
f 9386 9212 9380
f 7511 9213 9386
f 9213 9212 9386
f 7056 9230 9394
f 9230 9229 9394
f 7513 9391 9230
f 9391 9229 9230
f 7512 9393 9391
f 9393 9229 9391
f 7572 9394 9393
f 9394 9229 9393
f 7055 9395 9221
f 9395 9220 9221
f 7569 9397 9395
f 9397 9220 9395
f 7512 9391 9397
f 9391 9220 9397
f 7513 9221 9391
f 9221 9220 9391
f 7075 9399 9402
f 9399 9396 9402
f 7571 9400 9399
f 9400 9396 9399
f 7512 9397 9400
f 9397 9396 9400
f 7569 9402 9397
f 9402 9396 9397
f 7076 9404 9406
f 9404 9392 9406
f 7572 9393 9404
f 9393 9392 9404
f 7512 9400 9393
f 9400 9392 9393
f 7571 9406 9400
f 9406 9392 9400
f 7068 9275 9410
f 9275 9274 9410
f 7535 9407 9275
f 9407 9274 9275
f 7534 9409 9407
f 9409 9274 9407
f 7576 9410 9409
f 9410 9274 9409
f 7069 9411 9286
f 9411 9285 9286
f 7573 9413 9411
f 9413 9285 9411
f 7534 9407 9413
f 9407 9285 9413
f 7535 9286 9407
f 9286 9285 9407
f 7089 9415 9418
f 9415 9412 9418
f 7575 9416 9415
f 9416 9412 9415
f 7534 9413 9416
f 9413 9412 9416
f 7573 9418 9413
f 9418 9412 9413
f 7088 9420 9422
f 9420 9408 9422
f 7576 9409 9420
f 9409 9408 9420
f 7534 9416 9409
f 9416 9408 9409
f 7575 9422 9416
f 9422 9408 9416
f 7057 9248 9426
f 9248 9247 9426
f 7519 9423 9248
f 9423 9247 9248
f 7518 9425 9423
f 9425 9247 9423
f 7579 9426 9425
f 9426 9247 9425
f 7056 9394 9241
f 9394 9240 9241
f 7572 9427 9394
f 9427 9240 9394
f 7518 9423 9427
f 9423 9240 9427
f 7519 9241 9423
f 9241 9240 9423
f 7076 9429 9404
f 9429 9403 9404
f 7578 9430 9429
f 9430 9403 9429
f 7518 9427 9430
f 9427 9403 9430
f 7572 9404 9427
f 9404 9403 9427
f 7077 9432 9434
f 9432 9424 9434
f 7579 9425 9432
f 9425 9424 9432
f 7518 9430 9425
f 9430 9424 9425
f 7578 9434 9430
f 9434 9424 9430
f 7074 9382 9438
f 9382 9381 9438
f 7568 9435 9382
f 9435 9381 9382
f 7567 9437 9435
f 9437 9381 9435
f 7583 9438 9437
f 9438 9381 9437
f 7065 9439 9390
f 9439 9389 9390
f 7580 9441 9439
f 9441 9389 9439
f 7567 9435 9441
f 9435 9389 9441
f 7568 9390 9435
f 9390 9389 9435
f 7085 9443 9446
f 9443 9440 9446
f 7582 9444 9443
f 9444 9440 9443
f 7567 9441 9444
f 9441 9440 9444
f 7580 9446 9441
f 9446 9440 9441
f 7094 9448 9450
f 9448 9436 9450
f 7583 9437 9448
f 9437 9436 9448
f 7567 9444 9437
f 9444 9436 9437
f 7582 9450 9444
f 9450 9436 9444
f 7069 9293 9411
f 9293 9292 9411
f 7541 9451 9293
f 9451 9292 9293
f 7540 9452 9451
f 9452 9292 9451
f 7573 9411 9452
f 9411 9292 9452
f 7070 9453 9304
f 9453 9303 9304
f 7584 9455 9453
f 9455 9303 9453
f 7540 9451 9455
f 9451 9303 9455
f 7541 9304 9451
f 9304 9303 9451
f 7090 9457 9460
f 9457 9454 9460
f 7586 9458 9457
f 9458 9454 9457
f 7540 9455 9458
f 9455 9454 9458
f 7584 9460 9455
f 9460 9454 9455
f 7089 9418 9462
f 9418 9417 9462
f 7573 9452 9418
f 9452 9417 9418
f 7540 9458 9452
f 9458 9417 9452
f 7586 9462 9458
f 9462 9417 9458
f 7058 9266 9466
f 9266 9265 9466
f 7525 9463 9266
f 9463 9265 9266
f 7524 9465 9463
f 9465 9265 9463
f 7589 9466 9465
f 9466 9265 9465
f 7057 9426 9259
f 9426 9258 9259
f 7579 9467 9426
f 9467 9258 9426
f 7524 9463 9467
f 9463 9258 9467
f 7525 9259 9463
f 9259 9258 9463
f 7077 9469 9432
f 9469 9431 9432
f 7588 9470 9469
f 9470 9431 9469
f 7524 9467 9470
f 9467 9431 9470
f 7579 9432 9467
f 9432 9431 9467
f 7078 9472 9474
f 9472 9464 9474
f 7589 9465 9472
f 9465 9464 9472
f 7524 9470 9465
f 9470 9464 9465
f 7588 9474 9470
f 9474 9464 9470
f 7070 9311 9453
f 9311 9310 9453
f 7547 9475 9311
f 9475 9310 9311
f 7546 9476 9475
f 9476 9310 9475
f 7584 9453 9476
f 9453 9310 9476
f 7071 9477 9322
f 9477 9321 9322
f 7590 9479 9477
f 9479 9321 9477
f 7546 9475 9479
f 9475 9321 9479
f 7547 9322 9475
f 9322 9321 9475
f 7091 9481 9484
f 9481 9478 9484
f 7592 9482 9481
f 9482 9478 9481
f 7546 9479 9482
f 9479 9478 9482
f 7590 9484 9479
f 9484 9478 9479
f 7090 9460 9486
f 9460 9459 9486
f 7584 9476 9460
f 9476 9459 9460
f 7546 9482 9476
f 9482 9459 9476
f 7592 9486 9482
f 9486 9459 9482
f 7059 9284 9490
f 9284 9283 9490
f 7531 9487 9284
f 9487 9283 9284
f 7530 9489 9487
f 9489 9283 9487
f 7595 9490 9489
f 9490 9283 9489
f 7058 9466 9277
f 9466 9276 9277
f 7589 9491 9466
f 9491 9276 9466
f 7530 9487 9491
f 9487 9276 9491
f 7531 9277 9487
f 9277 9276 9487
f 7078 9493 9472
f 9493 9471 9472
f 7594 9494 9493
f 9494 9471 9493
f 7530 9491 9494
f 9491 9471 9494
f 7589 9472 9491
f 9472 9471 9491
f 7079 9496 9498
f 9496 9488 9498
f 7595 9489 9496
f 9489 9488 9496
f 7530 9494 9489
f 9494 9488 9489
f 7594 9498 9494
f 9498 9488 9494
f 7071 9329 9477
f 9329 9328 9477
f 7553 9499 9329
f 9499 9328 9329
f 7552 9500 9499
f 9500 9328 9499
f 7590 9477 9500
f 9477 9328 9500
f 7072 9501 9340
f 9501 9339 9340
f 7596 9503 9501
f 9503 9339 9501
f 7552 9499 9503
f 9499 9339 9503
f 7553 9340 9499
f 9340 9339 9499
f 7092 9505 9508
f 9505 9502 9508
f 7598 9506 9505
f 9506 9502 9505
f 7552 9503 9506
f 9503 9502 9506
f 7596 9508 9503
f 9508 9502 9503
f 7091 9484 9510
f 9484 9483 9510
f 7590 9500 9484
f 9500 9483 9484
f 7552 9506 9500
f 9506 9483 9500
f 7598 9510 9506
f 9510 9483 9506
f 7060 9302 9514
f 9302 9301 9514
f 7537 9511 9302
f 9511 9301 9302
f 7536 9513 9511
f 9513 9301 9511
f 7601 9514 9513
f 9514 9301 9513
f 7059 9490 9295
f 9490 9294 9295
f 7595 9515 9490
f 9515 9294 9490
f 7536 9511 9515
f 9511 9294 9515
f 7537 9295 9511
f 9295 9294 9511
f 7079 9517 9496
f 9517 9495 9496
f 7600 9518 9517
f 9518 9495 9517
f 7536 9515 9518
f 9515 9495 9518
f 7595 9496 9515
f 9496 9495 9515
f 7080 9520 9522
f 9520 9512 9522
f 7601 9513 9520
f 9513 9512 9520
f 7536 9518 9513
f 9518 9512 9513
f 7600 9522 9518
f 9522 9512 9518
f 7055 9388 9395
f 9388 9387 9395
f 7566 9523 9388
f 9523 9387 9388
f 7565 9524 9523
f 9524 9387 9523
f 7569 9395 9524
f 9395 9387 9524
f 7064 9525 9384
f 9525 9383 9384
f 7602 9527 9525
f 9527 9383 9525
f 7565 9523 9527
f 9523 9383 9527
f 7566 9384 9523
f 9384 9383 9523
f 7084 9529 9532
f 9529 9526 9532
f 7604 9530 9529
f 9530 9526 9529
f 7565 9527 9530
f 9527 9526 9530
f 7602 9532 9527
f 9532 9526 9527
f 7075 9402 9534
f 9402 9401 9534
f 7569 9524 9402
f 9524 9401 9402
f 7565 9530 9524
f 9530 9401 9524
f 7604 9534 9530
f 9534 9401 9530
f 7072 9347 9501
f 9347 9346 9501
f 7559 9535 9347
f 9535 9346 9347
f 7558 9536 9535
f 9536 9346 9535
f 7596 9501 9536
f 9501 9346 9536
f 7073 9537 9358
f 9537 9357 9358
f 7605 9539 9537
f 9539 9357 9537
f 7558 9535 9539
f 9535 9357 9539
f 7559 9358 9535
f 9358 9357 9535
f 7093 9541 9544
f 9541 9538 9544
f 7607 9542 9541
f 9542 9538 9541
f 7558 9539 9542
f 9539 9538 9542
f 7605 9544 9539
f 9544 9538 9539
f 7092 9508 9546
f 9508 9507 9546
f 7596 9536 9508
f 9536 9507 9508
f 7558 9542 9536
f 9542 9507 9536
f 7607 9546 9542
f 9546 9507 9542
f 7061 9320 9550
f 9320 9319 9550
f 7543 9547 9320
f 9547 9319 9320
f 7542 9549 9547
f 9549 9319 9547
f 7610 9550 9549
f 9550 9319 9549
f 7060 9514 9313
f 9514 9312 9313
f 7601 9551 9514
f 9551 9312 9514
f 7542 9547 9551
f 9547 9312 9551
f 7543 9313 9547
f 9313 9312 9547
f 7080 9553 9520
f 9553 9519 9520
f 7609 9554 9553
f 9554 9519 9553
f 7542 9551 9554
f 9551 9519 9554
f 7601 9520 9551
f 9520 9519 9551
f 7081 9556 9558
f 9556 9548 9558
f 7610 9549 9556
f 9549 9548 9556
f 7542 9554 9549
f 9554 9548 9549
f 7609 9558 9554
f 9558 9548 9554
f 7073 9365 9537
f 9365 9364 9537
f 7564 9559 9365
f 9559 9364 9365
f 7563 9560 9559
f 9560 9364 9559
f 7605 9537 9560
f 9537 9364 9560
f 7074 9438 9376
f 9438 9375 9376
f 7583 9561 9438
f 9561 9375 9438
f 7563 9559 9561
f 9559 9375 9561
f 7564 9376 9559
f 9376 9375 9559
f 7094 9563 9448
f 9563 9447 9448
f 7612 9564 9563
f 9564 9447 9563
f 7563 9561 9564
f 9561 9447 9564
f 7583 9448 9561
f 9448 9447 9561
f 7093 9544 9566
f 9544 9543 9566
f 7605 9560 9544
f 9560 9543 9544
f 7563 9564 9560
f 9564 9543 9560
f 7612 9566 9564
f 9566 9543 9564
f 7062 9338 9570
f 9338 9337 9570
f 7549 9567 9338
f 9567 9337 9338
f 7548 9569 9567
f 9569 9337 9567
f 7615 9570 9569
f 9570 9337 9569
f 7061 9550 9331
f 9550 9330 9331
f 7610 9571 9550
f 9571 9330 9550
f 7548 9567 9571
f 9567 9330 9571
f 7549 9331 9567
f 9331 9330 9567
f 7081 9573 9556
f 9573 9555 9556
f 7614 9574 9573
f 9574 9555 9573
f 7548 9571 9574
f 9571 9555 9574
f 7610 9556 9571
f 9556 9555 9571
f 7082 9576 9578
f 9576 9568 9578
f 7615 9569 9576
f 9569 9568 9576
f 7548 9574 9569
f 9574 9568 9569
f 7614 9578 9574
f 9578 9568 9574
f 7063 9356 9582
f 9356 9355 9582
f 7555 9579 9356
f 9579 9355 9356
f 7554 9581 9579
f 9581 9355 9579
f 7618 9582 9581
f 9582 9355 9581
f 7062 9570 9349
f 9570 9348 9349
f 7615 9583 9570
f 9583 9348 9570
f 7554 9579 9583
f 9579 9348 9583
f 7555 9349 9579
f 9349 9348 9579
f 7082 9585 9576
f 9585 9575 9576
f 7617 9586 9585
f 9586 9575 9585
f 7554 9583 9586
f 9583 9575 9586
f 7615 9576 9583
f 9576 9575 9583
f 7083 9588 9590
f 9588 9580 9590
f 7618 9581 9588
f 9581 9580 9588
f 7554 9586 9581
f 9586 9580 9581
f 7617 9590 9586
f 9590 9580 9586
f 7064 9374 9525
f 9374 9373 9525
f 7561 9591 9374
f 9591 9373 9374
f 7560 9592 9591
f 9592 9373 9591
f 7602 9525 9592
f 9525 9373 9592
f 7063 9582 9367
f 9582 9366 9367
f 7618 9593 9582
f 9593 9366 9582
f 7560 9591 9593
f 9591 9366 9593
f 7561 9367 9591
f 9367 9366 9591
f 7083 9595 9588
f 9595 9587 9588
f 7620 9596 9595
f 9596 9587 9595
f 7560 9593 9596
f 9593 9587 9596
f 7618 9588 9593
f 9588 9587 9593
f 7084 9532 9598
f 9532 9531 9598
f 7602 9592 9532
f 9592 9531 9532
f 7560 9596 9592
f 9596 9531 9592
f 7620 9598 9596
f 9598 9531 9596
f 7065 9219 9439
f 9219 9218 9439
f 7517 9599 9219
f 9599 9218 9219
f 7516 9600 9599
f 9600 9218 9599
f 7580 9439 9600
f 9439 9218 9600
f 7066 9601 9232
f 9601 9231 9232
f 7621 9603 9601
f 9603 9231 9601
f 7516 9599 9603
f 9599 9231 9603
f 7517 9232 9599
f 9232 9231 9599
f 7086 9605 9608
f 9605 9602 9608
f 7623 9606 9605
f 9606 9602 9605
f 7516 9603 9606
f 9603 9602 9606
f 7621 9608 9603
f 9608 9602 9603
f 7085 9446 9610
f 9446 9445 9610
f 7580 9600 9446
f 9600 9445 9446
f 7516 9606 9600
f 9606 9445 9600
f 7623 9610 9606
f 9610 9445 9606
f 7066 9239 9601
f 9239 9238 9601
f 7523 9611 9239
f 9611 9238 9239
f 7522 9612 9611
f 9612 9238 9611
f 7621 9601 9612
f 9601 9238 9612
f 7067 9613 9250
f 9613 9249 9250
f 7624 9615 9613
f 9615 9249 9613
f 7522 9611 9615
f 9611 9249 9615
f 7523 9250 9611
f 9250 9249 9611
f 7087 9617 9620
f 9617 9614 9620
f 7626 9618 9617
f 9618 9614 9617
f 7522 9615 9618
f 9615 9614 9618
f 7624 9620 9615
f 9620 9614 9615
f 7086 9608 9622
f 9608 9607 9622
f 7621 9612 9608
f 9612 9607 9608
f 7522 9618 9612
f 9618 9607 9612
f 7626 9622 9618
f 9622 9607 9618
f 7067 9257 9613
f 9257 9256 9613
f 7529 9623 9257
f 9623 9256 9257
f 7528 9624 9623
f 9624 9256 9623
f 7624 9613 9624
f 9613 9256 9624
f 7068 9410 9268
f 9410 9267 9268
f 7576 9625 9410
f 9625 9267 9410
f 7528 9623 9625
f 9623 9267 9625
f 7529 9268 9623
f 9268 9267 9623
f 7088 9627 9420
f 9627 9419 9420
f 7628 9628 9627
f 9628 9419 9627
f 7528 9625 9628
f 9625 9419 9628
f 7576 9420 9625
f 9420 9419 9625
f 7087 9620 9630
f 9620 9619 9630
f 7624 9624 9620
f 9624 9619 9620
f 7528 9628 9624
f 9628 9619 9624
f 7628 9630 9628
f 9630 9619 9628
f 7079 9498 9634
f 9498 9497 9634
f 7594 9631 9498
f 9631 9497 9498
f 7593 9633 9631
f 9633 9497 9631
f 7632 9634 9633
f 9634 9497 9633
f 7078 9635 9493
f 9635 9492 9493
f 7629 9637 9635
f 9637 9492 9635
f 7593 9631 9637
f 9631 9492 9637
f 7594 9493 9631
f 9493 9492 9631
f 7098 9639 9642
f 9639 9636 9642
f 7631 9640 9639
f 9640 9636 9639
f 7593 9637 9640
f 9637 9636 9640
f 7629 9642 9637
f 9642 9636 9637
f 7099 9644 9646
f 9644 9632 9646
f 7632 9633 9644
f 9633 9632 9644
f 7593 9640 9633
f 9640 9632 9633
f 7631 9646 9640
f 9646 9632 9640
f 7084 9598 9650
f 9598 9597 9650
f 7620 9647 9598
f 9647 9597 9598
f 7619 9649 9647
f 9649 9597 9647
f 7636 9650 9649
f 9650 9597 9649
f 7083 9651 9595
f 9651 9594 9595
f 7633 9653 9651
f 9653 9594 9651
f 7619 9647 9653
f 9647 9594 9653
f 7620 9595 9647
f 9595 9594 9647
f 7103 9655 9658
f 9655 9652 9658
f 7635 9656 9655
f 9656 9652 9655
f 7619 9653 9656
f 9653 9652 9656
f 7633 9658 9653
f 9658 9652 9653
f 7104 9660 9662
f 9660 9648 9662
f 7636 9649 9660
f 9649 9648 9660
f 7619 9656 9649
f 9656 9648 9649
f 7635 9662 9656
f 9662 9648 9656
f 7075 9534 9666
f 9534 9533 9666
f 7604 9663 9534
f 9663 9533 9534
f 7603 9665 9663
f 9665 9533 9663
f 7639 9666 9665
f 9666 9533 9665
f 7084 9650 9529
f 9650 9528 9529
f 7636 9667 9650
f 9667 9528 9650
f 7603 9663 9667
f 9663 9528 9667
f 7604 9529 9663
f 9529 9528 9663
f 7104 9669 9660
f 9669 9659 9660
f 7638 9670 9669
f 9670 9659 9669
f 7603 9667 9670
f 9667 9659 9670
f 7636 9660 9667
f 9660 9659 9667
f 7095 9672 9674
f 9672 9664 9674
f 7639 9665 9672
f 9665 9664 9672
f 7603 9670 9665
f 9670 9664 9665
f 7638 9674 9670
f 9674 9664 9670
f 7083 9590 9651
f 9590 9589 9651
f 7617 9675 9590
f 9675 9589 9590
f 7616 9676 9675
f 9676 9589 9675
f 7633 9651 9676
f 9651 9589 9676
f 7082 9677 9585
f 9677 9584 9585
f 7640 9679 9677
f 9679 9584 9677
f 7616 9675 9679
f 9675 9584 9679
f 7617 9585 9675
f 9585 9584 9675
f 7102 9681 9684
f 9681 9678 9684
f 7642 9682 9681
f 9682 9678 9681
f 7616 9679 9682
f 9679 9678 9682
f 7640 9684 9679
f 9684 9678 9679
f 7103 9658 9686
f 9658 9657 9686
f 7633 9676 9658
f 9676 9657 9658
f 7616 9682 9676
f 9682 9657 9676
f 7642 9686 9682
f 9686 9657 9682
f 7076 9406 9690
f 9406 9405 9690
f 7571 9687 9406
f 9687 9405 9406
f 7570 9689 9687
f 9689 9405 9687
f 7645 9690 9689
f 9690 9405 9689
f 7075 9666 9399
f 9666 9398 9399
f 7639 9691 9666
f 9691 9398 9666
f 7570 9687 9691
f 9687 9398 9691
f 7571 9399 9687
f 9399 9398 9687
f 7095 9693 9672
f 9693 9671 9672
f 7644 9694 9693
f 9694 9671 9693
f 7570 9691 9694
f 9691 9671 9694
f 7639 9672 9691
f 9672 9671 9691
f 7096 9696 9698
f 9696 9688 9698
f 7645 9689 9696
f 9689 9688 9696
f 7570 9694 9689
f 9694 9688 9689
f 7644 9698 9694
f 9698 9688 9694
f 7082 9578 9677
f 9578 9577 9677
f 7614 9699 9578
f 9699 9577 9578
f 7613 9700 9699
f 9700 9577 9699
f 7640 9677 9700
f 9677 9577 9700
f 7081 9701 9573
f 9701 9572 9573
f 7646 9703 9701
f 9703 9572 9701
f 7613 9699 9703
f 9699 9572 9703
f 7614 9573 9699
f 9573 9572 9699
f 7101 9705 9708
f 9705 9702 9708
f 7648 9706 9705
f 9706 9702 9705
f 7613 9703 9706
f 9703 9702 9706
f 7646 9708 9703
f 9708 9702 9703
f 7102 9684 9710
f 9684 9683 9710
f 7640 9700 9684
f 9700 9683 9684
f 7613 9706 9700
f 9706 9683 9700
f 7648 9710 9706
f 9710 9683 9706
f 7093 9566 9714
f 9566 9565 9714
f 7612 9711 9566
f 9711 9565 9566
f 7611 9713 9711
f 9713 9565 9711
f 7652 9714 9713
f 9714 9565 9713
f 7094 9715 9563
f 9715 9562 9563
f 7649 9717 9715
f 9717 9562 9715
f 7611 9711 9717
f 9711 9562 9717
f 7612 9563 9711
f 9563 9562 9711
f 7114 9719 9722
f 9719 9716 9722
f 7651 9720 9719
f 9720 9716 9719
f 7611 9717 9720
f 9717 9716 9720
f 7649 9722 9717
f 9722 9716 9717
f 7113 9724 9726
f 9724 9712 9726
f 7652 9713 9724
f 9713 9712 9724
f 7611 9720 9713
f 9720 9712 9713
f 7651 9726 9720
f 9726 9712 9720
f 7081 9558 9701
f 9558 9557 9701
f 7609 9727 9558
f 9727 9557 9558
f 7608 9728 9727
f 9728 9557 9727
f 7646 9701 9728
f 9701 9557 9728
f 7080 9729 9553
f 9729 9552 9553
f 7653 9731 9729
f 9731 9552 9729
f 7608 9727 9731
f 9727 9552 9731
f 7609 9553 9727
f 9553 9552 9727
f 7100 9733 9736
f 9733 9730 9736
f 7655 9734 9733
f 9734 9730 9733
f 7608 9731 9734
f 9731 9730 9734
f 7653 9736 9731
f 9736 9730 9731
f 7101 9708 9738
f 9708 9707 9738
f 7646 9728 9708
f 9728 9707 9708
f 7608 9734 9728
f 9734 9707 9728
f 7655 9738 9734
f 9738 9707 9734
f 7092 9546 9742
f 9546 9545 9742
f 7607 9739 9546
f 9739 9545 9546
f 7606 9741 9739
f 9741 9545 9739
f 7658 9742 9741
f 9742 9545 9741
f 7093 9714 9541
f 9714 9540 9541
f 7652 9743 9714
f 9743 9540 9714
f 7606 9739 9743
f 9739 9540 9743
f 7607 9541 9739
f 9541 9540 9739
f 7113 9745 9724
f 9745 9723 9724
f 7657 9746 9745
f 9746 9723 9745
f 7606 9743 9746
f 9743 9723 9746
f 7652 9724 9743
f 9724 9723 9743
f 7112 9748 9750
f 9748 9740 9750
f 7658 9741 9748
f 9741 9740 9748
f 7606 9746 9741
f 9746 9740 9741
f 7657 9750 9746
f 9750 9740 9746
f 7091 9510 9754
f 9510 9509 9754
f 7598 9751 9510
f 9751 9509 9510
f 7597 9753 9751
f 9753 9509 9751
f 7661 9754 9753
f 9754 9509 9753
f 7092 9742 9505
f 9742 9504 9505
f 7658 9755 9742
f 9755 9504 9742
f 7597 9751 9755
f 9751 9504 9755
f 7598 9505 9751
f 9505 9504 9751
f 7112 9757 9748
f 9757 9747 9748
f 7660 9758 9757
f 9758 9747 9757
f 7597 9755 9758
f 9755 9747 9758
f 7658 9748 9755
f 9748 9747 9755
f 7111 9760 9762
f 9760 9752 9762
f 7661 9753 9760
f 9753 9752 9760
f 7597 9758 9753
f 9758 9752 9753
f 7660 9762 9758
f 9762 9752 9758
f 7080 9522 9729
f 9522 9521 9729
f 7600 9763 9522
f 9763 9521 9522
f 7599 9764 9763
f 9764 9521 9763
f 7653 9729 9764
f 9729 9521 9764
f 7079 9634 9517
f 9634 9516 9517
f 7632 9765 9634
f 9765 9516 9634
f 7599 9763 9765
f 9763 9516 9765
f 7600 9517 9763
f 9517 9516 9763
f 7099 9767 9644
f 9767 9643 9644
f 7663 9768 9767
f 9768 9643 9767
f 7599 9765 9768
f 9765 9643 9768
f 7632 9644 9765
f 9644 9643 9765
f 7100 9736 9770
f 9736 9735 9770
f 7653 9764 9736
f 9764 9735 9736
f 7599 9768 9764
f 9768 9735 9764
f 7663 9770 9768
f 9770 9735 9768
f 7078 9474 9635
f 9474 9473 9635
f 7588 9771 9474
f 9771 9473 9474
f 7587 9772 9771
f 9772 9473 9771
f 7629 9635 9772
f 9635 9473 9772
f 7077 9773 9469
f 9773 9468 9469
f 7664 9775 9773
f 9775 9468 9773
f 7587 9771 9775
f 9771 9468 9775
f 7588 9469 9771
f 9469 9468 9771
f 7097 9777 9780
f 9777 9774 9780
f 7666 9778 9777
f 9778 9774 9777
f 7587 9775 9778
f 9775 9774 9778
f 7664 9780 9775
f 9780 9774 9775
f 7098 9642 9782
f 9642 9641 9782
f 7629 9772 9642
f 9772 9641 9642
f 7587 9778 9772
f 9778 9641 9772
f 7666 9782 9778
f 9782 9641 9778
f 7090 9486 9786
f 9486 9485 9786
f 7592 9783 9486
f 9783 9485 9486
f 7591 9785 9783
f 9785 9485 9783
f 7669 9786 9785
f 9786 9485 9785
f 7091 9754 9481
f 9754 9480 9481
f 7661 9787 9754
f 9787 9480 9754
f 7591 9783 9787
f 9783 9480 9787
f 7592 9481 9783
f 9481 9480 9783
f 7111 9789 9760
f 9789 9759 9760
f 7668 9790 9789
f 9790 9759 9789
f 7591 9787 9790
f 9787 9759 9790
f 7661 9760 9787
f 9760 9759 9787
f 7110 9792 9794
f 9792 9784 9794
f 7669 9785 9792
f 9785 9784 9792
f 7591 9790 9785
f 9790 9784 9785
f 7668 9794 9790
f 9794 9784 9790
f 7089 9462 9798
f 9462 9461 9798
f 7586 9795 9462
f 9795 9461 9462
f 7585 9797 9795
f 9797 9461 9795
f 7672 9798 9797
f 9798 9461 9797
f 7090 9786 9457
f 9786 9456 9457
f 7669 9799 9786
f 9799 9456 9786
f 7585 9795 9799
f 9795 9456 9799
f 7586 9457 9795
f 9457 9456 9795
f 7110 9801 9792
f 9801 9791 9792
f 7671 9802 9801
f 9802 9791 9801
f 7585 9799 9802
f 9799 9791 9802
f 7669 9792 9799
f 9792 9791 9799
f 7109 9804 9806
f 9804 9796 9806
f 7672 9797 9804
f 9797 9796 9804
f 7585 9802 9797
f 9802 9796 9797
f 7671 9806 9802
f 9806 9796 9802
f 7094 9450 9715
f 9450 9449 9715
f 7582 9807 9450
f 9807 9449 9450
f 7581 9808 9807
f 9808 9449 9807
f 7649 9715 9808
f 9715 9449 9808
f 7085 9809 9443
f 9809 9442 9443
f 7673 9811 9809
f 9811 9442 9809
f 7581 9807 9811
f 9807 9442 9811
f 7582 9443 9807
f 9443 9442 9807
f 7105 9813 9816
f 9813 9810 9816
f 7675 9814 9813
f 9814 9810 9813
f 7581 9811 9814
f 9811 9810 9814
f 7673 9816 9811
f 9816 9810 9811
f 7114 9722 9818
f 9722 9721 9818
f 7649 9808 9722
f 9808 9721 9722
f 7581 9814 9808
f 9814 9721 9808
f 7675 9818 9814
f 9818 9721 9814
f 7088 9422 9822
f 9422 9421 9822
f 7575 9819 9422
f 9819 9421 9422
f 7574 9821 9819
f 9821 9421 9819
f 7678 9822 9821
f 9822 9421 9821
f 7089 9798 9415
f 9798 9414 9415
f 7672 9823 9798
f 9823 9414 9798
f 7574 9819 9823
f 9819 9414 9823
f 7575 9415 9819
f 9415 9414 9819
f 7109 9825 9804
f 9825 9803 9804
f 7677 9826 9825
f 9826 9803 9825
f 7574 9823 9826
f 9823 9803 9826
f 7672 9804 9823
f 9804 9803 9823
f 7108 9828 9830
f 9828 9820 9830
f 7678 9821 9828
f 9821 9820 9828
f 7574 9826 9821
f 9826 9820 9821
f 7677 9830 9826
f 9830 9820 9826
f 7087 9630 9834
f 9630 9629 9834
f 7628 9831 9630
f 9831 9629 9630
f 7627 9833 9831
f 9833 9629 9831
f 7681 9834 9833
f 9834 9629 9833
f 7088 9822 9627
f 9822 9626 9627
f 7678 9835 9822
f 9835 9626 9822
f 7627 9831 9835
f 9831 9626 9835
f 7628 9627 9831
f 9627 9626 9831
f 7108 9837 9828
f 9837 9827 9828
f 7680 9838 9837
f 9838 9827 9837
f 7627 9835 9838
f 9835 9827 9838
f 7678 9828 9835
f 9828 9827 9835
f 7107 9840 9842
f 9840 9832 9842
f 7681 9833 9840
f 9833 9832 9840
f 7627 9838 9833
f 9838 9832 9833
f 7680 9842 9838
f 9842 9832 9838
f 7077 9434 9773
f 9434 9433 9773
f 7578 9843 9434
f 9843 9433 9434
f 7577 9844 9843
f 9844 9433 9843
f 7664 9773 9844
f 9773 9433 9844
f 7076 9690 9429
f 9690 9428 9429
f 7645 9845 9690
f 9845 9428 9690
f 7577 9843 9845
f 9843 9428 9845
f 7578 9429 9843
f 9429 9428 9843
f 7096 9847 9696
f 9847 9695 9696
f 7683 9848 9847
f 9848 9695 9847
f 7577 9845 9848
f 9845 9695 9848
f 7645 9696 9845
f 9696 9695 9845
f 7097 9780 9850
f 9780 9779 9850
f 7664 9844 9780
f 9844 9779 9780
f 7577 9848 9844
f 9848 9779 9844
f 7683 9850 9848
f 9850 9779 9848
f 7086 9622 9854
f 9622 9621 9854
f 7626 9851 9622
f 9851 9621 9622
f 7625 9853 9851
f 9853 9621 9851
f 7686 9854 9853
f 9854 9621 9853
f 7087 9834 9617
f 9834 9616 9617
f 7681 9855 9834
f 9855 9616 9834
f 7625 9851 9855
f 9851 9616 9855
f 7626 9617 9851
f 9617 9616 9851
f 7107 9857 9840
f 9857 9839 9840
f 7685 9858 9857
f 9858 9839 9857
f 7625 9855 9858
f 9855 9839 9858
f 7681 9840 9855
f 9840 9839 9855
f 7106 9860 9862
f 9860 9852 9862
f 7686 9853 9860
f 9853 9852 9860
f 7625 9858 9853
f 9858 9852 9853
f 7685 9862 9858
f 9862 9852 9858
f 7085 9610 9809
f 9610 9609 9809
f 7623 9863 9610
f 9863 9609 9610
f 7622 9864 9863
f 9864 9609 9863
f 7673 9809 9864
f 9809 9609 9864
f 7086 9854 9605
f 9854 9604 9605
f 7686 9865 9854
f 9865 9604 9854
f 7622 9863 9865
f 9863 9604 9865
f 7623 9605 9863
f 9605 9604 9863
f 7106 9867 9860
f 9867 9859 9860
f 7688 9868 9867
f 9868 9859 9867
f 7622 9865 9868
f 9865 9859 9868
f 7686 9860 9865
f 9860 9859 9865
f 7105 9816 9870
f 9816 9815 9870
f 7673 9864 9816
f 9864 9815 9816
f 7622 9868 9864
f 9868 9815 9864
f 7688 9870 9868
f 9870 9815 9868
f 7107 9842 9874
f 9842 9841 9874
f 7680 9871 9842
f 9871 9841 9842
f 7679 9873 9871
f 9873 9841 9871
f 7692 9874 9873
f 9874 9841 9873
f 7108 9875 9837
f 9875 9836 9837
f 7689 9877 9875
f 9877 9836 9875
f 7679 9871 9877
f 9871 9836 9877
f 7680 9837 9871
f 9837 9836 9871
f 7128 9879 9882
f 9879 9876 9882
f 7691 9880 9879
f 9880 9876 9879
f 7679 9877 9880
f 9877 9876 9880
f 7689 9882 9877
f 9882 9876 9877
f 7127 9884 9886
f 9884 9872 9886
f 7692 9873 9884
f 9873 9872 9884
f 7679 9880 9873
f 9880 9872 9873
f 7691 9886 9880
f 9886 9872 9880
f 7104 9662 9890
f 9662 9661 9890
f 7635 9887 9662
f 9887 9661 9662
f 7634 9889 9887
f 9889 9661 9887
f 7696 9890 9889
f 9890 9661 9889
f 7103 9891 9655
f 9891 9654 9655
f 7693 9893 9891
f 9893 9654 9891
f 7634 9887 9893
f 9887 9654 9893
f 7635 9655 9887
f 9655 9654 9887
f 7123 9895 9898
f 9895 9892 9898
f 7695 9896 9895
f 9896 9892 9895
f 7634 9893 9896
f 9893 9892 9896
f 7693 9898 9893
f 9898 9892 9893
f 7124 9900 9902
f 9900 9888 9902
f 7696 9889 9900
f 9889 9888 9900
f 7634 9896 9889
f 9896 9888 9889
f 7695 9902 9896
f 9902 9888 9896
f 7113 9726 9906
f 9726 9725 9906
f 7651 9903 9726
f 9903 9725 9726
f 7650 9905 9903
f 9905 9725 9903
f 7700 9906 9905
f 9906 9725 9905
f 7114 9907 9719
f 9907 9718 9719
f 7697 9909 9907
f 9909 9718 9907
f 7650 9903 9909
f 9903 9718 9909
f 7651 9719 9903
f 9719 9718 9903
f 7134 9911 9914
f 9911 9908 9914
f 7699 9912 9911
f 9912 9908 9911
f 7650 9909 9912
f 9909 9908 9912
f 7697 9914 9909
f 9914 9908 9909
f 7133 9916 9918
f 9916 9904 9918
f 7700 9905 9916
f 9905 9904 9916
f 7650 9912 9905
f 9912 9904 9905
f 7699 9918 9912
f 9918 9904 9912
f 7108 9830 9875
f 9830 9829 9875
f 7677 9919 9830
f 9919 9829 9830
f 7676 9920 9919
f 9920 9829 9919
f 7689 9875 9920
f 9875 9829 9920
f 7109 9921 9825
f 9921 9824 9825
f 7701 9923 9921
f 9923 9824 9921
f 7676 9919 9923
f 9919 9824 9923
f 7677 9825 9919
f 9825 9824 9919
f 7129 9925 9928
f 9925 9922 9928
f 7703 9926 9925
f 9926 9922 9925
f 7676 9923 9926
f 9923 9922 9926
f 7701 9928 9923
f 9928 9922 9923
f 7128 9882 9930
f 9882 9881 9930
f 7689 9920 9882
f 9920 9881 9882
f 7676 9926 9920
f 9926 9881 9920
f 7703 9930 9926
f 9930 9881 9926
f 7109 9806 9921
f 9806 9805 9921
f 7671 9931 9806
f 9931 9805 9806
f 7670 9932 9931
f 9932 9805 9931
f 7701 9921 9932
f 9921 9805 9932
f 7110 9933 9801
f 9933 9800 9801
f 7704 9935 9933
f 9935 9800 9933
f 7670 9931 9935
f 9931 9800 9935
f 7671 9801 9931
f 9801 9800 9931
f 7130 9937 9940
f 9937 9934 9940
f 7706 9938 9937
f 9938 9934 9937
f 7670 9935 9938
f 9935 9934 9938
f 7704 9940 9935
f 9940 9934 9935
f 7129 9928 9942
f 9928 9927 9942
f 7701 9932 9928
f 9932 9927 9928
f 7670 9938 9932
f 9938 9927 9932
f 7706 9942 9938
f 9942 9927 9938
f 7096 9698 9946
f 9698 9697 9946
f 7644 9943 9698
f 9943 9697 9698
f 7643 9945 9943
f 9945 9697 9943
f 7710 9946 9945
f 9946 9697 9945
f 7095 9947 9693
f 9947 9692 9693
f 7707 9949 9947
f 9949 9692 9947
f 7643 9943 9949
f 9943 9692 9949
f 7644 9693 9943
f 9693 9692 9943
f 7115 9951 9954
f 9951 9948 9954
f 7709 9952 9951
f 9952 9948 9951
f 7643 9949 9952
f 9949 9948 9952
f 7707 9954 9949
f 9954 9948 9949
f 7116 9956 9958
f 9956 9944 9958
f 7710 9945 9956
f 9945 9944 9956
f 7643 9952 9945
f 9952 9944 9945
f 7709 9958 9952
f 9958 9944 9952
f 7114 9818 9907
f 9818 9817 9907
f 7675 9959 9818
f 9959 9817 9818
f 7674 9960 9959
f 9960 9817 9959
f 7697 9907 9960
f 9907 9817 9960
f 7105 9961 9813
f 9961 9812 9813
f 7711 9963 9961
f 9963 9812 9961
f 7674 9959 9963
f 9959 9812 9963
f 7675 9813 9959
f 9813 9812 9959
f 7125 9965 9968
f 9965 9962 9968
f 7713 9966 9965
f 9966 9962 9965
f 7674 9963 9966
f 9963 9962 9966
f 7711 9968 9963
f 9968 9962 9963
f 7134 9914 9970
f 9914 9913 9970
f 7697 9960 9914
f 9960 9913 9914
f 7674 9966 9960
f 9966 9913 9960
f 7713 9970 9966
f 9970 9913 9966
f 7097 9850 9974
f 9850 9849 9974
f 7683 9971 9850
f 9971 9849 9850
f 7682 9973 9971
f 9973 9849 9971
f 7716 9974 9973
f 9974 9849 9973
f 7096 9946 9847
f 9946 9846 9847
f 7710 9975 9946
f 9975 9846 9946
f 7682 9971 9975
f 9971 9846 9975
f 7683 9847 9971
f 9847 9846 9971
f 7116 9977 9956
f 9977 9955 9956
f 7715 9978 9977
f 9978 9955 9977
f 7682 9975 9978
f 9975 9955 9978
f 7710 9956 9975
f 9956 9955 9975
f 7117 9980 9982
f 9980 9972 9982
f 7716 9973 9980
f 9973 9972 9980
f 7682 9978 9973
f 9978 9972 9973
f 7715 9982 9978
f 9982 9972 9978
f 7110 9794 9933
f 9794 9793 9933
f 7668 9983 9794
f 9983 9793 9794
f 7667 9984 9983
f 9984 9793 9983
f 7704 9933 9984
f 9933 9793 9984
f 7111 9985 9789
f 9985 9788 9789
f 7717 9987 9985
f 9987 9788 9985
f 7667 9983 9987
f 9983 9788 9987
f 7668 9789 9983
f 9789 9788 9983
f 7131 9989 9992
f 9989 9986 9992
f 7719 9990 9989
f 9990 9986 9989
f 7667 9987 9990
f 9987 9986 9990
f 7717 9992 9987
f 9992 9986 9987
f 7130 9940 9994
f 9940 9939 9994
f 7704 9984 9940
f 9984 9939 9940
f 7667 9990 9984
f 9990 9939 9984
f 7719 9994 9990
f 9994 9939 9990
f 7098 9782 9998
f 9782 9781 9998
f 7666 9995 9782
f 9995 9781 9782
f 7665 9997 9995
f 9997 9781 9995
f 7722 9998 9997
f 9998 9781 9997
f 7097 9974 9777
f 9974 9776 9777
f 7716 9999 9974
f 9999 9776 9974
f 7665 9995 9999
f 9995 9776 9999
f 7666 9777 9995
f 9777 9776 9995
f 7117 10001 9980
f 10001 9979 9980
f 7721 10002 10001
f 10002 9979 10001
f 7665 9999 10002
f 9999 9979 10002
f 7716 9980 9999
f 9980 9979 9999
f 7118 10004 10006
f 10004 9996 10006
f 7722 9997 10004
f 9997 9996 10004
f 7665 10002 9997
f 10002 9996 9997
f 7721 10006 10002
f 10006 9996 10002
f 7099 9646 10010
f 9646 9645 10010
f 7631 10007 9646
f 10007 9645 9646
f 7630 10009 10007
f 10009 9645 10007
f 7725 10010 10009
f 10010 9645 10009
f 7098 9998 9639
f 9998 9638 9639
f 7722 10011 9998
f 10011 9638 9998
f 7630 10007 10011
f 10007 9638 10011
f 7631 9639 10007
f 9639 9638 10007
f 7118 10013 10004
f 10013 10003 10004
f 7724 10014 10013
f 10014 10003 10013
f 7630 10011 10014
f 10011 10003 10014
f 7722 10004 10011
f 10004 10003 10011
f 7119 10016 10018
f 10016 10008 10018
f 7725 10009 10016
f 10009 10008 10016
f 7630 10014 10009
f 10014 10008 10009
f 7724 10018 10014
f 10018 10008 10014
f 7100 9770 10022
f 9770 9769 10022
f 7663 10019 9770
f 10019 9769 9770
f 7662 10021 10019
f 10021 9769 10019
f 7728 10022 10021
f 10022 9769 10021
f 7099 10010 9767
f 10010 9766 9767
f 7725 10023 10010
f 10023 9766 10010
f 7662 10019 10023
f 10019 9766 10023
f 7663 9767 10019
f 9767 9766 10019
f 7119 10025 10016
f 10025 10015 10016
f 7727 10026 10025
f 10026 10015 10025
f 7662 10023 10026
f 10023 10015 10026
f 7725 10016 10023
f 10016 10015 10023
f 7120 10028 10030
f 10028 10020 10030
f 7728 10021 10028
f 10021 10020 10028
f 7662 10026 10021
f 10026 10020 10021
f 7727 10030 10026
f 10030 10020 10026
f 7095 9674 9947
f 9674 9673 9947
f 7638 10031 9674
f 10031 9673 9674
f 7637 10032 10031
f 10032 9673 10031
f 7707 9947 10032
f 9947 9673 10032
f 7104 9890 9669
f 9890 9668 9669
f 7696 10033 9890
f 10033 9668 9890
f 7637 10031 10033
f 10031 9668 10033
f 7638 9669 10031
f 9669 9668 10031
f 7124 10035 9900
f 10035 9899 9900
f 7730 10036 10035
f 10036 9899 10035
f 7637 10033 10036
f 10033 9899 10036
f 7696 9900 10033
f 9900 9899 10033
f 7115 9954 10038
f 9954 9953 10038
f 7707 10032 9954
f 10032 9953 9954
f 7637 10036 10032
f 10036 9953 10032
f 7730 10038 10036
f 10038 9953 10036
f 7101 9738 10042
f 9738 9737 10042
f 7655 10039 9738
f 10039 9737 9738
f 7654 10041 10039
f 10041 9737 10039
f 7733 10042 10041
f 10042 9737 10041
f 7100 10022 9733
f 10022 9732 9733
f 7728 10043 10022
f 10043 9732 10022
f 7654 10039 10043
f 10039 9732 10043
f 7655 9733 10039
f 9733 9732 10039
f 7120 10045 10028
f 10045 10027 10028
f 7732 10046 10045
f 10046 10027 10045
f 7654 10043 10046
f 10043 10027 10046
f 7728 10028 10043
f 10028 10027 10043
f 7121 10048 10050
f 10048 10040 10050
f 7733 10041 10048
f 10041 10040 10048
f 7654 10046 10041
f 10046 10040 10041
f 7732 10050 10046
f 10050 10040 10046
f 7105 9870 9961
f 9870 9869 9961
f 7688 10051 9870
f 10051 9869 9870
f 7687 10052 10051
f 10052 9869 10051
f 7711 9961 10052
f 9961 9869 10052
f 7106 10053 9867
f 10053 9866 9867
f 7734 10055 10053
f 10055 9866 10053
f 7687 10051 10055
f 10051 9866 10055
f 7688 9867 10051
f 9867 9866 10051
f 7126 10057 10060
f 10057 10054 10060
f 7736 10058 10057
f 10058 10054 10057
f 7687 10055 10058
f 10055 10054 10058
f 7734 10060 10055
f 10060 10054 10055
f 7125 9968 10062
f 9968 9967 10062
f 7711 10052 9968
f 10052 9967 9968
f 7687 10058 10052
f 10058 9967 10052
f 7736 10062 10058
f 10062 9967 10058
f 7102 9710 10066
f 9710 9709 10066
f 7648 10063 9710
f 10063 9709 9710
f 7647 10065 10063
f 10065 9709 10063
f 7739 10066 10065
f 10066 9709 10065
f 7101 10042 9705
f 10042 9704 9705
f 7733 10067 10042
f 10067 9704 10042
f 7647 10063 10067
f 10063 9704 10067
f 7648 9705 10063
f 9705 9704 10063
f 7121 10069 10048
f 10069 10047 10048
f 7738 10070 10069
f 10070 10047 10069
f 7647 10067 10070
f 10067 10047 10070
f 7733 10048 10067
f 10048 10047 10067
f 7122 10072 10074
f 10072 10064 10074
f 7739 10065 10072
f 10065 10064 10072
f 7647 10070 10065
f 10070 10064 10065
f 7738 10074 10070
f 10074 10064 10070
f 7111 9762 9985
f 9762 9761 9985
f 7660 10075 9762
f 10075 9761 9762
f 7659 10076 10075
f 10076 9761 10075
f 7717 9985 10076
f 9985 9761 10076
f 7112 10077 9757
f 10077 9756 9757
f 7740 10079 10077
f 10079 9756 10077
f 7659 10075 10079
f 10075 9756 10079
f 7660 9757 10075
f 9757 9756 10075
f 7132 10081 10084
f 10081 10078 10084
f 7742 10082 10081
f 10082 10078 10081
f 7659 10079 10082
f 10079 10078 10082
f 7740 10084 10079
f 10084 10078 10079
f 7131 9992 10086
f 9992 9991 10086
f 7717 10076 9992
f 10076 9991 9992
f 7659 10082 10076
f 10082 9991 10076
f 7742 10086 10082
f 10086 9991 10082
f 7106 9862 10053
f 9862 9861 10053
f 7685 10087 9862
f 10087 9861 9862
f 7684 10088 10087
f 10088 9861 10087
f 7734 10053 10088
f 10053 9861 10088
f 7107 9874 9857
f 9874 9856 9857
f 7692 10089 9874
f 10089 9856 9874
f 7684 10087 10089
f 10087 9856 10089
f 7685 9857 10087
f 9857 9856 10087
f 7127 10091 9884
f 10091 9883 9884
f 7744 10092 10091
f 10092 9883 10091
f 7684 10089 10092
f 10089 9883 10092
f 7692 9884 10089
f 9884 9883 10089
f 7126 10060 10094
f 10060 10059 10094
f 7734 10088 10060
f 10088 10059 10060
f 7684 10092 10088
f 10092 10059 10088
f 7744 10094 10092
f 10094 10059 10092
f 7103 9686 9891
f 9686 9685 9891
f 7642 10095 9686
f 10095 9685 9686
f 7641 10096 10095
f 10096 9685 10095
f 7693 9891 10096
f 9891 9685 10096
f 7102 10066 9681
f 10066 9680 9681
f 7739 10097 10066
f 10097 9680 10066
f 7641 10095 10097
f 10095 9680 10097
f 7642 9681 10095
f 9681 9680 10095
f 7122 10099 10072
f 10099 10071 10072
f 7746 10100 10099
f 10100 10071 10099
f 7641 10097 10100
f 10097 10071 10100
f 7739 10072 10097
f 10072 10071 10097
f 7123 9898 10102
f 9898 9897 10102
f 7693 10096 9898
f 10096 9897 9898
f 7641 10100 10096
f 10100 9897 10096
f 7746 10102 10100
f 10102 9897 10100
f 7112 9750 10077
f 9750 9749 10077
f 7657 10103 9750
f 10103 9749 9750
f 7656 10104 10103
f 10104 9749 10103
f 7740 10077 10104
f 10077 9749 10104
f 7113 9906 9745
f 9906 9744 9745
f 7700 10105 9906
f 10105 9744 9906
f 7656 10103 10105
f 10103 9744 10105
f 7657 9745 10103
f 9745 9744 10103
f 7133 10107 9916
f 10107 9915 9916
f 7748 10108 10107
f 10108 9915 10107
f 7656 10105 10108
f 10105 9915 10108
f 7700 9916 10105
f 9916 9915 10105
f 7132 10084 10110
f 10084 10083 10110
f 7740 10104 10084
f 10104 10083 10084
f 7656 10108 10104
f 10108 10083 10104
f 7748 10110 10108
f 10110 10083 10108
f 7118 10006 10114
f 10006 10005 10114
f 7721 10111 10006
f 10111 10005 10006
f 7720 10113 10111
f 10113 10005 10111
f 7752 10114 10113
f 10114 10005 10113
f 7117 10115 10001
f 10115 10000 10001
f 7749 10117 10115
f 10117 10000 10115
f 7720 10111 10117
f 10111 10000 10117
f 7721 10001 10111
f 10001 10000 10111
f 7137 10119 10122
f 10119 10116 10122
f 7751 10120 10119
f 10120 10116 10119
f 7720 10117 10120
f 10117 10116 10120
f 7749 10122 10117
f 10122 10116 10117
f 7138 10124 10126
f 10124 10112 10126
f 7752 10113 10124
f 10113 10112 10124
f 7720 10120 10113
f 10120 10112 10113
f 7751 10126 10120
f 10126 10112 10120
f 7125 10062 10130
f 10062 10061 10130
f 7736 10127 10062
f 10127 10061 10062
f 7735 10129 10127
f 10129 10061 10127
f 7756 10130 10129
f 10130 10061 10129
f 7126 10131 10057
f 10131 10056 10057
f 7753 10133 10131
f 10133 10056 10131
f 7735 10127 10133
f 10127 10056 10133
f 7736 10057 10127
f 10057 10056 10127
f 7146 10135 10138
f 10135 10132 10138
f 7755 10136 10135
f 10136 10132 10135
f 7735 10133 10136
f 10133 10132 10136
f 7753 10138 10133
f 10138 10132 10133
f 7145 10140 10142
f 10140 10128 10142
f 7756 10129 10140
f 10129 10128 10140
f 7735 10136 10129
f 10136 10128 10129
f 7755 10142 10136
f 10142 10128 10136
f 7115 10038 10146
f 10038 10037 10146
f 7730 10143 10038
f 10143 10037 10038
f 7729 10145 10143
f 10145 10037 10143
f 7759 10146 10145
f 10146 10037 10145
f 7124 10147 10035
f 10147 10034 10035
f 7757 10149 10147
f 10149 10034 10147
f 7729 10143 10149
f 10143 10034 10149
f 7730 10035 10143
f 10035 10034 10143
f 7144 10151 10154
f 10151 10148 10154
f 7758 10152 10151
f 10152 10148 10151
f 7729 10149 10152
f 10149 10148 10152
f 7757 10154 10149
f 10154 10148 10149
f 7135 10156 10158
f 10156 10144 10158
f 7759 10145 10156
f 10145 10144 10156
f 7729 10152 10145
f 10152 10144 10145
f 7758 10158 10152
f 10158 10144 10152
f 7117 9982 10115
f 9982 9981 10115
f 7715 10159 9982
f 10159 9981 9982
f 7714 10160 10159
f 10160 9981 10159
f 7749 10115 10160
f 10115 9981 10160
f 7116 10161 9977
f 10161 9976 9977
f 7760 10163 10161
f 10163 9976 10161
f 7714 10159 10163
f 10159 9976 10163
f 7715 9977 10159
f 9977 9976 10159
f 7136 10165 10168
f 10165 10162 10168
f 7761 10166 10165
f 10166 10162 10165
f 7714 10163 10166
f 10163 10162 10166
f 7760 10168 10163
f 10168 10162 10163
f 7137 10122 10169
f 10122 10121 10169
f 7749 10160 10122
f 10160 10121 10122
f 7714 10166 10160
f 10166 10121 10160
f 7761 10169 10166
f 10169 10121 10166
f 7126 10094 10131
f 10094 10093 10131
f 7744 10170 10094
f 10170 10093 10094
f 7743 10171 10170
f 10171 10093 10170
f 7753 10131 10171
f 10131 10093 10171
f 7127 10172 10091
f 10172 10090 10091
f 7762 10174 10172
f 10174 10090 10172
f 7743 10170 10174
f 10170 10090 10174
f 7744 10091 10170
f 10091 10090 10170
f 7147 10176 10179
f 10176 10173 10179
f 7763 10177 10176
f 10177 10173 10176
f 7743 10174 10177
f 10174 10173 10177
f 7762 10179 10174
f 10179 10173 10174
f 7146 10138 10180
f 10138 10137 10180
f 7753 10171 10138
f 10171 10137 10138
f 7743 10177 10171
f 10177 10137 10171
f 7763 10180 10177
f 10180 10137 10177
f 7116 9958 10161
f 9958 9957 10161
f 7709 10181 9958
f 10181 9957 9958
f 7708 10182 10181
f 10182 9957 10181
f 7760 10161 10182
f 10161 9957 10182
f 7115 10146 9951
f 10146 9950 9951
f 7759 10183 10146
f 10183 9950 10146
f 7708 10181 10183
f 10181 9950 10183
f 7709 9951 10181
f 9951 9950 10181
f 7135 10184 10156
f 10184 10155 10156
f 7764 10185 10184
f 10185 10155 10184
f 7708 10183 10185
f 10183 10155 10185
f 7759 10156 10183
f 10156 10155 10183
f 7136 10168 10186
f 10168 10167 10186
f 7760 10182 10168
f 10182 10167 10168
f 7708 10185 10182
f 10185 10167 10182
f 7764 10186 10185
f 10186 10167 10185
f 7130 9994 10190
f 9994 9993 10190
f 7719 10187 9994
f 10187 9993 9994
f 7718 10189 10187
f 10189 9993 10187
f 7767 10190 10189
f 10190 9993 10189
f 7131 10191 9989
f 10191 9988 9989
f 7765 10193 10191
f 10193 9988 10191
f 7718 10187 10193
f 10187 9988 10193
f 7719 9989 10187
f 9989 9988 10187
f 7151 10195 10198
f 10195 10192 10198
f 7766 10196 10195
f 10196 10192 10195
f 7718 10193 10196
f 10193 10192 10196
f 7765 10198 10193
f 10198 10192 10193
f 7150 10200 10202
f 10200 10188 10202
f 7767 10189 10200
f 10189 10188 10200
f 7718 10196 10189
f 10196 10188 10189
f 7766 10202 10196
f 10202 10188 10196
f 7134 9970 10206
f 9970 9969 10206
f 7713 10203 9970
f 10203 9969 9970
f 7712 10205 10203
f 10205 9969 10203
f 7769 10206 10205
f 10206 9969 10205
f 7125 10130 9965
f 10130 9964 9965
f 7756 10207 10130
f 10207 9964 10130
f 7712 10203 10207
f 10203 9964 10207
f 7713 9965 10203
f 9965 9964 10203
f 7145 10208 10140
f 10208 10139 10140
f 7768 10209 10208
f 10209 10139 10208
f 7712 10207 10209
f 10207 10139 10209
f 7756 10140 10207
f 10140 10139 10207
f 7154 10211 10213
f 10211 10204 10213
f 7769 10205 10211
f 10205 10204 10211
f 7712 10209 10205
f 10209 10204 10205
f 7768 10213 10209
f 10213 10204 10209
f 7127 9886 10172
f 9886 9885 10172
f 7691 10214 9886
f 10214 9885 9886
f 7690 10215 10214
f 10215 9885 10214
f 7762 10172 10215
f 10172 9885 10215
f 7128 10216 9879
f 10216 9878 9879
f 7770 10218 10216
f 10218 9878 10216
f 7690 10214 10218
f 10214 9878 10218
f 7691 9879 10214
f 9879 9878 10214
f 7148 10220 10223
f 10220 10217 10223
f 7771 10221 10220
f 10221 10217 10220
f 7690 10218 10221
f 10218 10217 10221
f 7770 10223 10218
f 10223 10217 10218
f 7147 10179 10224
f 10179 10178 10224
f 7762 10215 10179
f 10215 10178 10179
f 7690 10221 10215
f 10221 10178 10215
f 7771 10224 10221
f 10224 10178 10221
f 7133 9918 10228
f 9918 9917 10228
f 7699 10225 9918
f 10225 9917 9918
f 7698 10227 10225
f 10227 9917 10225
f 7773 10228 10227
f 10228 9917 10227
f 7134 10206 9911
f 10206 9910 9911
f 7769 10229 10206
f 10229 9910 10206
f 7698 10225 10229
f 10225 9910 10229
f 7699 9911 10225
f 9911 9910 10225
f 7154 10230 10211
f 10230 10210 10211
f 7772 10231 10230
f 10231 10210 10230
f 7698 10229 10231
f 10229 10210 10231
f 7769 10211 10229
f 10211 10210 10229
f 7153 10233 10235
f 10233 10226 10235
f 7773 10227 10233
f 10227 10226 10233
f 7698 10231 10227
f 10231 10226 10227
f 7772 10235 10231
f 10235 10226 10231
f 7129 9942 10239
f 9942 9941 10239
f 7706 10236 9942
f 10236 9941 9942
f 7705 10238 10236
f 10238 9941 10236
f 7775 10239 10238
f 10239 9941 10238
f 7130 10190 9937
f 10190 9936 9937
f 7767 10240 10190
f 10240 9936 10190
f 7705 10236 10240
f 10236 9936 10240
f 7706 9937 10236
f 9937 9936 10236
f 7150 10241 10200
f 10241 10199 10200
f 7774 10242 10241
f 10242 10199 10241
f 7705 10240 10242
f 10240 10199 10242
f 7767 10200 10240
f 10200 10199 10240
f 7149 10244 10246
f 10244 10237 10246
f 7775 10238 10244
f 10238 10237 10244
f 7705 10242 10238
f 10242 10237 10238
f 7774 10246 10242
f 10246 10237 10242
f 7132 10110 10250
f 10110 10109 10250
f 7748 10247 10110
f 10247 10109 10110
f 7747 10249 10247
f 10249 10109 10247
f 7777 10250 10249
f 10250 10109 10249
f 7133 10228 10107
f 10228 10106 10107
f 7773 10251 10228
f 10251 10106 10228
f 7747 10247 10251
f 10247 10106 10251
f 7748 10107 10247
f 10107 10106 10247
f 7153 10252 10233
f 10252 10232 10233
f 7776 10253 10252
f 10253 10232 10252
f 7747 10251 10253
f 10251 10232 10253
f 7773 10233 10251
f 10233 10232 10251
f 7152 10255 10257
f 10255 10248 10257
f 7777 10249 10255
f 10249 10248 10255
f 7747 10253 10249
f 10253 10248 10249
f 7776 10257 10253
f 10257 10248 10253
f 7122 10074 10261
f 10074 10073 10261
f 7738 10258 10074
f 10258 10073 10074
f 7737 10260 10258
f 10260 10073 10258
f 7780 10261 10260
f 10261 10073 10260
f 7121 10262 10069
f 10262 10068 10069
f 7778 10264 10262
f 10264 10068 10262
f 7737 10258 10264
f 10258 10068 10264
f 7738 10069 10258
f 10069 10068 10258
f 7141 10266 10269
f 10266 10263 10269
f 7779 10267 10266
f 10267 10263 10266
f 7737 10264 10267
f 10264 10263 10267
f 7778 10269 10264
f 10269 10263 10264
f 7142 10271 10273
f 10271 10259 10273
f 7780 10260 10271
f 10260 10259 10271
f 7737 10267 10260
f 10267 10259 10260
f 7779 10273 10267
f 10273 10259 10267
f 7123 10102 10277
f 10102 10101 10277
f 7746 10274 10102
f 10274 10101 10102
f 7745 10276 10274
f 10276 10101 10274
f 7782 10277 10276
f 10277 10101 10276
f 7122 10261 10099
f 10261 10098 10099
f 7780 10278 10261
f 10278 10098 10261
f 7745 10274 10278
f 10274 10098 10278
f 7746 10099 10274
f 10099 10098 10274
f 7142 10279 10271
f 10279 10270 10271
f 7781 10280 10279
f 10280 10270 10279
f 7745 10278 10280
f 10278 10270 10280
f 7780 10271 10278
f 10271 10270 10278
f 7143 10282 10284
f 10282 10275 10284
f 7782 10276 10282
f 10276 10275 10282
f 7745 10280 10276
f 10280 10275 10276
f 7781 10284 10280
f 10284 10275 10280
f 7121 10050 10262
f 10050 10049 10262
f 7732 10285 10050
f 10285 10049 10050
f 7731 10286 10285
f 10286 10049 10285
f 7778 10262 10286
f 10262 10049 10286
f 7120 10287 10045
f 10287 10044 10045
f 7783 10289 10287
f 10289 10044 10287
f 7731 10285 10289
f 10285 10044 10289
f 7732 10045 10285
f 10045 10044 10285
f 7140 10291 10294
f 10291 10288 10294
f 7784 10292 10291
f 10292 10288 10291
f 7731 10289 10292
f 10289 10288 10292
f 7783 10294 10289
f 10294 10288 10289
f 7141 10269 10295
f 10269 10268 10295
f 7778 10286 10269
f 10286 10268 10269
f 7731 10292 10286
f 10292 10268 10286
f 7784 10295 10292
f 10295 10268 10292
f 7128 9930 10216
f 9930 9929 10216
f 7703 10296 9930
f 10296 9929 9930
f 7702 10297 10296
f 10297 9929 10296
f 7770 10216 10297
f 10216 9929 10297
f 7129 10239 9925
f 10239 9924 9925
f 7775 10298 10239
f 10298 9924 10239
f 7702 10296 10298
f 10296 9924 10298
f 7703 9925 10296
f 9925 9924 10296
f 7149 10299 10244
f 10299 10243 10244
f 7785 10300 10299
f 10300 10243 10299
f 7702 10298 10300
f 10298 10243 10300
f 7775 10244 10298
f 10244 10243 10298
f 7148 10223 10301
f 10223 10222 10301
f 7770 10297 10223
f 10297 10222 10223
f 7702 10300 10297
f 10300 10222 10297
f 7785 10301 10300
f 10301 10222 10300
f 7120 10030 10287
f 10030 10029 10287
f 7727 10302 10030
f 10302 10029 10030
f 7726 10303 10302
f 10303 10029 10302
f 7783 10287 10303
f 10287 10029 10303
f 7119 10304 10025
f 10304 10024 10025
f 7786 10306 10304
f 10306 10024 10304
f 7726 10302 10306
f 10302 10024 10306
f 7727 10025 10302
f 10025 10024 10302
f 7139 10308 10311
f 10308 10305 10311
f 7787 10309 10308
f 10309 10305 10308
f 7726 10306 10309
f 10306 10305 10309
f 7786 10311 10306
f 10311 10305 10306
f 7140 10294 10312
f 10294 10293 10312
f 7783 10303 10294
f 10303 10293 10294
f 7726 10309 10303
f 10309 10293 10303
f 7787 10312 10309
f 10312 10293 10309
f 7124 9902 10147
f 9902 9901 10147
f 7695 10313 9902
f 10313 9901 9902
f 7694 10314 10313
f 10314 9901 10313
f 7757 10147 10314
f 10147 9901 10314
f 7123 10277 9895
f 10277 9894 9895
f 7782 10315 10277
f 10315 9894 10277
f 7694 10313 10315
f 10313 9894 10315
f 7695 9895 10313
f 9895 9894 10313
f 7143 10316 10282
f 10316 10281 10282
f 7788 10317 10316
f 10317 10281 10316
f 7694 10315 10317
f 10315 10281 10317
f 7782 10282 10315
f 10282 10281 10315
f 7144 10154 10318
f 10154 10153 10318
f 7757 10314 10154
f 10314 10153 10154
f 7694 10317 10314
f 10317 10153 10314
f 7788 10318 10317
f 10318 10153 10317
f 7119 10018 10304
f 10018 10017 10304
f 7724 10319 10018
f 10319 10017 10018
f 7723 10320 10319
f 10320 10017 10319
f 7786 10304 10320
f 10304 10017 10320
f 7118 10114 10013
f 10114 10012 10013
f 7752 10321 10114
f 10321 10012 10114
f 7723 10319 10321
f 10319 10012 10321
f 7724 10013 10319
f 10013 10012 10319
f 7138 10322 10124
f 10322 10123 10124
f 7789 10323 10322
f 10323 10123 10322
f 7723 10321 10323
f 10321 10123 10323
f 7752 10124 10321
f 10124 10123 10321
f 7139 10311 10324
f 10311 10310 10324
f 7786 10320 10311
f 10320 10310 10311
f 7723 10323 10320
f 10323 10310 10320
f 7789 10324 10323
f 10324 10310 10323
f 7131 10086 10191
f 10086 10085 10191
f 7742 10325 10086
f 10325 10085 10086
f 7741 10326 10325
f 10326 10085 10325
f 7765 10191 10326
f 10191 10085 10326
f 7132 10250 10081
f 10250 10080 10081
f 7777 10327 10250
f 10327 10080 10250
f 7741 10325 10327
f 10325 10080 10327
f 7742 10081 10325
f 10081 10080 10325
f 7152 10328 10255
f 10328 10254 10255
f 7790 10329 10328
f 10329 10254 10328
f 7741 10327 10329
f 10327 10254 10329
f 7777 10255 10327
f 10255 10254 10327
f 7151 10198 10330
f 10198 10197 10330
f 7765 10326 10198
f 10326 10197 10198
f 7741 10329 10326
f 10329 10197 10326
f 7790 10330 10329
f 10330 10197 10329
f 7135 10158 10184
f 10158 10157 10184
f 7758 10331 10158
f 10331 10157 10158
f 7750 10332 10331
f 10332 10157 10331
f 7764 10184 10332
f 10184 10157 10332
f 7144 10318 10151
f 10318 10150 10151
f 7788 10333 10318
f 10333 10150 10318
f 7750 10331 10333
f 10331 10150 10333
f 7758 10151 10331
f 10151 10150 10331
f 7143 10284 10316
f 10284 10283 10316
f 7781 10334 10284
f 10334 10283 10284
f 7750 10333 10334
f 10333 10283 10334
f 7788 10316 10333
f 10316 10283 10333
f 7142 10273 10279
f 10273 10272 10279
f 7779 10335 10273
f 10335 10272 10273
f 7750 10334 10335
f 10334 10272 10335
f 7781 10279 10334
f 10279 10272 10334
f 7141 10295 10266
f 10295 10265 10266
f 7784 10336 10295
f 10336 10265 10295
f 7750 10335 10336
f 10335 10265 10336
f 7779 10266 10335
f 10266 10265 10335
f 7140 10312 10291
f 10312 10290 10291
f 7787 10337 10312
f 10337 10290 10312
f 7750 10336 10337
f 10336 10290 10337
f 7784 10291 10336
f 10291 10290 10336
f 7139 10324 10308
f 10324 10307 10308
f 7789 10338 10324
f 10338 10307 10324
f 7750 10337 10338
f 10337 10307 10338
f 7787 10308 10337
f 10308 10307 10337
f 7138 10126 10322
f 10126 10125 10322
f 7751 10339 10126
f 10339 10125 10126
f 7750 10338 10339
f 10338 10125 10339
f 7789 10322 10338
f 10322 10125 10338
f 7137 10169 10119
f 10169 10118 10119
f 7761 10340 10169
f 10340 10118 10169
f 7750 10339 10340
f 10339 10118 10340
f 7751 10119 10339
f 10119 10118 10339
f 7136 10186 10165
f 10186 10164 10165
f 7764 10332 10186
f 10332 10164 10186
f 7750 10340 10332
f 10340 10164 10332
f 7761 10165 10340
f 10165 10164 10340
f 7145 10142 10208
f 10142 10141 10208
f 7755 10341 10142
f 10341 10141 10142
f 7754 10342 10341
f 10342 10141 10341
f 7768 10208 10342
f 10208 10141 10342
f 7146 10180 10135
f 10180 10134 10135
f 7763 10343 10180
f 10343 10134 10180
f 7754 10341 10343
f 10341 10134 10343
f 7755 10135 10341
f 10135 10134 10341
f 7147 10224 10176
f 10224 10175 10176
f 7771 10344 10224
f 10344 10175 10224
f 7754 10343 10344
f 10343 10175 10344
f 7763 10176 10343
f 10176 10175 10343
f 7148 10301 10220
f 10301 10219 10220
f 7785 10345 10301
f 10345 10219 10301
f 7754 10344 10345
f 10344 10219 10345
f 7771 10220 10344
f 10220 10219 10344
f 7149 10246 10299
f 10246 10245 10299
f 7774 10346 10246
f 10346 10245 10246
f 7754 10345 10346
f 10345 10245 10346
f 7785 10299 10345
f 10299 10245 10345
f 7150 10202 10241
f 10202 10201 10241
f 7766 10347 10202
f 10347 10201 10202
f 7754 10346 10347
f 10346 10201 10347
f 7774 10241 10346
f 10241 10201 10346
f 7151 10330 10195
f 10330 10194 10195
f 7790 10348 10330
f 10348 10194 10330
f 7754 10347 10348
f 10347 10194 10348
f 7766 10195 10347
f 10195 10194 10347
f 7152 10257 10328
f 10257 10256 10328
f 7776 10349 10257
f 10349 10256 10257
f 7754 10348 10349
f 10348 10256 10349
f 7790 10328 10348
f 10328 10256 10348
f 7153 10235 10252
f 10235 10234 10252
f 7772 10350 10235
f 10350 10234 10235
f 7754 10349 10350
f 10349 10234 10350
f 7776 10252 10349
f 10252 10234 10349
f 7154 10213 10230
f 10213 10212 10230
f 7768 10342 10213
f 10342 10212 10213
f 7754 10350 10342
f 10350 10212 10342
f 7772 10230 10350
f 10230 10212 10350
f 7165 10353 10359
f 10353 10351 10359
f 7793 10355 10353
f 10355 10351 10353
f 7791 10357 10355
f 10357 10351 10355
f 7799 10359 10357
f 10359 10351 10357
f 7166 10361 10365
f 10361 10354 10365
f 7795 10363 10361
f 10363 10354 10361
f 7791 10355 10363
f 10355 10354 10363
f 7793 10365 10355
f 10365 10354 10355
f 7156 10367 10370
f 10367 10362 10370
f 7797 10368 10367
f 10368 10362 10367
f 7791 10363 10368
f 10363 10362 10368
f 7795 10370 10363
f 10370 10362 10363
f 7155 10372 10374
f 10372 10356 10374
f 7799 10357 10372
f 10357 10356 10372
f 7791 10368 10357
f 10368 10356 10357
f 7797 10374 10368
f 10374 10356 10368
f 7166 10376 10361
f 10376 10360 10361
f 7801 10378 10376
f 10378 10360 10376
f 7794 10379 10378
f 10379 10360 10378
f 7795 10361 10379
f 10361 10360 10379
f 7167 10381 10385
f 10381 10377 10385
f 7803 10383 10381
f 10383 10377 10381
f 7794 10378 10383
f 10378 10377 10383
f 7801 10385 10378
f 10385 10377 10378
f 7157 10387 10390
f 10387 10382 10390
f 7805 10388 10387
f 10388 10382 10387
f 7794 10383 10388
f 10383 10382 10388
f 7803 10390 10383
f 10390 10382 10383
f 7156 10370 10392
f 10370 10369 10392
f 7795 10379 10370
f 10379 10369 10370
f 7794 10388 10379
f 10388 10369 10379
f 7805 10392 10388
f 10392 10369 10388
f 7167 10394 10381
f 10394 10380 10381
f 7807 10396 10394
f 10396 10380 10394
f 7802 10397 10396
f 10397 10380 10396
f 7803 10381 10397
f 10381 10380 10397
f 7168 10399 10403
f 10399 10395 10403
f 7809 10401 10399
f 10401 10395 10399
f 7802 10396 10401
f 10396 10395 10401
f 7807 10403 10396
f 10403 10395 10396
f 7158 10405 10408
f 10405 10400 10408
f 7811 10406 10405
f 10406 10400 10405
f 7802 10401 10406
f 10401 10400 10406
f 7809 10408 10401
f 10408 10400 10401
f 7157 10390 10410
f 10390 10389 10410
f 7803 10397 10390
f 10397 10389 10390
f 7802 10406 10397
f 10406 10389 10397
f 7811 10410 10406
f 10410 10389 10406
f 7168 10412 10399
f 10412 10398 10399
f 7813 10414 10412
f 10414 10398 10412
f 7808 10415 10414
f 10415 10398 10414
f 7809 10399 10415
f 10399 10398 10415
f 7169 10417 10421
f 10417 10413 10421
f 7815 10419 10417
f 10419 10413 10417
f 7808 10414 10419
f 10414 10413 10419
f 7813 10421 10414
f 10421 10413 10414
f 7159 10423 10426
f 10423 10418 10426
f 7817 10424 10423
f 10424 10418 10423
f 7808 10419 10424
f 10419 10418 10424
f 7815 10426 10419
f 10426 10418 10419
f 7158 10408 10428
f 10408 10407 10428
f 7809 10415 10408
f 10415 10407 10408
f 7808 10424 10415
f 10424 10407 10415
f 7817 10428 10424
f 10428 10407 10424
f 7169 10430 10417
f 10430 10416 10417
f 7819 10432 10430
f 10432 10416 10430
f 7814 10433 10432
f 10433 10416 10432
f 7815 10417 10433
f 10417 10416 10433
f 7170 10435 10439
f 10435 10431 10439
f 7821 10437 10435
f 10437 10431 10435
f 7814 10432 10437
f 10432 10431 10437
f 7819 10439 10432
f 10439 10431 10432
f 7160 10441 10444
f 10441 10436 10444
f 7823 10442 10441
f 10442 10436 10441
f 7814 10437 10442
f 10437 10436 10442
f 7821 10444 10437
f 10444 10436 10437
f 7159 10426 10446
f 10426 10425 10446
f 7815 10433 10426
f 10433 10425 10426
f 7814 10442 10433
f 10442 10425 10433
f 7823 10446 10442
f 10446 10425 10442
f 7170 10448 10435
f 10448 10434 10435
f 7825 10450 10448
f 10450 10434 10448
f 7820 10451 10450
f 10451 10434 10450
f 7821 10435 10451
f 10435 10434 10451
f 7171 10453 10457
f 10453 10449 10457
f 7827 10455 10453
f 10455 10449 10453
f 7820 10450 10455
f 10450 10449 10455
f 7825 10457 10450
f 10457 10449 10450
f 7161 10459 10462
f 10459 10454 10462
f 7829 10460 10459
f 10460 10454 10459
f 7820 10455 10460
f 10455 10454 10460
f 7827 10462 10455
f 10462 10454 10455
f 7160 10444 10464
f 10444 10443 10464
f 7821 10451 10444
f 10451 10443 10444
f 7820 10460 10451
f 10460 10443 10451
f 7829 10464 10460
f 10464 10443 10460
f 7171 10466 10453
f 10466 10452 10453
f 7831 10468 10466
f 10468 10452 10466
f 7826 10469 10468
f 10469 10452 10468
f 7827 10453 10469
f 10453 10452 10469
f 7172 10471 10475
f 10471 10467 10475
f 7833 10473 10471
f 10473 10467 10471
f 7826 10468 10473
f 10468 10467 10473
f 7831 10475 10468
f 10475 10467 10468
f 7162 10477 10480
f 10477 10472 10480
f 7835 10478 10477
f 10478 10472 10477
f 7826 10473 10478
f 10473 10472 10478
f 7833 10480 10473
f 10480 10472 10473
f 7161 10462 10482
f 10462 10461 10482
f 7827 10469 10462
f 10469 10461 10462
f 7826 10478 10469
f 10478 10461 10469
f 7835 10482 10478
f 10482 10461 10478
f 7172 10484 10471
f 10484 10470 10471
f 7837 10486 10484
f 10486 10470 10484
f 7832 10487 10486
f 10487 10470 10486
f 7833 10471 10487
f 10471 10470 10487
f 7173 10489 10493
f 10489 10485 10493
f 7839 10491 10489
f 10491 10485 10489
f 7832 10486 10491
f 10486 10485 10491
f 7837 10493 10486
f 10493 10485 10486
f 7163 10495 10498
f 10495 10490 10498
f 7841 10496 10495
f 10496 10490 10495
f 7832 10491 10496
f 10491 10490 10496
f 7839 10498 10491
f 10498 10490 10491
f 7162 10480 10500
f 10480 10479 10500
f 7833 10487 10480
f 10487 10479 10480
f 7832 10496 10487
f 10496 10479 10487
f 7841 10500 10496
f 10500 10479 10496
f 7173 10502 10489
f 10502 10488 10489
f 7843 10504 10502
f 10504 10488 10502
f 7838 10505 10504
f 10505 10488 10504
f 7839 10489 10505
f 10489 10488 10505
f 7174 10507 10511
f 10507 10503 10511
f 7844 10509 10507
f 10509 10503 10507
f 7838 10504 10509
f 10504 10503 10509
f 7843 10511 10504
f 10511 10503 10504
f 7164 10513 10516
f 10513 10508 10516
f 7846 10514 10513
f 10514 10508 10513
f 7838 10509 10514
f 10509 10508 10514
f 7844 10516 10509
f 10516 10508 10509
f 7163 10498 10518
f 10498 10497 10518
f 7839 10505 10498
f 10505 10497 10498
f 7838 10514 10505
f 10514 10497 10505
f 7846 10518 10514
f 10518 10497 10514
f 7174 10520 10507
f 10520 10506 10507
f 7848 10521 10520
f 10521 10506 10520
f 7798 10522 10521
f 10522 10506 10521
f 7844 10507 10522
f 10507 10506 10522
f 7165 10359 10525
f 10359 10358 10525
f 7799 10523 10359
f 10523 10358 10359
f 7798 10521 10523
f 10521 10358 10523
f 7848 10525 10521
f 10525 10358 10521
f 7155 10527 10372
f 10527 10371 10372
f 7850 10528 10527
f 10528 10371 10527
f 7798 10523 10528
f 10523 10371 10528
f 7799 10372 10523
f 10372 10371 10523
f 7164 10516 10530
f 10516 10515 10530
f 7844 10522 10516
f 10522 10515 10516
f 7798 10528 10522
f 10528 10515 10522
f 7850 10530 10528
f 10530 10515 10528
f 7156 10531 10367
f 10531 10366 10367
f 7851 10533 10531
f 10533 10366 10531
f 7796 10534 10533
f 10534 10366 10533
f 7797 10367 10534
f 10367 10366 10534
f 7176 10536 10540
f 10536 10532 10540
f 7853 10538 10536
f 10538 10532 10536
f 7796 10533 10538
f 10533 10532 10538
f 7851 10540 10533
f 10540 10532 10533
f 7175 10542 10545
f 10542 10537 10545
f 7854 10543 10542
f 10543 10537 10542
f 7796 10538 10543
f 10538 10537 10543
f 7853 10545 10538
f 10545 10537 10538
f 7155 10374 10546
f 10374 10373 10546
f 7797 10534 10374
f 10534 10373 10374
f 7796 10543 10534
f 10543 10373 10534
f 7854 10546 10543
f 10546 10373 10543
f 7168 10547 10412
f 10547 10411 10412
f 7855 10549 10547
f 10549 10411 10547
f 7812 10550 10549
f 10550 10411 10549
f 7813 10412 10550
f 10412 10411 10550
f 7188 10552 10556
f 10552 10548 10556
f 7857 10554 10552
f 10554 10548 10552
f 7812 10549 10554
f 10549 10548 10554
f 7855 10556 10549
f 10556 10548 10549
f 7189 10558 10561
f 10558 10553 10561
f 7858 10559 10558
f 10559 10553 10558
f 7812 10554 10559
f 10554 10553 10559
f 7857 10561 10554
f 10561 10553 10554
f 7169 10421 10562
f 10421 10420 10562
f 7813 10550 10421
f 10550 10420 10421
f 7812 10559 10550
f 10559 10420 10550
f 7858 10562 10559
f 10562 10420 10559
f 7157 10563 10387
f 10563 10386 10387
f 7859 10565 10563
f 10565 10386 10563
f 7804 10566 10565
f 10566 10386 10565
f 7805 10387 10566
f 10387 10386 10566
f 7177 10568 10571
f 10568 10564 10571
f 7861 10569 10568
f 10569 10564 10568
f 7804 10565 10569
f 10565 10564 10569
f 7859 10571 10565
f 10571 10564 10565
f 7176 10540 10574
f 10540 10539 10574
f 7851 10572 10540
f 10572 10539 10540
f 7804 10569 10572
f 10569 10539 10572
f 7861 10574 10569
f 10574 10539 10569
f 7156 10392 10531
f 10392 10391 10531
f 7805 10566 10392
f 10566 10391 10392
f 7804 10572 10566
f 10572 10391 10566
f 7851 10531 10572
f 10531 10391 10572
f 7174 10575 10520
f 10575 10519 10520
f 7862 10577 10575
f 10577 10519 10575
f 7847 10578 10577
f 10578 10519 10577
f 7848 10520 10578
f 10520 10519 10578
f 7194 10580 10584
f 10580 10576 10584
f 7864 10582 10580
f 10582 10576 10580
f 7847 10577 10582
f 10577 10576 10582
f 7862 10584 10577
f 10584 10576 10577
f 7185 10586 10589
f 10586 10581 10589
f 7865 10587 10586
f 10587 10581 10586
f 7847 10582 10587
f 10582 10581 10587
f 7864 10589 10582
f 10589 10581 10582
f 7165 10525 10590
f 10525 10524 10590
f 7848 10578 10525
f 10578 10524 10525
f 7847 10587 10578
f 10587 10524 10578
f 7865 10590 10587
f 10590 10524 10587
f 7169 10562 10430
f 10562 10429 10430
f 7858 10591 10562
f 10591 10429 10562
f 7818 10592 10591
f 10592 10429 10591
f 7819 10430 10592
f 10430 10429 10592
f 7189 10594 10558
f 10594 10557 10558
f 7867 10596 10594
f 10596 10557 10594
f 7818 10591 10596
f 10591 10557 10596
f 7858 10558 10591
f 10558 10557 10591
f 7190 10598 10601
f 10598 10595 10601
f 7868 10599 10598
f 10599 10595 10598
f 7818 10596 10599
f 10596 10595 10599
f 7867 10601 10596
f 10601 10595 10596
f 7170 10439 10602
f 10439 10438 10602
f 7819 10592 10439
f 10592 10438 10439
f 7818 10599 10592
f 10599 10438 10592
f 7868 10602 10599
f 10602 10438 10599
f 7158 10603 10405
f 10603 10404 10405
f 7869 10605 10603
f 10605 10404 10603
f 7810 10606 10605
f 10606 10404 10605
f 7811 10405 10606
f 10405 10404 10606
f 7178 10608 10611
f 10608 10604 10611
f 7871 10609 10608
f 10609 10604 10608
f 7810 10605 10609
f 10605 10604 10609
f 7869 10611 10605
f 10611 10604 10605
f 7177 10571 10614
f 10571 10570 10614
f 7859 10612 10571
f 10612 10570 10571
f 7810 10609 10612
f 10609 10570 10612
f 7871 10614 10609
f 10614 10570 10609
f 7157 10410 10563
f 10410 10409 10563
f 7811 10606 10410
f 10606 10409 10410
f 7810 10612 10606
f 10612 10409 10606
f 7859 10563 10612
f 10563 10409 10612
f 7170 10602 10448
f 10602 10447 10448
f 7868 10615 10602
f 10615 10447 10602
f 7824 10616 10615
f 10616 10447 10615
f 7825 10448 10616
f 10448 10447 10616
f 7190 10618 10598
f 10618 10597 10598
f 7873 10620 10618
f 10620 10597 10618
f 7824 10615 10620
f 10615 10597 10620
f 7868 10598 10615
f 10598 10597 10615
f 7191 10622 10625
f 10622 10619 10625
f 7874 10623 10622
f 10623 10619 10622
f 7824 10620 10623
f 10620 10619 10623
f 7873 10625 10620
f 10625 10619 10620
f 7171 10457 10626
f 10457 10456 10626
f 7825 10616 10457
f 10616 10456 10457
f 7824 10623 10616
f 10623 10456 10616
f 7874 10626 10623
f 10626 10456 10623
f 7159 10627 10423
f 10627 10422 10423
f 7875 10629 10627
f 10629 10422 10627
f 7816 10630 10629
f 10630 10422 10629
f 7817 10423 10630
f 10423 10422 10630
f 7179 10632 10635
f 10632 10628 10635
f 7877 10633 10632
f 10633 10628 10632
f 7816 10629 10633
f 10629 10628 10633
f 7875 10635 10629
f 10635 10628 10629
f 7178 10611 10638
f 10611 10610 10638
f 7869 10636 10611
f 10636 10610 10611
f 7816 10633 10636
f 10633 10610 10636
f 7877 10638 10633
f 10638 10610 10633
f 7158 10428 10603
f 10428 10427 10603
f 7817 10630 10428
f 10630 10427 10428
f 7816 10636 10630
f 10636 10427 10630
f 7869 10603 10636
f 10603 10427 10636
f 7171 10626 10466
f 10626 10465 10466
f 7874 10639 10626
f 10639 10465 10626
f 7830 10640 10639
f 10640 10465 10639
f 7831 10466 10640
f 10466 10465 10640
f 7191 10642 10622
f 10642 10621 10622
f 7879 10644 10642
f 10644 10621 10642
f 7830 10639 10644
f 10639 10621 10644
f 7874 10622 10639
f 10622 10621 10639
f 7192 10646 10649
f 10646 10643 10649
f 7880 10647 10646
f 10647 10643 10646
f 7830 10644 10647
f 10644 10643 10647
f 7879 10649 10644
f 10649 10643 10644
f 7172 10475 10650
f 10475 10474 10650
f 7831 10640 10475
f 10640 10474 10475
f 7830 10647 10640
f 10647 10474 10640
f 7880 10650 10647
f 10650 10474 10647
f 7160 10651 10441
f 10651 10440 10441
f 7881 10653 10651
f 10653 10440 10651
f 7822 10654 10653
f 10654 10440 10653
f 7823 10441 10654
f 10441 10440 10654
f 7180 10656 10659
f 10656 10652 10659
f 7883 10657 10656
f 10657 10652 10656
f 7822 10653 10657
f 10653 10652 10657
f 7881 10659 10653
f 10659 10652 10653
f 7179 10635 10662
f 10635 10634 10662
f 7875 10660 10635
f 10660 10634 10635
f 7822 10657 10660
f 10657 10634 10660
f 7883 10662 10657
f 10662 10634 10657
f 7159 10446 10627
f 10446 10445 10627
f 7823 10654 10446
f 10654 10445 10446
f 7822 10660 10654
f 10660 10445 10654
f 7875 10627 10660
f 10627 10445 10660
f 7155 10546 10527
f 10546 10526 10527
f 7854 10663 10546
f 10663 10526 10546
f 7849 10664 10663
f 10664 10526 10663
f 7850 10527 10664
f 10527 10526 10664
f 7175 10666 10542
f 10666 10541 10542
f 7885 10668 10666
f 10668 10541 10666
f 7849 10663 10668
f 10663 10541 10668
f 7854 10542 10663
f 10542 10541 10663
f 7184 10670 10673
f 10670 10667 10673
f 7886 10671 10670
f 10671 10667 10670
f 7849 10668 10671
f 10668 10667 10671
f 7885 10673 10668
f 10673 10667 10668
f 7164 10530 10674
f 10530 10529 10674
f 7850 10664 10530
f 10664 10529 10530
f 7849 10671 10664
f 10671 10529 10664
f 7886 10674 10671
f 10674 10529 10671
f 7172 10650 10484
f 10650 10483 10484
f 7880 10675 10650
f 10675 10483 10650
f 7836 10676 10675
f 10676 10483 10675
f 7837 10484 10676
f 10484 10483 10676
f 7192 10678 10646
f 10678 10645 10646
f 7888 10680 10678
f 10680 10645 10678
f 7836 10675 10680
f 10675 10645 10680
f 7880 10646 10675
f 10646 10645 10675
f 7193 10682 10685
f 10682 10679 10685
f 7889 10683 10682
f 10683 10679 10682
f 7836 10680 10683
f 10680 10679 10683
f 7888 10685 10680
f 10685 10679 10680
f 7173 10493 10686
f 10493 10492 10686
f 7837 10676 10493
f 10676 10492 10493
f 7836 10683 10676
f 10683 10492 10676
f 7889 10686 10683
f 10686 10492 10683
f 7161 10687 10459
f 10687 10458 10459
f 7890 10689 10687
f 10689 10458 10687
f 7828 10690 10689
f 10690 10458 10689
f 7829 10459 10690
f 10459 10458 10690
f 7181 10692 10695
f 10692 10688 10695
f 7892 10693 10692
f 10693 10688 10692
f 7828 10689 10693
f 10689 10688 10693
f 7890 10695 10689
f 10695 10688 10689
f 7180 10659 10698
f 10659 10658 10698
f 7881 10696 10659
f 10696 10658 10659
f 7828 10693 10696
f 10693 10658 10696
f 7892 10698 10693
f 10698 10658 10693
f 7160 10464 10651
f 10464 10463 10651
f 7829 10690 10464
f 10690 10463 10464
f 7828 10696 10690
f 10696 10463 10690
f 7881 10651 10696
f 10651 10463 10696
f 7173 10686 10502
f 10686 10501 10502
f 7889 10699 10686
f 10699 10501 10686
f 7842 10700 10699
f 10700 10501 10699
f 7843 10502 10700
f 10502 10501 10700
f 7193 10702 10682
f 10702 10681 10682
f 7894 10703 10702
f 10703 10681 10702
f 7842 10699 10703
f 10699 10681 10703
f 7889 10682 10699
f 10682 10681 10699
f 7194 10584 10706
f 10584 10583 10706
f 7862 10704 10584
f 10704 10583 10584
f 7842 10703 10704
f 10703 10583 10704
f 7894 10706 10703
f 10706 10583 10703
f 7174 10511 10575
f 10511 10510 10575
f 7843 10700 10511
f 10700 10510 10511
f 7842 10704 10700
f 10704 10510 10700
f 7862 10575 10704
f 10575 10510 10704
f 7162 10707 10477
f 10707 10476 10477
f 7895 10709 10707
f 10709 10476 10707
f 7834 10710 10709
f 10710 10476 10709
f 7835 10477 10710
f 10477 10476 10710
f 7182 10712 10715
f 10712 10708 10715
f 7897 10713 10712
f 10713 10708 10712
f 7834 10709 10713
f 10709 10708 10713
f 7895 10715 10709
f 10715 10708 10709
f 7181 10695 10718
f 10695 10694 10718
f 7890 10716 10695
f 10716 10694 10695
f 7834 10713 10716
f 10713 10694 10716
f 7897 10718 10713
f 10718 10694 10713
f 7161 10482 10687
f 10482 10481 10687
f 7835 10710 10482
f 10710 10481 10482
f 7834 10716 10710
f 10716 10481 10710
f 7890 10687 10716
f 10687 10481 10716
f 7163 10719 10495
f 10719 10494 10495
f 7898 10721 10719
f 10721 10494 10719
f 7840 10722 10721
f 10722 10494 10721
f 7841 10495 10722
f 10495 10494 10722
f 7183 10724 10727
f 10724 10720 10727
f 7900 10725 10724
f 10725 10720 10724
f 7840 10721 10725
f 10721 10720 10725
f 7898 10727 10721
f 10727 10720 10721
f 7182 10715 10730
f 10715 10714 10730
f 7895 10728 10715
f 10728 10714 10715
f 7840 10725 10728
f 10725 10714 10728
f 7900 10730 10725
f 10730 10714 10725
f 7162 10500 10707
f 10500 10499 10707
f 7841 10722 10500
f 10722 10499 10500
f 7840 10728 10722
f 10728 10499 10722
f 7895 10707 10728
f 10707 10499 10728
f 7164 10674 10513
f 10674 10512 10513
f 7886 10731 10674
f 10731 10512 10674
f 7845 10732 10731
f 10732 10512 10731
f 7846 10513 10732
f 10513 10512 10732
f 7184 10734 10670
f 10734 10669 10670
f 7902 10735 10734
f 10735 10669 10734
f 7845 10731 10735
f 10731 10669 10735
f 7886 10670 10731
f 10670 10669 10731
f 7183 10727 10738
f 10727 10726 10738
f 7898 10736 10727
f 10736 10726 10727
f 7845 10735 10736
f 10735 10726 10736
f 7902 10738 10735
f 10738 10726 10735
f 7163 10518 10719
f 10518 10517 10719
f 7846 10732 10518
f 10732 10517 10518
f 7845 10736 10732
f 10736 10517 10732
f 7898 10719 10736
f 10719 10517 10736
f 7165 10590 10353
f 10590 10352 10353
f 7865 10739 10590
f 10739 10352 10590
f 7792 10740 10739
f 10740 10352 10739
f 7793 10353 10740
f 10353 10352 10740
f 7185 10742 10586
f 10742 10585 10586
f 7904 10744 10742
f 10744 10585 10742
f 7792 10739 10744
f 10739 10585 10744
f 7865 10586 10739
f 10586 10585 10739
f 7186 10746 10749
f 10746 10743 10749
f 7905 10747 10746
f 10747 10743 10746
f 7792 10744 10747
f 10744 10743 10747
f 7904 10749 10744
f 10749 10743 10744
f 7166 10365 10750
f 10365 10364 10750
f 7793 10740 10365
f 10740 10364 10365
f 7792 10747 10740
f 10747 10364 10740
f 7905 10750 10747
f 10750 10364 10747
f 7166 10750 10376
f 10750 10375 10376
f 7905 10751 10750
f 10751 10375 10750
f 7800 10752 10751
f 10752 10375 10751
f 7801 10376 10752
f 10376 10375 10752
f 7186 10754 10746
f 10754 10745 10746
f 7907 10756 10754
f 10756 10745 10754
f 7800 10751 10756
f 10751 10745 10756
f 7905 10746 10751
f 10746 10745 10751
f 7187 10758 10761
f 10758 10755 10761
f 7908 10759 10758
f 10759 10755 10758
f 7800 10756 10759
f 10756 10755 10759
f 7907 10761 10756
f 10761 10755 10756
f 7167 10385 10762
f 10385 10384 10762
f 7801 10752 10385
f 10752 10384 10385
f 7800 10759 10752
f 10759 10384 10752
f 7908 10762 10759
f 10762 10384 10759
f 7167 10762 10394
f 10762 10393 10394
f 7908 10763 10762
f 10763 10393 10762
f 7806 10764 10763
f 10764 10393 10763
f 7807 10394 10764
f 10394 10393 10764
f 7187 10766 10758
f 10766 10757 10758
f 7910 10767 10766
f 10767 10757 10766
f 7806 10763 10767
f 10763 10757 10767
f 7908 10758 10763
f 10758 10757 10763
f 7188 10556 10770
f 10556 10555 10770
f 7855 10768 10556
f 10768 10555 10556
f 7806 10767 10768
f 10767 10555 10768
f 7910 10770 10767
f 10770 10555 10767
f 7168 10403 10547
f 10403 10402 10547
f 7807 10764 10403
f 10764 10402 10403
f 7806 10768 10764
f 10768 10402 10764
f 7855 10547 10768
f 10547 10402 10768
f 7179 10771 10632
f 10771 10631 10632
f 7911 10773 10771
f 10773 10631 10771
f 7876 10774 10773
f 10774 10631 10773
f 7877 10632 10774
f 10632 10631 10774
f 7199 10776 10780
f 10776 10772 10780
f 7913 10778 10776
f 10778 10772 10776
f 7876 10773 10778
f 10773 10772 10778
f 7911 10780 10773
f 10780 10772 10773
f 7198 10782 10785
f 10782 10777 10785
f 7914 10783 10782
f 10783 10777 10782
f 7876 10778 10783
f 10778 10777 10783
f 7913 10785 10778
f 10785 10777 10778
f 7178 10638 10786
f 10638 10637 10786
f 7877 10774 10638
f 10774 10637 10638
f 7876 10783 10774
f 10783 10637 10774
f 7914 10786 10783
f 10786 10637 10783
f 7184 10787 10734
f 10787 10733 10734
f 7915 10789 10787
f 10789 10733 10787
f 7901 10790 10789
f 10790 10733 10789
f 7902 10734 10790
f 10734 10733 10790
f 7204 10792 10796
f 10792 10788 10796
f 7917 10794 10792
f 10794 10788 10792
f 7901 10789 10794
f 10789 10788 10794
f 7915 10796 10789
f 10796 10788 10789
f 7203 10798 10801
f 10798 10793 10801
f 7918 10799 10798
f 10799 10793 10798
f 7901 10794 10799
f 10794 10793 10799
f 7917 10801 10794
f 10801 10793 10794
f 7183 10738 10802
f 10738 10737 10802
f 7902 10790 10738
f 10790 10737 10738
f 7901 10799 10790
f 10799 10737 10790
f 7918 10802 10799
f 10802 10737 10799
f 7175 10803 10666
f 10803 10665 10666
f 7919 10805 10803
f 10805 10665 10803
f 7884 10806 10805
f 10806 10665 10805
f 7885 10666 10806
f 10666 10665 10806
f 7195 10808 10811
f 10808 10804 10811
f 7921 10809 10808
f 10809 10804 10808
f 7884 10805 10809
f 10805 10804 10809
f 7919 10811 10805
f 10811 10804 10805
f 7204 10796 10814
f 10796 10795 10814
f 7915 10812 10796
f 10812 10795 10796
f 7884 10809 10812
f 10809 10795 10812
f 7921 10814 10809
f 10814 10795 10809
f 7184 10673 10787
f 10673 10672 10787
f 7885 10806 10673
f 10806 10672 10673
f 7884 10812 10806
f 10812 10672 10806
f 7915 10787 10812
f 10787 10672 10812
f 7183 10802 10724
f 10802 10723 10724
f 7918 10815 10802
f 10815 10723 10802
f 7899 10816 10815
f 10816 10723 10815
f 7900 10724 10816
f 10724 10723 10816
f 7203 10818 10798
f 10818 10797 10798
f 7923 10820 10818
f 10820 10797 10818
f 7899 10815 10820
f 10815 10797 10820
f 7918 10798 10815
f 10798 10797 10815
f 7202 10822 10825
f 10822 10819 10825
f 7924 10823 10822
f 10823 10819 10822
f 7899 10820 10823
f 10820 10819 10823
f 7923 10825 10820
f 10825 10819 10820
f 7182 10730 10826
f 10730 10729 10826
f 7900 10816 10730
f 10816 10729 10730
f 7899 10823 10816
f 10823 10729 10816
f 7924 10826 10823
f 10826 10729 10823
f 7176 10827 10536
f 10827 10535 10536
f 7925 10829 10827
f 10829 10535 10827
f 7852 10830 10829
f 10830 10535 10829
f 7853 10536 10830
f 10536 10535 10830
f 7196 10832 10835
f 10832 10828 10835
f 7927 10833 10832
f 10833 10828 10832
f 7852 10829 10833
f 10829 10828 10833
f 7925 10835 10829
f 10835 10828 10829
f 7195 10811 10838
f 10811 10810 10838
f 7919 10836 10811
f 10836 10810 10811
f 7852 10833 10836
f 10833 10810 10836
f 7927 10838 10833
f 10838 10810 10833
f 7175 10545 10803
f 10545 10544 10803
f 7853 10830 10545
f 10830 10544 10545
f 7852 10836 10830
f 10836 10544 10830
f 7919 10803 10836
f 10803 10544 10836
f 7182 10826 10712
f 10826 10711 10712
f 7924 10839 10826
f 10839 10711 10826
f 7896 10840 10839
f 10840 10711 10839
f 7897 10712 10840
f 10712 10711 10840
f 7202 10842 10822
f 10842 10821 10822
f 7929 10844 10842
f 10844 10821 10842
f 7896 10839 10844
f 10839 10821 10844
f 7924 10822 10839
f 10822 10821 10839
f 7201 10846 10849
f 10846 10843 10849
f 7930 10847 10846
f 10847 10843 10846
f 7896 10844 10847
f 10844 10843 10847
f 7929 10849 10844
f 10849 10843 10844
f 7181 10718 10850
f 10718 10717 10850
f 7897 10840 10718
f 10840 10717 10718
f 7896 10847 10840
f 10847 10717 10840
f 7930 10850 10847
f 10850 10717 10847
f 7193 10851 10702
f 10851 10701 10702
f 7931 10853 10851
f 10853 10701 10851
f 7893 10854 10853
f 10854 10701 10853
f 7894 10702 10854
f 10702 10701 10854
f 7213 10856 10860
f 10856 10852 10860
f 7933 10858 10856
f 10858 10852 10856
f 7893 10853 10858
f 10853 10852 10858
f 7931 10860 10853
f 10860 10852 10853
f 7214 10862 10865
f 10862 10857 10865
f 7934 10863 10862
f 10863 10857 10862
f 7893 10858 10863
f 10858 10857 10863
f 7933 10865 10858
f 10865 10857 10858
f 7194 10706 10866
f 10706 10705 10866
f 7894 10854 10706
f 10854 10705 10706
f 7893 10863 10854
f 10863 10705 10854
f 7934 10866 10863
f 10866 10705 10863
f 7181 10850 10692
f 10850 10691 10692
f 7930 10867 10850
f 10867 10691 10850
f 7891 10868 10867
f 10868 10691 10867
f 7892 10692 10868
f 10692 10691 10868
f 7201 10870 10846
f 10870 10845 10846
f 7936 10872 10870
f 10872 10845 10870
f 7891 10867 10872
f 10867 10845 10872
f 7930 10846 10867
f 10846 10845 10867
f 7200 10874 10877
f 10874 10871 10877
f 7937 10875 10874
f 10875 10871 10874
f 7891 10872 10875
f 10872 10871 10875
f 7936 10877 10872
f 10877 10871 10872
f 7180 10698 10878
f 10698 10697 10878
f 7892 10868 10698
f 10868 10697 10698
f 7891 10875 10868
f 10875 10697 10868
f 7937 10878 10875
f 10878 10697 10875
f 7192 10879 10678
f 10879 10677 10678
f 7938 10881 10879
f 10881 10677 10879
f 7887 10882 10881
f 10882 10677 10881
f 7888 10678 10882
f 10678 10677 10882
f 7212 10884 10887
f 10884 10880 10887
f 7940 10885 10884
f 10885 10880 10884
f 7887 10881 10885
f 10881 10880 10885
f 7938 10887 10881
f 10887 10880 10881
f 7213 10860 10890
f 10860 10859 10890
f 7931 10888 10860
f 10888 10859 10860
f 7887 10885 10888
f 10885 10859 10888
f 7940 10890 10885
f 10890 10859 10885
f 7193 10685 10851
f 10685 10684 10851
f 7888 10882 10685
f 10882 10684 10685
f 7887 10888 10882
f 10888 10684 10882
f 7931 10851 10888
f 10851 10684 10888
f 7191 10891 10642
f 10891 10641 10642
f 7941 10893 10891
f 10893 10641 10891
f 7878 10894 10893
f 10894 10641 10893
f 7879 10642 10894
f 10642 10641 10894
f 7211 10896 10899
f 10896 10892 10899
f 7943 10897 10896
f 10897 10892 10896
f 7878 10893 10897
f 10893 10892 10897
f 7941 10899 10893
f 10899 10892 10893
f 7212 10887 10902
f 10887 10886 10902
f 7938 10900 10887
f 10900 10886 10887
f 7878 10897 10900
f 10897 10886 10900
f 7943 10902 10897
f 10902 10886 10897
f 7192 10649 10879
f 10649 10648 10879
f 7879 10894 10649
f 10894 10648 10649
f 7878 10900 10894
f 10900 10648 10894
f 7938 10879 10900
f 10879 10648 10900
f 7180 10878 10656
f 10878 10655 10656
f 7937 10903 10878
f 10903 10655 10878
f 7882 10904 10903
f 10904 10655 10903
f 7883 10656 10904
f 10656 10655 10904
f 7200 10906 10874
f 10906 10873 10874
f 7945 10907 10906
f 10907 10873 10906
f 7882 10903 10907
f 10903 10873 10907
f 7937 10874 10903
f 10874 10873 10903
f 7199 10780 10910
f 10780 10779 10910
f 7911 10908 10780
f 10908 10779 10780
f 7882 10907 10908
f 10907 10779 10908
f 7945 10910 10907
f 10910 10779 10907
f 7179 10662 10771
f 10662 10661 10771
f 7883 10904 10662
f 10904 10661 10662
f 7882 10908 10904
f 10908 10661 10904
f 7911 10771 10908
f 10771 10661 10908
f 7178 10786 10608
f 10786 10607 10608
f 7914 10911 10786
f 10911 10607 10786
f 7870 10912 10911
f 10912 10607 10911
f 7871 10608 10912
f 10608 10607 10912
f 7198 10914 10782
f 10914 10781 10782
f 7947 10916 10914
f 10916 10781 10914
f 7870 10911 10916
f 10911 10781 10916
f 7914 10782 10911
f 10782 10781 10911
f 7197 10918 10921
f 10918 10915 10921
f 7948 10919 10918
f 10919 10915 10918
f 7870 10916 10919
f 10916 10915 10919
f 7947 10921 10916
f 10921 10915 10916
f 7177 10614 10922
f 10614 10613 10922
f 7871 10912 10614
f 10912 10613 10614
f 7870 10919 10912
f 10919 10613 10912
f 7948 10922 10919
f 10922 10613 10919
f 7190 10923 10618
f 10923 10617 10618
f 7949 10925 10923
f 10925 10617 10923
f 7872 10926 10925
f 10926 10617 10925
f 7873 10618 10926
f 10618 10617 10926
f 7210 10928 10931
f 10928 10924 10931
f 7951 10929 10928
f 10929 10924 10928
f 7872 10925 10929
f 10925 10924 10929
f 7949 10931 10925
f 10931 10924 10925
f 7211 10899 10934
f 10899 10898 10934
f 7941 10932 10899
f 10932 10898 10899
f 7872 10929 10932
f 10929 10898 10932
f 7951 10934 10929
f 10934 10898 10929
f 7191 10625 10891
f 10625 10624 10891
f 7873 10926 10625
f 10926 10624 10625
f 7872 10932 10926
f 10932 10624 10926
f 7941 10891 10932
f 10891 10624 10932
f 7189 10935 10594
f 10935 10593 10594
f 7952 10937 10935
f 10937 10593 10935
f 7866 10938 10937
f 10938 10593 10937
f 7867 10594 10938
f 10594 10593 10938
f 7209 10940 10943
f 10940 10936 10943
f 7954 10941 10940
f 10941 10936 10940
f 7866 10937 10941
f 10937 10936 10941
f 7952 10943 10937
f 10943 10936 10937
f 7210 10931 10946
f 10931 10930 10946
f 7949 10944 10931
f 10944 10930 10931
f 7866 10941 10944
f 10941 10930 10944
f 7954 10946 10941
f 10946 10930 10941
f 7190 10601 10923
f 10601 10600 10923
f 7867 10938 10601
f 10938 10600 10601
f 7866 10944 10938
f 10944 10600 10938
f 7949 10923 10944
f 10923 10600 10944
f 7194 10866 10580
f 10866 10579 10580
f 7934 10947 10866
f 10947 10579 10866
f 7863 10948 10947
f 10948 10579 10947
f 7864 10580 10948
f 10580 10579 10948
f 7214 10950 10862
f 10950 10861 10862
f 7956 10952 10950
f 10952 10861 10950
f 7863 10947 10952
f 10947 10861 10952
f 7934 10862 10947
f 10862 10861 10947
f 7205 10954 10957
f 10954 10951 10957
f 7957 10955 10954
f 10955 10951 10954
f 7863 10952 10955
f 10952 10951 10955
f 7956 10957 10952
f 10957 10951 10952
f 7185 10589 10958
f 10589 10588 10958
f 7864 10948 10589
f 10948 10588 10589
f 7863 10955 10948
f 10955 10588 10948
f 7957 10958 10955
f 10958 10588 10955
f 7188 10959 10552
f 10959 10551 10552
f 7958 10961 10959
f 10961 10551 10959
f 7856 10962 10961
f 10962 10551 10961
f 7857 10552 10962
f 10552 10551 10962
f 7208 10964 10967
f 10964 10960 10967
f 7960 10965 10964
f 10965 10960 10964
f 7856 10961 10965
f 10961 10960 10965
f 7958 10967 10961
f 10967 10960 10961
f 7209 10943 10970
f 10943 10942 10970
f 7952 10968 10943
f 10968 10942 10943
f 7856 10965 10968
f 10965 10942 10968
f 7960 10970 10965
f 10970 10942 10965
f 7189 10561 10935
f 10561 10560 10935
f 7857 10962 10561
f 10962 10560 10561
f 7856 10968 10962
f 10968 10560 10962
f 7952 10935 10968
f 10935 10560 10968
f 7187 10971 10766
f 10971 10765 10766
f 7961 10973 10971
f 10973 10765 10971
f 7909 10974 10973
f 10974 10765 10973
f 7910 10766 10974
f 10766 10765 10974
f 7207 10976 10979
f 10976 10972 10979
f 7963 10977 10976
f 10977 10972 10976
f 7909 10973 10977
f 10973 10972 10977
f 7961 10979 10973
f 10979 10972 10973
f 7208 10967 10982
f 10967 10966 10982
f 7958 10980 10967
f 10980 10966 10967
f 7909 10977 10980
f 10977 10966 10980
f 7963 10982 10977
f 10982 10966 10977
f 7188 10770 10959
f 10770 10769 10959
f 7910 10974 10770
f 10974 10769 10770
f 7909 10980 10974
f 10980 10769 10974
f 7958 10959 10980
f 10959 10769 10980
f 7177 10922 10568
f 10922 10567 10568
f 7948 10983 10922
f 10983 10567 10922
f 7860 10984 10983
f 10984 10567 10983
f 7861 10568 10984
f 10568 10567 10984
f 7197 10986 10918
f 10986 10917 10918
f 7965 10987 10986
f 10987 10917 10986
f 7860 10983 10987
f 10983 10917 10987
f 7948 10918 10983
f 10918 10917 10983
f 7196 10835 10990
f 10835 10834 10990
f 7925 10988 10835
f 10988 10834 10835
f 7860 10987 10988
f 10987 10834 10988
f 7965 10990 10987
f 10990 10834 10987
f 7176 10574 10827
f 10574 10573 10827
f 7861 10984 10574
f 10984 10573 10574
f 7860 10988 10984
f 10988 10573 10984
f 7925 10827 10988
f 10827 10573 10988
f 7186 10991 10754
f 10991 10753 10754
f 7966 10993 10991
f 10993 10753 10991
f 7906 10994 10993
f 10994 10753 10993
f 7907 10754 10994
f 10754 10753 10994
f 7206 10996 10999
f 10996 10992 10999
f 7968 10997 10996
f 10997 10992 10996
f 7906 10993 10997
f 10993 10992 10997
f 7966 10999 10993
f 10999 10992 10993
f 7207 10979 11002
f 10979 10978 11002
f 7961 11000 10979
f 11000 10978 10979
f 7906 10997 11000
f 10997 10978 11000
f 7968 11002 10997
f 11002 10978 10997
f 7187 10761 10971
f 10761 10760 10971
f 7907 10994 10761
f 10994 10760 10761
f 7906 11000 10994
f 11000 10760 10994
f 7961 10971 11000
f 10971 10760 11000
f 7185 10958 10742
f 10958 10741 10742
f 7957 11003 10958
f 11003 10741 10958
f 7903 11004 11003
f 11004 10741 11003
f 7904 10742 11004
f 10742 10741 11004
f 7205 11006 10954
f 11006 10953 10954
f 7970 11007 11006
f 11007 10953 11006
f 7903 11003 11007
f 11003 10953 11007
f 7957 10954 11003
f 10954 10953 11003
f 7206 10999 11010
f 10999 10998 11010
f 7966 11008 10999
f 11008 10998 10999
f 7903 11007 11008
f 11007 10998 11008
f 7970 11010 11007
f 11010 10998 11007
f 7186 10749 10991
f 10749 10748 10991
f 7904 11004 10749
f 11004 10748 10749
f 7903 11008 11004
f 11008 10748 11004
f 7966 10991 11008
f 10991 10748 11008
f 7207 11011 10976
f 11011 10975 10976
f 7971 11013 11011
f 11013 10975 11011
f 7962 11014 11013
f 11014 10975 11013
f 7963 10976 11014
f 10976 10975 11014
f 7227 11016 11020
f 11016 11012 11020
f 7973 11018 11016
f 11018 11012 11016
f 7962 11013 11018
f 11013 11012 11018
f 7971 11020 11013
f 11020 11012 11013
f 7228 11022 11025
f 11022 11017 11025
f 7974 11023 11022
f 11023 11017 11022
f 7962 11018 11023
f 11018 11017 11023
f 7973 11025 11018
f 11025 11017 11018
f 7208 10982 11026
f 10982 10981 11026
f 7963 11014 10982
f 11014 10981 10982
f 7962 11023 11014
f 11023 10981 11014
f 7974 11026 11023
f 11026 10981 11023
f 7204 11027 10792
f 11027 10791 10792
f 7975 11029 11027
f 11029 10791 11027
f 7916 11030 11029
f 11030 10791 11029
f 7917 10792 11030
f 10792 10791 11030
f 7224 11032 11036
f 11032 11028 11036
f 7977 11034 11032
f 11034 11028 11032
f 7916 11029 11034
f 11029 11028 11034
f 7975 11036 11029
f 11036 11028 11029
f 7223 11038 11041
f 11038 11033 11041
f 7978 11039 11038
f 11039 11033 11038
f 7916 11034 11039
f 11034 11033 11039
f 7977 11041 11034
f 11041 11033 11034
f 7203 10801 11042
f 10801 10800 11042
f 7917 11030 10801
f 11030 10800 10801
f 7916 11039 11030
f 11039 10800 11030
f 7978 11042 11039
f 11042 10800 11039
f 7213 11043 10856
f 11043 10855 10856
f 7979 11045 11043
f 11045 10855 11043
f 7932 11046 11045
f 11046 10855 11045
f 7933 10856 11046
f 10856 10855 11046
f 7233 11048 11052
f 11048 11044 11052
f 7981 11050 11048
f 11050 11044 11048
f 7932 11045 11050
f 11045 11044 11050
f 7979 11052 11045
f 11052 11044 11045
f 7234 11054 11057
f 11054 11049 11057
f 7982 11055 11054
f 11055 11049 11054
f 7932 11050 11055
f 11050 11049 11055
f 7981 11057 11050
f 11057 11049 11050
f 7214 10865 11058
f 10865 10864 11058
f 7933 11046 10865
f 11046 10864 10865
f 7932 11055 11046
f 11055 10864 11046
f 7982 11058 11055
f 11058 10864 11055
f 7208 11026 10964
f 11026 10963 10964
f 7974 11059 11026
f 11059 10963 11026
f 7959 11060 11059
f 11060 10963 11059
f 7960 10964 11060
f 10964 10963 11060
f 7228 11062 11022
f 11062 11021 11022
f 7984 11064 11062
f 11064 11021 11062
f 7959 11059 11064
f 11059 11021 11064
f 7974 11022 11059
f 11022 11021 11059
f 7229 11066 11069
f 11066 11063 11069
f 7985 11067 11066
f 11067 11063 11066
f 7959 11064 11067
f 11064 11063 11067
f 7984 11069 11064
f 11069 11063 11064
f 7209 10970 11070
f 10970 10969 11070
f 7960 11060 10970
f 11060 10969 10970
f 7959 11067 11060
f 11067 10969 11060
f 7985 11070 11067
f 11070 10969 11067
f 7209 11070 10940
f 11070 10939 10940
f 7985 11071 11070
f 11071 10939 11070
f 7953 11072 11071
f 11072 10939 11071
f 7954 10940 11072
f 10940 10939 11072
f 7229 11074 11066
f 11074 11065 11066
f 7987 11076 11074
f 11076 11065 11074
f 7953 11071 11076
f 11071 11065 11076
f 7985 11066 11071
f 11066 11065 11071
f 7230 11078 11081
f 11078 11075 11081
f 7988 11079 11078
f 11079 11075 11078
f 7953 11076 11079
f 11076 11075 11079
f 7987 11081 11076
f 11081 11075 11076
f 7210 10946 11082
f 10946 10945 11082
f 7954 11072 10946
f 11072 10945 10946
f 7953 11079 11072
f 11079 10945 11072
f 7988 11082 11079
f 11082 10945 11079
f 7196 11083 10832
f 11083 10831 10832
f 7989 11085 11083
f 11085 10831 11083
f 7926 11086 11085
f 11086 10831 11085
f 7927 10832 11086
f 10832 10831 11086
f 7216 11088 11092
f 11088 11084 11092
f 7991 11090 11088
f 11090 11084 11088
f 7926 11085 11090
f 11085 11084 11090
f 7989 11092 11085
f 11092 11084 11085
f 7215 11094 11097
f 11094 11089 11097
f 7992 11095 11094
f 11095 11089 11094
f 7926 11090 11095
f 11090 11089 11095
f 7991 11097 11090
f 11097 11089 11090
f 7195 10838 11098
f 10838 10837 11098
f 7927 11086 10838
f 11086 10837 10838
f 7926 11095 11086
f 11095 10837 11086
f 7992 11098 11095
f 11098 10837 11095
f 7214 11058 10950
f 11058 10949 10950
f 7982 11099 11058
f 11099 10949 11058
f 7955 11100 11099
f 11100 10949 11099
f 7956 10950 11100
f 10950 10949 11100
f 7234 11102 11054
f 11102 11053 11054
f 7994 11104 11102
f 11104 11053 11102
f 7955 11099 11104
f 11099 11053 11104
f 7982 11054 11099
f 11054 11053 11099
f 7225 11106 11109
f 11106 11103 11109
f 7995 11107 11106
f 11107 11103 11106
f 7955 11104 11107
f 11104 11103 11107
f 7994 11109 11104
f 11109 11103 11104
f 7205 10957 11110
f 10957 10956 11110
f 7956 11100 10957
f 11100 10956 10957
f 7955 11107 11100
f 11107 10956 11100
f 7995 11110 11107
f 11110 10956 11107
f 7197 11111 10986
f 11111 10985 10986
f 7996 11113 11111
f 11113 10985 11111
f 7964 11114 11113
f 11114 10985 11113
f 7965 10986 11114
f 10986 10985 11114
f 7217 11116 11119
f 11116 11112 11119
f 7998 11117 11116
f 11117 11112 11116
f 7964 11113 11117
f 11113 11112 11117
f 7996 11119 11113
f 11119 11112 11113
f 7216 11092 11122
f 11092 11091 11122
f 7989 11120 11092
f 11120 11091 11092
f 7964 11117 11120
f 11117 11091 11120
f 7998 11122 11117
f 11122 11091 11117
f 7196 10990 11083
f 10990 10989 11083
f 7965 11114 10990
f 11114 10989 10990
f 7964 11120 11114
f 11120 10989 11114
f 7989 11083 11120
f 11083 10989 11120
f 7210 11082 10928
f 11082 10927 10928
f 7988 11123 11082
f 11123 10927 11082
f 7950 11124 11123
f 11124 10927 11123
f 7951 10928 11124
f 10928 10927 11124
f 7230 11126 11078
f 11126 11077 11078
f 8000 11128 11126
f 11128 11077 11126
f 7950 11123 11128
f 11123 11077 11128
f 7988 11078 11123
f 11078 11077 11123
f 7231 11130 11133
f 11130 11127 11133
f 8001 11131 11130
f 11131 11127 11130
f 7950 11128 11131
f 11128 11127 11131
f 8000 11133 11128
f 11133 11127 11128
f 7211 10934 11134
f 10934 10933 11134
f 7951 11124 10934
f 11124 10933 10934
f 7950 11131 11124
f 11131 10933 11124
f 8001 11134 11131
f 11134 10933 11131
f 7198 11135 10914
f 11135 10913 10914
f 8002 11137 11135
f 11137 10913 11135
f 7946 11138 11137
f 11138 10913 11137
f 7947 10914 11138
f 10914 10913 11138
f 7218 11140 11143
f 11140 11136 11143
f 8004 11141 11140
f 11141 11136 11140
f 7946 11137 11141
f 11137 11136 11141
f 8002 11143 11137
f 11143 11136 11137
f 7217 11119 11146
f 11119 11118 11146
f 7996 11144 11119
f 11144 11118 11119
f 7946 11141 11144
f 11141 11118 11144
f 8004 11146 11141
f 11146 11118 11141
f 7197 10921 11111
f 10921 10920 11111
f 7947 11138 10921
f 11138 10920 10921
f 7946 11144 11138
f 11144 10920 11138
f 7996 11111 11144
f 11111 10920 11144
f 7199 11147 10776
f 11147 10775 10776
f 8005 11149 11147
f 11149 10775 11147
f 7912 11150 11149
f 11150 10775 11149
f 7913 10776 11150
f 10776 10775 11150
f 7219 11152 11155
f 11152 11148 11155
f 8007 11153 11152
f 11153 11148 11152
f 7912 11149 11153
f 11149 11148 11153
f 8005 11155 11149
f 11155 11148 11149
f 7218 11143 11158
f 11143 11142 11158
f 8002 11156 11143
f 11156 11142 11143
f 7912 11153 11156
f 11153 11142 11156
f 8007 11158 11153
f 11158 11142 11153
f 7198 10785 11135
f 10785 10784 11135
f 7913 11150 10785
f 11150 10784 10785
f 7912 11156 11150
f 11156 10784 11150
f 8002 11135 11156
f 11135 10784 11156
f 7200 11159 10906
f 11159 10905 10906
f 8008 11161 11159
f 11161 10905 11159
f 7944 11162 11161
f 11162 10905 11161
f 7945 10906 11162
f 10906 10905 11162
f 7220 11164 11167
f 11164 11160 11167
f 8010 11165 11164
f 11165 11160 11164
f 7944 11161 11165
f 11161 11160 11165
f 8008 11167 11161
f 11167 11160 11161
f 7219 11155 11170
f 11155 11154 11170
f 8005 11168 11155
f 11168 11154 11155
f 7944 11165 11168
f 11165 11154 11168
f 8010 11170 11165
f 11170 11154 11165
f 7199 10910 11147
f 10910 10909 11147
f 7945 11162 10910
f 11162 10909 10910
f 7944 11168 11162
f 11168 10909 11162
f 8005 11147 11168
f 11147 10909 11168
f 7195 11098 10808
f 11098 10807 10808
f 7992 11171 11098
f 11171 10807 11098
f 7920 11172 11171
f 11172 10807 11171
f 7921 10808 11172
f 10808 10807 11172
f 7215 11174 11094
f 11174 11093 11094
f 8012 11175 11174
f 11175 11093 11174
f 7920 11171 11175
f 11171 11093 11175
f 7992 11094 11171
f 11094 11093 11171
f 7224 11036 11178
f 11036 11035 11178
f 7975 11176 11036
f 11176 11035 11036
f 7920 11175 11176
f 11175 11035 11176
f 8012 11178 11175
f 11178 11035 11175
f 7204 10814 11027
f 10814 10813 11027
f 7921 11172 10814
f 11172 10813 10814
f 7920 11176 11172
f 11176 10813 11172
f 7975 11027 11176
f 11027 10813 11176
f 7201 11179 10870
f 11179 10869 10870
f 8013 11181 11179
f 11181 10869 11179
f 7935 11182 11181
f 11182 10869 11181
f 7936 10870 11182
f 10870 10869 11182
f 7221 11184 11187
f 11184 11180 11187
f 8015 11185 11184
f 11185 11180 11184
f 7935 11181 11185
f 11181 11180 11185
f 8013 11187 11181
f 11187 11180 11181
f 7220 11167 11190
f 11167 11166 11190
f 8008 11188 11167
f 11188 11166 11167
f 7935 11185 11188
f 11185 11166 11188
f 8015 11190 11185
f 11190 11166 11185
f 7200 10877 11159
f 10877 10876 11159
f 7936 11182 10877
f 11182 10876 10877
f 7935 11188 11182
f 11188 10876 11182
f 8008 11159 11188
f 11159 10876 11188
f 7205 11110 11006
f 11110 11005 11006
f 7995 11191 11110
f 11191 11005 11110
f 7969 11192 11191
f 11192 11005 11191
f 7970 11006 11192
f 11006 11005 11192
f 7225 11194 11106
f 11194 11105 11106
f 8017 11196 11194
f 11196 11105 11194
f 7969 11191 11196
f 11191 11105 11196
f 7995 11106 11191
f 11106 11105 11191
f 7226 11198 11201
f 11198 11195 11201
f 8018 11199 11198
f 11199 11195 11198
f 7969 11196 11199
f 11196 11195 11199
f 8017 11201 11196
f 11201 11195 11196
f 7206 11010 11202
f 11010 11009 11202
f 7970 11192 11010
f 11192 11009 11010
f 7969 11199 11192
f 11199 11009 11192
f 8018 11202 11199
f 11202 11009 11199
f 7202 11203 10842
f 11203 10841 10842
f 8019 11205 11203
f 11205 10841 11203
f 7928 11206 11205
f 11206 10841 11205
f 7929 10842 11206
f 10842 10841 11206
f 7222 11208 11211
f 11208 11204 11211
f 8021 11209 11208
f 11209 11204 11208
f 7928 11205 11209
f 11205 11204 11209
f 8019 11211 11205
f 11211 11204 11205
f 7221 11187 11214
f 11187 11186 11214
f 8013 11212 11187
f 11212 11186 11187
f 7928 11209 11212
f 11209 11186 11212
f 8021 11214 11209
f 11214 11186 11209
f 7201 10849 11179
f 10849 10848 11179
f 7929 11206 10849
f 11206 10848 10849
f 7928 11212 11206
f 11212 10848 11206
f 8013 11179 11212
f 11179 10848 11212
f 7211 11134 10896
f 11134 10895 10896
f 8001 11215 11134
f 11215 10895 11134
f 7942 11216 11215
f 11216 10895 11215
f 7943 10896 11216
f 10896 10895 11216
f 7231 11218 11130
f 11218 11129 11130
f 8023 11220 11218
f 11220 11129 11218
f 7942 11215 11220
f 11215 11129 11220
f 8001 11130 11215
f 11130 11129 11215
f 7232 11222 11225
f 11222 11219 11225
f 8024 11223 11222
f 11223 11219 11222
f 7942 11220 11223
f 11220 11219 11223
f 8023 11225 11220
f 11225 11219 11220
f 7212 10902 11226
f 10902 10901 11226
f 7943 11216 10902
f 11216 10901 10902
f 7942 11223 11216
f 11223 10901 11216
f 8024 11226 11223
f 11226 10901 11223
f 7206 11202 10996
f 11202 10995 10996
f 8018 11227 11202
f 11227 10995 11202
f 7967 11228 11227
f 11228 10995 11227
f 7968 10996 11228
f 10996 10995 11228
f 7226 11230 11198
f 11230 11197 11198
f 8026 11231 11230
f 11231 11197 11230
f 7967 11227 11231
f 11227 11197 11231
f 8018 11198 11227
f 11198 11197 11227
f 7227 11020 11234
f 11020 11019 11234
f 7971 11232 11020
f 11232 11019 11020
f 7967 11231 11232
f 11231 11019 11232
f 8026 11234 11231
f 11234 11019 11231
f 7207 11002 11011
f 11002 11001 11011
f 7968 11228 11002
f 11228 11001 11002
f 7967 11232 11228
f 11232 11001 11228
f 7971 11011 11232
f 11011 11001 11232
f 7203 11042 10818
f 11042 10817 10818
f 7978 11235 11042
f 11235 10817 11042
f 7922 11236 11235
f 11236 10817 11235
f 7923 10818 11236
f 10818 10817 11236
f 7223 11238 11038
f 11238 11037 11038
f 8028 11239 11238
f 11239 11037 11238
f 7922 11235 11239
f 11235 11037 11239
f 7978 11038 11235
f 11038 11037 11235
f 7222 11211 11242
f 11211 11210 11242
f 8019 11240 11211
f 11240 11210 11211
f 7922 11239 11240
f 11239 11210 11240
f 8028 11242 11239
f 11242 11210 11239
f 7202 10825 11203
f 10825 10824 11203
f 7923 11236 10825
f 11236 10824 10825
f 7922 11240 11236
f 11240 10824 11236
f 8019 11203 11240
f 11203 10824 11240
f 7212 11226 10884
f 11226 10883 10884
f 8024 11243 11226
f 11243 10883 11226
f 7939 11244 11243
f 11244 10883 11243
f 7940 10884 11244
f 10884 10883 11244
f 7232 11246 11222
f 11246 11221 11222
f 8030 11247 11246
f 11247 11221 11246
f 7939 11243 11247
f 11243 11221 11247
f 8024 11222 11243
f 11222 11221 11243
f 7233 11052 11250
f 11052 11051 11250
f 7979 11248 11052
f 11248 11051 11052
f 7939 11247 11248
f 11247 11051 11248
f 8030 11250 11247
f 11250 11051 11247
f 7213 10890 11043
f 10890 10889 11043
f 7940 11244 10890
f 11244 10889 10890
f 7939 11248 11244
f 11248 10889 11244
f 7979 11043 11248
f 11043 10889 11248
f 7218 11251 11140
f 11251 11139 11140
f 8031 11253 11251
f 11253 11139 11251
f 8003 11254 11253
f 11254 11139 11253
f 8004 11140 11254
f 11140 11139 11254
f 7238 11256 11260
f 11256 11252 11260
f 8033 11258 11256
f 11258 11252 11256
f 8003 11253 11258
f 11253 11252 11258
f 8031 11260 11253
f 11260 11252 11253
f 7237 11262 11265
f 11262 11257 11265
f 8034 11263 11262
f 11263 11257 11262
f 8003 11258 11263
f 11258 11257 11263
f 8033 11265 11258
f 11265 11257 11258
f 7217 11146 11266
f 11146 11145 11266
f 8004 11254 11146
f 11254 11145 11146
f 8003 11263 11254
f 11263 11145 11254
f 8034 11266 11263
f 11266 11145 11263
f 7225 11267 11194
f 11267 11193 11194
f 8035 11269 11267
f 11269 11193 11267
f 8016 11270 11269
f 11270 11193 11269
f 8017 11194 11270
f 11194 11193 11270
f 7245 11272 11276
f 11272 11268 11276
f 8037 11274 11272
f 11274 11268 11272
f 8016 11269 11274
f 11269 11268 11274
f 8035 11276 11269
f 11276 11268 11269
f 7246 11278 11281
f 11278 11273 11281
f 8038 11279 11278
f 11279 11273 11278
f 8016 11274 11279
f 11274 11273 11279
f 8037 11281 11274
f 11281 11273 11274
f 7226 11201 11282
f 11201 11200 11282
f 8017 11270 11201
f 11270 11200 11201
f 8016 11279 11270
f 11279 11200 11270
f 8038 11282 11279
f 11282 11200 11279
f 7215 11283 11174
f 11283 11173 11174
f 8039 11285 11283
f 11285 11173 11283
f 8011 11286 11285
f 11286 11173 11285
f 8012 11174 11286
f 11174 11173 11286
f 7235 11288 11292
f 11288 11284 11292
f 8040 11290 11288
f 11290 11284 11288
f 8011 11285 11290
f 11285 11284 11290
f 8039 11292 11285
f 11292 11284 11285
f 7244 11294 11297
f 11294 11289 11297
f 8041 11295 11294
f 11295 11289 11294
f 8011 11290 11295
f 11290 11289 11295
f 8040 11297 11290
f 11297 11289 11290
f 7224 11178 11298
f 11178 11177 11298
f 8012 11286 11178
f 11286 11177 11178
f 8011 11295 11286
f 11295 11177 11286
f 8041 11298 11295
f 11298 11177 11295
f 7217 11266 11116
f 11266 11115 11116
f 8034 11299 11266
f 11299 11115 11266
f 7997 11300 11299
f 11300 11115 11299
f 7998 11116 11300
f 11116 11115 11300
f 7237 11301 11262
f 11301 11261 11262
f 8042 11303 11301
f 11303 11261 11301
f 7997 11299 11303
f 11299 11261 11303
f 8034 11262 11299
f 11262 11261 11299
f 7236 11305 11308
f 11305 11302 11308
f 8043 11306 11305
f 11306 11302 11305
f 7997 11303 11306
f 11303 11302 11306
f 8042 11308 11303
f 11308 11302 11303
f 7216 11122 11309
f 11122 11121 11309
f 7998 11300 11122
f 11300 11121 11122
f 7997 11306 11300
f 11306 11121 11300
f 8043 11309 11306
f 11309 11121 11306
f 7226 11282 11230
f 11282 11229 11230
f 8038 11310 11282
f 11310 11229 11282
f 8025 11311 11310
f 11311 11229 11310
f 8026 11230 11311
f 11230 11229 11311
f 7246 11312 11278
f 11312 11277 11278
f 8044 11314 11312
f 11314 11277 11312
f 8025 11310 11314
f 11310 11277 11314
f 8038 11278 11310
f 11278 11277 11310
f 7247 11316 11319
f 11316 11313 11319
f 8045 11317 11316
f 11317 11313 11316
f 8025 11314 11317
f 11314 11313 11317
f 8044 11319 11314
f 11319 11313 11314
f 7227 11234 11320
f 11234 11233 11320
f 8026 11311 11234
f 11311 11233 11234
f 8025 11317 11311
f 11317 11233 11311
f 8045 11320 11317
f 11320 11233 11317
f 7216 11309 11088
f 11309 11087 11088
f 8043 11321 11309
f 11321 11087 11309
f 7990 11322 11321
f 11322 11087 11321
f 7991 11088 11322
f 11088 11087 11322
f 7236 11323 11305
f 11323 11304 11305
f 8046 11324 11323
f 11324 11304 11323
f 7990 11321 11324
f 11321 11304 11324
f 8043 11305 11321
f 11305 11304 11321
f 7235 11292 11326
f 11292 11291 11326
f 8039 11325 11292
f 11325 11291 11292
f 7990 11324 11325
f 11324 11291 11325
f 8046 11326 11324
f 11326 11291 11324
f 7215 11097 11283
f 11097 11096 11283
f 7991 11322 11097
f 11322 11096 11097
f 7990 11325 11322
f 11325 11096 11322
f 8039 11283 11325
f 11283 11096 11325
f 7230 11327 11126
f 11327 11125 11126
f 8047 11329 11327
f 11329 11125 11327
f 7999 11330 11329
f 11330 11125 11329
f 8000 11126 11330
f 11126 11125 11330
f 7250 11332 11336
f 11332 11328 11336
f 8048 11334 11332
f 11334 11328 11332
f 7999 11329 11334
f 11329 11328 11334
f 8047 11336 11329
f 11336 11328 11329
f 7251 11338 11341
f 11338 11333 11341
f 8049 11339 11338
f 11339 11333 11338
f 7999 11334 11339
f 11334 11333 11339
f 8048 11341 11334
f 11341 11333 11334
f 7231 11133 11342
f 11133 11132 11342
f 8000 11330 11133
f 11330 11132 11133
f 7999 11339 11330
f 11339 11132 11330
f 8049 11342 11339
f 11342 11132 11339
f 7234 11343 11102
f 11343 11101 11102
f 8050 11345 11343
f 11345 11101 11343
f 7993 11346 11345
f 11346 11101 11345
f 7994 11102 11346
f 11102 11101 11346
f 7254 11348 11351
f 11348 11344 11351
f 8051 11349 11348
f 11349 11344 11348
f 7993 11345 11349
f 11345 11344 11349
f 8050 11351 11345
f 11351 11344 11345
f 7245 11276 11353
f 11276 11275 11353
f 8035 11352 11276
f 11352 11275 11276
f 7993 11349 11352
f 11349 11275 11352
f 8051 11353 11349
f 11353 11275 11349
f 7225 11109 11267
f 11109 11108 11267
f 7994 11346 11109
f 11346 11108 11109
f 7993 11352 11346
f 11352 11108 11346
f 8035 11267 11352
f 11267 11108 11352
f 7227 11320 11016
f 11320 11015 11016
f 8045 11354 11320
f 11354 11015 11320
f 7972 11355 11354
f 11355 11015 11354
f 7973 11016 11355
f 11016 11015 11355
f 7247 11356 11316
f 11356 11315 11316
f 8052 11358 11356
f 11358 11315 11356
f 7972 11354 11358
f 11354 11315 11358
f 8045 11316 11354
f 11316 11315 11354
f 7248 11360 11363
f 11360 11357 11363
f 8053 11361 11360
f 11361 11357 11360
f 7972 11358 11361
f 11358 11357 11361
f 8052 11363 11358
f 11363 11357 11358
f 7228 11025 11364
f 11025 11024 11364
f 7973 11355 11025
f 11355 11024 11025
f 7972 11361 11355
f 11361 11024 11355
f 8053 11364 11361
f 11364 11024 11361
f 7233 11365 11048
f 11365 11047 11048
f 8054 11367 11365
f 11367 11047 11365
f 7980 11368 11367
f 11368 11047 11367
f 7981 11048 11368
f 11048 11047 11368
f 7253 11370 11373
f 11370 11366 11373
f 8055 11371 11370
f 11371 11366 11370
f 7980 11367 11371
f 11367 11366 11371
f 8054 11373 11367
f 11373 11366 11367
f 7254 11351 11375
f 11351 11350 11375
f 8050 11374 11351
f 11374 11350 11351
f 7980 11371 11374
f 11371 11350 11374
f 8055 11375 11371
f 11375 11350 11371
f 7234 11057 11343
f 11057 11056 11343
f 7981 11368 11057
f 11368 11056 11057
f 7980 11374 11368
f 11374 11056 11368
f 8050 11343 11374
f 11343 11056 11374
f 7229 11376 11074
f 11376 11073 11074
f 8056 11378 11376
f 11378 11073 11376
f 7986 11379 11378
f 11379 11073 11378
f 7987 11074 11379
f 11074 11073 11379
f 7249 11381 11384
f 11381 11377 11384
f 8057 11382 11381
f 11382 11377 11381
f 7986 11378 11382
f 11378 11377 11382
f 8056 11384 11378
f 11384 11377 11378
f 7250 11336 11386
f 11336 11335 11386
f 8047 11385 11336
f 11385 11335 11336
f 7986 11382 11385
f 11382 11335 11385
f 8057 11386 11382
f 11386 11335 11382
f 7230 11081 11327
f 11081 11080 11327
f 7987 11379 11081
f 11379 11080 11081
f 7986 11385 11379
f 11385 11080 11379
f 8047 11327 11385
f 11327 11080 11385
f 7232 11387 11246
f 11387 11245 11246
f 8058 11389 11387
f 11389 11245 11387
f 8029 11390 11389
f 11390 11245 11389
f 8030 11246 11390
f 11246 11245 11390
f 7252 11392 11395
f 11392 11388 11395
f 8059 11393 11392
f 11393 11388 11392
f 8029 11389 11393
f 11389 11388 11393
f 8058 11395 11389
f 11395 11388 11389
f 7253 11373 11397
f 11373 11372 11397
f 8054 11396 11373
f 11396 11372 11373
f 8029 11393 11396
f 11393 11372 11396
f 8059 11397 11393
f 11397 11372 11393
f 7233 11250 11365
f 11250 11249 11365
f 8030 11390 11250
f 11390 11249 11250
f 8029 11396 11390
f 11396 11249 11390
f 8054 11365 11396
f 11365 11249 11396
f 7222 11398 11208
f 11398 11207 11208
f 8060 11400 11398
f 11400 11207 11398
f 8020 11401 11400
f 11401 11207 11400
f 8021 11208 11401
f 11208 11207 11401
f 7242 11403 11407
f 11403 11399 11407
f 8061 11405 11403
f 11405 11399 11403
f 8020 11400 11405
f 11400 11399 11405
f 8060 11407 11400
f 11407 11399 11400
f 7241 11409 11412
f 11409 11404 11412
f 8062 11410 11409
f 11410 11404 11409
f 8020 11405 11410
f 11405 11404 11410
f 8061 11412 11405
f 11412 11404 11405
f 7221 11214 11413
f 11214 11213 11413
f 8021 11401 11214
f 11401 11213 11214
f 8020 11410 11401
f 11410 11213 11401
f 8062 11413 11410
f 11413 11213 11410
f 7223 11414 11238
f 11414 11237 11238
f 8063 11416 11414
f 11416 11237 11414
f 8027 11417 11416
f 11417 11237 11416
f 8028 11238 11417
f 11238 11237 11417
f 7243 11419 11422
f 11419 11415 11422
f 8064 11420 11419
f 11420 11415 11419
f 8027 11416 11420
f 11416 11415 11420
f 8063 11422 11416
f 11422 11415 11416
f 7242 11407 11424
f 11407 11406 11424
f 8060 11423 11407
f 11423 11406 11407
f 8027 11420 11423
f 11420 11406 11423
f 8064 11424 11420
f 11424 11406 11420
f 7222 11242 11398
f 11242 11241 11398
f 8028 11417 11242
f 11417 11241 11242
f 8027 11423 11417
f 11423 11241 11417
f 8060 11398 11423
f 11398 11241 11423
f 7221 11413 11184
f 11413 11183 11184
f 8062 11425 11413
f 11425 11183 11413
f 8014 11426 11425
f 11426 11183 11425
f 8015 11184 11426
f 11184 11183 11426
f 7241 11427 11409
f 11427 11408 11409
f 8065 11429 11427
f 11429 11408 11427
f 8014 11425 11429
f 11425 11408 11429
f 8062 11409 11425
f 11409 11408 11425
f 7240 11431 11434
f 11431 11428 11434
f 8066 11432 11431
f 11432 11428 11431
f 8014 11429 11432
f 11429 11428 11432
f 8065 11434 11429
f 11434 11428 11429
f 7220 11190 11435
f 11190 11189 11435
f 8015 11426 11190
f 11426 11189 11190
f 8014 11432 11426
f 11432 11189 11426
f 8066 11435 11432
f 11435 11189 11432
f 7228 11364 11062
f 11364 11061 11062
f 8053 11436 11364
f 11436 11061 11364
f 7983 11437 11436
f 11437 11061 11436
f 7984 11062 11437
f 11062 11061 11437
f 7248 11438 11360
f 11438 11359 11360
f 8067 11439 11438
f 11439 11359 11438
f 7983 11436 11439
f 11436 11359 11439
f 8053 11360 11436
f 11360 11359 11436
f 7249 11384 11441
f 11384 11383 11441
f 8056 11440 11384
f 11440 11383 11384
f 7983 11439 11440
f 11439 11383 11440
f 8067 11441 11439
f 11441 11383 11439
f 7229 11069 11376
f 11069 11068 11376
f 7984 11437 11069
f 11437 11068 11069
f 7983 11440 11437
f 11440 11068 11437
f 8056 11376 11440
f 11376 11068 11440
f 7220 11435 11164
f 11435 11163 11164
f 8066 11442 11435
f 11442 11163 11435
f 8009 11443 11442
f 11443 11163 11442
f 8010 11164 11443
f 11164 11163 11443
f 7240 11444 11431
f 11444 11430 11431
f 8068 11446 11444
f 11446 11430 11444
f 8009 11442 11446
f 11442 11430 11446
f 8066 11431 11442
f 11431 11430 11442
f 7239 11448 11451
f 11448 11445 11451
f 8069 11449 11448
f 11449 11445 11448
f 8009 11446 11449
f 11446 11445 11449
f 8068 11451 11446
f 11451 11445 11446
f 7219 11170 11452
f 11170 11169 11452
f 8010 11443 11170
f 11443 11169 11170
f 8009 11449 11443
f 11449 11169 11443
f 8069 11452 11449
f 11452 11169 11449
f 7224 11298 11032
f 11298 11031 11032
f 8041 11453 11298
f 11453 11031 11298
f 7976 11454 11453
f 11454 11031 11453
f 7977 11032 11454
f 11032 11031 11454
f 7244 11455 11294
f 11455 11293 11294
f 8070 11456 11455
f 11456 11293 11455
f 7976 11453 11456
f 11453 11293 11456
f 8041 11294 11453
f 11294 11293 11453
f 7243 11422 11458
f 11422 11421 11458
f 8063 11457 11422
f 11457 11421 11422
f 7976 11456 11457
f 11456 11421 11457
f 8070 11458 11456
f 11458 11421 11456
f 7223 11041 11414
f 11041 11040 11414
f 7977 11454 11041
f 11454 11040 11041
f 7976 11457 11454
f 11457 11040 11454
f 8063 11414 11457
f 11414 11040 11457
f 7219 11452 11152
f 11452 11151 11152
f 8069 11459 11452
f 11459 11151 11452
f 8006 11460 11459
f 11460 11151 11459
f 8007 11152 11460
f 11152 11151 11460
f 7239 11461 11448
f 11461 11447 11448
f 8071 11462 11461
f 11462 11447 11461
f 8006 11459 11462
f 11459 11447 11462
f 8069 11448 11459
f 11448 11447 11459
f 7238 11260 11464
f 11260 11259 11464
f 8031 11463 11260
f 11463 11259 11260
f 8006 11462 11463
f 11462 11259 11463
f 8071 11464 11462
f 11464 11259 11462
f 7218 11158 11251
f 11158 11157 11251
f 8007 11460 11158
f 11460 11157 11158
f 8006 11463 11460
f 11463 11157 11460
f 8031 11251 11463
f 11251 11157 11463
f 7231 11342 11218
f 11342 11217 11218
f 8049 11465 11342
f 11465 11217 11342
f 8022 11466 11465
f 11466 11217 11465
f 8023 11218 11466
f 11218 11217 11466
f 7251 11467 11338
f 11467 11337 11338
f 8072 11468 11467
f 11468 11337 11467
f 8022 11465 11468
f 11465 11337 11468
f 8049 11338 11465
f 11338 11337 11465
f 7252 11395 11470
f 11395 11394 11470
f 8058 11469 11395
f 11469 11394 11395
f 8022 11468 11469
f 11468 11394 11469
f 8072 11470 11468
f 11470 11394 11468
f 7232 11225 11387
f 11225 11224 11387
f 8023 11466 11225
f 11466 11224 11225
f 8022 11469 11466
f 11469 11224 11466
f 8058 11387 11469
f 11387 11224 11469
f 7235 11326 11288
f 11326 11287 11288
f 8046 11471 11326
f 11471 11287 11326
f 8032 11472 11471
f 11472 11287 11471
f 8040 11288 11472
f 11288 11287 11472
f 7236 11308 11323
f 11308 11307 11323
f 8042 11473 11308
f 11473 11307 11308
f 8032 11471 11473
f 11471 11307 11473
f 8046 11323 11471
f 11323 11307 11471
f 7237 11265 11301
f 11265 11264 11301
f 8033 11474 11265
f 11474 11264 11265
f 8032 11473 11474
f 11473 11264 11474
f 8042 11301 11473
f 11301 11264 11473
f 7238 11464 11256
f 11464 11255 11256
f 8071 11475 11464
f 11475 11255 11464
f 8032 11474 11475
f 11474 11255 11475
f 8033 11256 11474
f 11256 11255 11474
f 7239 11451 11461
f 11451 11450 11461
f 8068 11476 11451
f 11476 11450 11451
f 8032 11475 11476
f 11475 11450 11476
f 8071 11461 11475
f 11461 11450 11475
f 7240 11434 11444
f 11434 11433 11444
f 8065 11477 11434
f 11477 11433 11434
f 8032 11476 11477
f 11476 11433 11477
f 8068 11444 11476
f 11444 11433 11476
f 7241 11412 11427
f 11412 11411 11427
f 8061 11478 11412
f 11478 11411 11412
f 8032 11477 11478
f 11477 11411 11478
f 8065 11427 11477
f 11427 11411 11477
f 7242 11424 11403
f 11424 11402 11403
f 8064 11479 11424
f 11479 11402 11424
f 8032 11478 11479
f 11478 11402 11479
f 8061 11403 11478
f 11403 11402 11478
f 7243 11458 11419
f 11458 11418 11419
f 8070 11480 11458
f 11480 11418 11458
f 8032 11479 11480
f 11479 11418 11480
f 8064 11419 11479
f 11419 11418 11479
f 7244 11297 11455
f 11297 11296 11455
f 8040 11472 11297
f 11472 11296 11297
f 8032 11480 11472
f 11480 11296 11472
f 8070 11455 11480
f 11455 11296 11480
f 7245 11353 11272
f 11353 11271 11272
f 8051 11481 11353
f 11481 11271 11353
f 8036 11482 11481
f 11482 11271 11481
f 8037 11272 11482
f 11272 11271 11482
f 7254 11375 11348
f 11375 11347 11348
f 8055 11483 11375
f 11483 11347 11375
f 8036 11481 11483
f 11481 11347 11483
f 8051 11348 11481
f 11348 11347 11481
f 7253 11397 11370
f 11397 11369 11370
f 8059 11484 11397
f 11484 11369 11397
f 8036 11483 11484
f 11483 11369 11484
f 8055 11370 11483
f 11370 11369 11483
f 7252 11470 11392
f 11470 11391 11392
f 8072 11485 11470
f 11485 11391 11470
f 8036 11484 11485
f 11484 11391 11485
f 8059 11392 11484
f 11392 11391 11484
f 7251 11341 11467
f 11341 11340 11467
f 8048 11486 11341
f 11486 11340 11341
f 8036 11485 11486
f 11485 11340 11486
f 8072 11467 11485
f 11467 11340 11485
f 7250 11386 11332
f 11386 11331 11332
f 8057 11487 11386
f 11487 11331 11386
f 8036 11486 11487
f 11486 11331 11487
f 8048 11332 11486
f 11332 11331 11486
f 7249 11441 11381
f 11441 11380 11381
f 8067 11488 11441
f 11488 11380 11441
f 8036 11487 11488
f 11487 11380 11488
f 8057 11381 11487
f 11381 11380 11487
f 7248 11363 11438
f 11363 11362 11438
f 8052 11489 11363
f 11489 11362 11363
f 8036 11488 11489
f 11488 11362 11489
f 8067 11438 11488
f 11438 11362 11488
f 7247 11319 11356
f 11319 11318 11356
f 8044 11490 11319
f 11490 11318 11319
f 8036 11489 11490
f 11489 11318 11490
f 8052 11356 11489
f 11356 11318 11489
f 7246 11281 11312
f 11281 11280 11312
f 8037 11482 11281
f 11482 11280 11281
f 8036 11490 11482
f 11490 11280 11482
f 8044 11312 11490
f 11312 11280 11490
f 7005 11493 11498
f 11493 11491 11498
f 8075 11495 11493
f 11495 11491 11493
f 8073 11497 11495
f 11497 11491 11495
f 8079 11498 11497
f 11498 11491 11497
f 6999 11499 11503
f 11499 11494 11503
f 8076 11501 11499
f 11501 11494 11499
f 8073 11495 11501
f 11495 11494 11501
f 8075 11503 11495
f 11503 11494 11495
f 7000 11505 11507
f 11505 11500 11507
f 8078 11506 11505
f 11506 11500 11505
f 8073 11501 11506
f 11501 11500 11506
f 8076 11507 11501
f 11507 11500 11501
f 7006 11508 11510
f 11508 11496 11510
f 8079 11497 11508
f 11497 11496 11508
f 8073 11506 11497
f 11506 11496 11497
f 8078 11510 11506
f 11510 11496 11506
f 7006 11510 11514
f 11510 11509 11514
f 8078 11511 11510
f 11511 11509 11510
f 8077 11513 11511
f 11513 11509 11511
f 8083 11514 11513
f 11514 11509 11513
f 7000 11515 11505
f 11515 11504 11505
f 8080 11517 11515
f 11517 11504 11515
f 8077 11511 11517
f 11511 11504 11517
f 8078 11505 11511
f 11505 11504 11511
f 7001 11519 11521
f 11519 11516 11521
f 8082 11520 11519
f 11520 11516 11519
f 8077 11517 11520
f 11517 11516 11520
f 8080 11521 11517
f 11521 11516 11517
f 7007 11522 11524
f 11522 11512 11524
f 8083 11513 11522
f 11513 11512 11522
f 8077 11520 11513
f 11520 11512 11513
f 8082 11524 11520
f 11524 11512 11520
f 7007 11524 11528
f 11524 11523 11528
f 8082 11525 11524
f 11525 11523 11524
f 8081 11527 11525
f 11527 11523 11525
f 8087 11528 11527
f 11528 11523 11527
f 7001 11529 11519
f 11529 11518 11519
f 8084 11531 11529
f 11531 11518 11529
f 8081 11525 11531
f 11525 11518 11531
f 8082 11519 11525
f 11519 11518 11525
f 7002 11533 11535
f 11533 11530 11535
f 8086 11534 11533
f 11534 11530 11533
f 8081 11531 11534
f 11531 11530 11534
f 8084 11535 11531
f 11535 11530 11531
f 7008 11536 11538
f 11536 11526 11538
f 8087 11527 11536
f 11527 11526 11536
f 8081 11534 11527
f 11534 11526 11527
f 8086 11538 11534
f 11538 11526 11534
f 7008 11538 11542
f 11538 11537 11542
f 8086 11539 11538
f 11539 11537 11538
f 8085 11541 11539
f 11541 11537 11539
f 8091 11542 11541
f 11542 11537 11541
f 7002 11543 11533
f 11543 11532 11533
f 8088 11545 11543
f 11545 11532 11543
f 8085 11539 11545
f 11539 11532 11545
f 8086 11533 11539
f 11533 11532 11539
f 7003 11547 11549
f 11547 11544 11549
f 8090 11548 11547
f 11548 11544 11547
f 8085 11545 11548
f 11545 11544 11548
f 8088 11549 11545
f 11549 11544 11545
f 7009 11550 11552
f 11550 11540 11552
f 8091 11541 11550
f 11541 11540 11550
f 8085 11548 11541
f 11548 11540 11541
f 8090 11552 11548
f 11552 11540 11548
f 7009 11552 11556
f 11552 11551 11556
f 8090 11553 11552
f 11553 11551 11552
f 8089 11555 11553
f 11555 11551 11553
f 8094 11556 11555
f 11556 11551 11555
f 7003 11557 11547
f 11557 11546 11547
f 8092 11559 11557
f 11559 11546 11557
f 8089 11553 11559
f 11553 11546 11559
f 8090 11547 11553
f 11547 11546 11553
f 7004 11561 11563
f 11561 11558 11563
f 8093 11562 11561
f 11562 11558 11561
f 8089 11559 11562
f 11559 11558 11562
f 8092 11563 11559
f 11563 11558 11559
f 7010 11564 11566
f 11564 11554 11566
f 8094 11555 11564
f 11555 11554 11564
f 8089 11562 11555
f 11562 11554 11555
f 8093 11566 11562
f 11566 11554 11562
f 7010 11566 11569
f 11566 11565 11569
f 8093 11567 11566
f 11567 11565 11566
f 8074 11568 11567
f 11568 11565 11567
f 8096 11569 11568
f 11569 11565 11568
f 7004 11570 11561
f 11570 11560 11561
f 8095 11571 11570
f 11571 11560 11570
f 8074 11567 11571
f 11567 11560 11571
f 8093 11561 11567
f 11561 11560 11567
f 6999 11503 11573
f 11503 11502 11573
f 8075 11572 11503
f 11572 11502 11503
f 8074 11571 11572
f 11571 11502 11572
f 8095 11573 11571
f 11573 11502 11571
f 7005 11574 11493
f 11574 11492 11493
f 8096 11568 11574
f 11568 11492 11574
f 8074 11572 11568
f 11572 11492 11568
f 8075 11493 11572
f 11493 11492 11572
f 7017 11575 11582
f 11575 11576 11582
f 8097 11578 11575
f 11578 11576 11575
f 8098 11580 11578
f 11580 11576 11578
f 8103 11582 11580
f 11582 11576 11580
f 7018 11584 11587
f 11584 11577 11587
f 8100 11586 11584
f 11586 11577 11584
f 8098 11578 11586
f 11578 11577 11586
f 8097 11587 11578
f 11587 11577 11578
f 7012 11588 11591
f 11588 11585 11591
f 8101 11589 11588
f 11589 11585 11588
f 8098 11586 11589
f 11586 11585 11589
f 8100 11591 11586
f 11591 11585 11586
f 7011 11593 11594
f 11593 11579 11594
f 8103 11580 11593
f 11580 11579 11593
f 8098 11589 11580
f 11589 11579 11580
f 8101 11594 11589
f 11594 11579 11589
f 7018 11595 11584
f 11595 11583 11584
f 8104 11597 11595
f 11597 11583 11595
f 8099 11598 11597
f 11598 11583 11597
f 8100 11584 11598
f 11584 11583 11598
f 7019 11600 11603
f 11600 11596 11603
f 8106 11602 11600
f 11602 11596 11600
f 8099 11597 11602
f 11597 11596 11602
f 8104 11603 11597
f 11603 11596 11597
f 7013 11604 11607
f 11604 11601 11607
f 8107 11605 11604
f 11605 11601 11604
f 8099 11602 11605
f 11602 11601 11605
f 8106 11607 11602
f 11607 11601 11602
f 7012 11591 11608
f 11591 11590 11608
f 8100 11598 11591
f 11598 11590 11591
f 8099 11605 11598
f 11605 11590 11598
f 8107 11608 11605
f 11608 11590 11605
f 7019 11609 11600
f 11609 11599 11600
f 8108 11611 11609
f 11611 11599 11609
f 8105 11612 11611
f 11612 11599 11611
f 8106 11600 11612
f 11600 11599 11612
f 7020 11614 11617
f 11614 11610 11617
f 8110 11616 11614
f 11616 11610 11614
f 8105 11611 11616
f 11611 11610 11616
f 8108 11617 11611
f 11617 11610 11611
f 7014 11618 11621
f 11618 11615 11621
f 8111 11619 11618
f 11619 11615 11618
f 8105 11616 11619
f 11616 11615 11619
f 8110 11621 11616
f 11621 11615 11616
f 7013 11607 11622
f 11607 11606 11622
f 8106 11612 11607
f 11612 11606 11607
f 8105 11619 11612
f 11619 11606 11612
f 8111 11622 11619
f 11622 11606 11619
f 7020 11623 11614
f 11623 11613 11614
f 8112 11625 11623
f 11625 11613 11623
f 8109 11626 11625
f 11626 11613 11625
f 8110 11614 11626
f 11614 11613 11626
f 7021 11628 11631
f 11628 11624 11631
f 8114 11630 11628
f 11630 11624 11628
f 8109 11625 11630
f 11625 11624 11630
f 8112 11631 11625
f 11631 11624 11625
f 7015 11632 11635
f 11632 11629 11635
f 8115 11633 11632
f 11633 11629 11632
f 8109 11630 11633
f 11630 11629 11633
f 8114 11635 11630
f 11635 11629 11630
f 7014 11621 11636
f 11621 11620 11636
f 8110 11626 11621
f 11626 11620 11621
f 8109 11633 11626
f 11633 11620 11626
f 8115 11636 11633
f 11636 11620 11633
f 7021 11637 11628
f 11637 11627 11628
f 8116 11639 11637
f 11639 11627 11637
f 8113 11640 11639
f 11640 11627 11639
f 8114 11628 11640
f 11628 11627 11640
f 7022 11642 11645
f 11642 11638 11645
f 8117 11644 11642
f 11644 11638 11642
f 8113 11639 11644
f 11639 11638 11644
f 8116 11645 11639
f 11645 11638 11639
f 7016 11646 11649
f 11646 11643 11649
f 8118 11647 11646
f 11647 11643 11646
f 8113 11644 11647
f 11644 11643 11647
f 8117 11649 11644
f 11649 11643 11644
f 7015 11635 11650
f 11635 11634 11650
f 8114 11640 11635
f 11640 11634 11635
f 8113 11647 11640
f 11647 11634 11640
f 8118 11650 11647
f 11650 11634 11647
f 7022 11651 11642
f 11651 11641 11642
f 8119 11652 11651
f 11652 11641 11651
f 8102 11653 11652
f 11653 11641 11652
f 8117 11642 11653
f 11642 11641 11653
f 7017 11582 11655
f 11582 11581 11655
f 8103 11654 11582
f 11654 11581 11582
f 8102 11652 11654
f 11652 11581 11654
f 8119 11655 11652
f 11655 11581 11652
f 7011 11656 11593
f 11656 11592 11593
f 8120 11657 11656
f 11657 11592 11656
f 8102 11654 11657
f 11654 11592 11657
f 8103 11593 11654
f 11593 11592 11654
f 7016 11649 11658
f 11649 11648 11658
f 8117 11653 11649
f 11653 11648 11649
f 8102 11657 11653
f 11657 11648 11653
f 8120 11658 11657
f 11658 11648 11657
f 7025 11661 11667
f 11661 11659 11667
f 8123 11663 11661
f 11663 11659 11661
f 8121 11665 11663
f 11665 11659 11663
f 8129 11667 11665
f 11667 11659 11665
f 7032 11669 11673
f 11669 11662 11673
f 8125 11671 11669
f 11671 11662 11669
f 8121 11663 11671
f 11663 11662 11671
f 8123 11673 11663
f 11673 11662 11663
f 7033 11675 11678
f 11675 11670 11678
f 8127 11676 11675
f 11676 11670 11675
f 8121 11671 11676
f 11671 11670 11676
f 8125 11678 11671
f 11678 11670 11671
f 7029 11680 11682
f 11680 11664 11682
f 8129 11665 11680
f 11665 11664 11680
f 8121 11676 11665
f 11676 11664 11665
f 8127 11682 11676
f 11682 11664 11676
f 7028 11685 11690
f 11685 11683 11690
f 8131 11686 11685
f 11686 11683 11685
f 8124 11688 11686
f 11688 11683 11686
f 8135 11690 11688
f 11690 11683 11688
f 7033 11678 11693
f 11678 11677 11693
f 8125 11691 11678
f 11691 11677 11678
f 8124 11686 11691
f 11686 11677 11691
f 8131 11693 11686
f 11693 11677 11686
f 7032 11695 11669
f 11695 11668 11669
f 8133 11696 11695
f 11696 11668 11695
f 8124 11691 11696
f 11691 11668 11696
f 8125 11669 11691
f 11669 11668 11691
f 7024 11698 11700
f 11698 11687 11700
f 8135 11688 11698
f 11688 11687 11698
f 8124 11696 11688
f 11696 11687 11688
f 8133 11700 11696
f 11700 11687 11696
f 7023 11703 11709
f 11703 11701 11709
f 8138 11705 11703
f 11705 11701 11703
f 8136 11707 11705
f 11707 11701 11705
f 8144 11709 11707
f 11709 11701 11707
f 7031 11711 11715
f 11711 11704 11715
f 8140 11713 11711
f 11713 11704 11711
f 8136 11705 11713
f 11705 11704 11713
f 8138 11715 11705
f 11715 11704 11705
f 7034 11717 11720
f 11717 11712 11720
f 8142 11718 11717
f 11718 11712 11717
f 8136 11713 11718
f 11713 11712 11718
f 8140 11720 11713
f 11720 11712 11713
f 7027 11722 11724
f 11722 11706 11724
f 8144 11707 11722
f 11707 11706 11722
f 8136 11718 11707
f 11718 11706 11707
f 8142 11724 11718
f 11724 11706 11718
f 7030 11727 11732
f 11727 11725 11732
f 8146 11728 11727
f 11728 11725 11727
f 8139 11730 11728
f 11730 11725 11728
f 8150 11732 11730
f 11732 11725 11730
f 7034 11720 11735
f 11720 11719 11735
f 8140 11733 11720
f 11733 11719 11720
f 8139 11728 11733
f 11728 11719 11733
f 8146 11735 11728
f 11735 11719 11728
f 7031 11737 11711
f 11737 11710 11711
f 8148 11738 11737
f 11738 11710 11737
f 8139 11733 11738
f 11733 11710 11738
f 8140 11711 11733
f 11711 11710 11733
f 7026 11740 11742
f 11740 11729 11742
f 8150 11730 11740
f 11730 11729 11740
f 8139 11738 11730
f 11738 11729 11730
f 8148 11742 11738
f 11742 11729 11738
f 7028 11745 11750
f 11745 11743 11750
f 8153 11747 11745
f 11747 11743 11745
f 8151 11749 11747
f 11749 11743 11747
f 8157 11750 11749
f 11750 11743 11749
f 7027 11751 11755
f 11751 11746 11755
f 8154 11753 11751
f 11753 11746 11751
f 8151 11747 11753
f 11747 11746 11753
f 8153 11755 11747
f 11755 11746 11747
f 7035 11757 11760
f 11757 11752 11760
f 8156 11758 11757
f 11758 11752 11757
f 8151 11753 11758
f 11753 11752 11758
f 8154 11760 11753
f 11760 11752 11753
f 7036 11762 11764
f 11762 11748 11764
f 8157 11749 11762
f 11749 11748 11762
f 8151 11758 11749
f 11758 11748 11749
f 8156 11764 11758
f 11764 11748 11758
f 7027 11724 11751
f 11724 11723 11751
f 8142 11765 11724
f 11765 11723 11724
f 8141 11766 11765
f 11766 11723 11765
f 8154 11751 11766
f 11751 11723 11766
f 7034 11767 11717
f 11767 11716 11717
f 8158 11769 11767
f 11769 11716 11767
f 8141 11765 11769
f 11765 11716 11769
f 8142 11717 11765
f 11717 11716 11765
f 7040 11771 11774
f 11771 11768 11774
f 8159 11772 11771
f 11772 11768 11771
f 8141 11769 11772
f 11769 11768 11772
f 8158 11774 11769
f 11774 11768 11769
f 7035 11760 11775
f 11760 11759 11775
f 8154 11766 11760
f 11766 11759 11760
f 8141 11772 11766
f 11772 11759 11766
f 8159 11775 11772
f 11775 11759 11772
f 7034 11735 11767
f 11735 11734 11767
f 8146 11776 11735
f 11776 11734 11735
f 8145 11777 11776
f 11777 11734 11776
f 8158 11767 11777
f 11767 11734 11777
f 7030 11779 11727
f 11779 11726 11727
f 8161 11781 11779
f 11781 11726 11779
f 8145 11776 11781
f 11776 11726 11781
f 8146 11727 11776
f 11727 11726 11776
f 7038 11783 11786
f 11783 11780 11786
f 8163 11784 11783
f 11784 11780 11783
f 8145 11781 11784
f 11781 11780 11784
f 8161 11786 11781
f 11786 11780 11781
f 7040 11774 11788
f 11774 11773 11788
f 8158 11777 11774
f 11777 11773 11774
f 8145 11784 11777
f 11784 11773 11777
f 8163 11788 11784
f 11788 11773 11784
f 7030 11790 11779
f 11790 11778 11779
f 8165 11792 11790
f 11792 11778 11790
f 8160 11793 11792
f 11793 11778 11792
f 8161 11779 11793
f 11779 11778 11793
f 7029 11794 11798
f 11794 11791 11798
f 8166 11796 11794
f 11796 11791 11794
f 8160 11792 11796
f 11792 11791 11796
f 8165 11798 11792
f 11798 11791 11792
f 7037 11800 11803
f 11800 11795 11803
f 8167 11801 11800
f 11801 11795 11800
f 8160 11796 11801
f 11796 11795 11801
f 8166 11803 11796
f 11803 11795 11796
f 7038 11786 11804
f 11786 11785 11804
f 8161 11793 11786
f 11793 11785 11786
f 8160 11801 11793
f 11801 11785 11793
f 8167 11804 11801
f 11804 11785 11801
f 7029 11682 11794
f 11682 11681 11794
f 8127 11805 11682
f 11805 11681 11682
f 8126 11806 11805
f 11806 11681 11805
f 8166 11794 11806
f 11794 11681 11806
f 7033 11807 11675
f 11807 11674 11675
f 8168 11809 11807
f 11809 11674 11807
f 8126 11805 11809
f 11805 11674 11809
f 8127 11675 11805
f 11675 11674 11805
f 7039 11811 11814
f 11811 11808 11814
f 8169 11812 11811
f 11812 11808 11811
f 8126 11809 11812
f 11809 11808 11812
f 8168 11814 11809
f 11814 11808 11809
f 7037 11803 11815
f 11803 11802 11815
f 8166 11806 11803
f 11806 11802 11803
f 8126 11812 11806
f 11812 11802 11806
f 8169 11815 11812
f 11815 11802 11812
f 7033 11693 11807
f 11693 11692 11807
f 8131 11816 11693
f 11816 11692 11693
f 8130 11817 11816
f 11817 11692 11816
f 8168 11807 11817
f 11807 11692 11817
f 7028 11750 11685
f 11750 11684 11685
f 8157 11818 11750
f 11818 11684 11750
f 8130 11816 11818
f 11816 11684 11818
f 8131 11685 11816
f 11685 11684 11816
f 7036 11819 11762
f 11819 11761 11762
f 8170 11820 11819
f 11820 11761 11819
f 8130 11818 11820
f 11818 11761 11820
f 8157 11762 11818
f 11762 11761 11818
f 7039 11814 11822
f 11814 11813 11822
f 8168 11817 11814
f 11817 11813 11814
f 8130 11820 11817
f 11820 11813 11817
f 8170 11822 11820
f 11822 11813 11820
f 7037 11815 11800
f 11815 11799 11800
f 8169 11823 11815
f 11823 11799 11815
f 8162 11824 11823
f 11824 11799 11823
f 8167 11800 11824
f 11800 11799 11824
f 7039 11825 11811
f 11825 11810 11811
f 8171 11826 11825
f 11826 11810 11825
f 8162 11823 11826
f 11823 11810 11826
f 8169 11811 11823
f 11811 11810 11823
f 7040 11788 11828
f 11788 11787 11828
f 8163 11827 11788
f 11827 11787 11788
f 8162 11826 11827
f 11826 11787 11827
f 8171 11828 11826
f 11828 11787 11826
f 7038 11804 11783
f 11804 11782 11783
f 8167 11824 11804
f 11824 11782 11804
f 8162 11827 11824
f 11827 11782 11824
f 8163 11783 11827
f 11783 11782 11827
f 7035 11775 11757
f 11775 11756 11757
f 8159 11829 11775
f 11829 11756 11775
f 8155 11830 11829
f 11830 11756 11829
f 8156 11757 11830
f 11757 11756 11830
f 7040 11828 11771
f 11828 11770 11771
f 8171 11831 11828
f 11831 11770 11828
f 8155 11829 11831
f 11829 11770 11831
f 8159 11771 11829
f 11771 11770 11829
f 7039 11822 11825
f 11822 11821 11825
f 8170 11832 11822
f 11832 11821 11822
f 8155 11831 11832
f 11831 11821 11832
f 8171 11825 11831
f 11825 11821 11831
f 7036 11764 11819
f 11764 11763 11819
f 8156 11830 11764
f 11830 11763 11764
f 8155 11832 11830
f 11832 11763 11830
f 8170 11819 11832
f 11819 11763 11832
f 7025 11835 11840
f 11835 11833 11840
f 8174 11837 11835
f 11837 11833 11835
f 8172 11839 11837
f 11839 11833 11837
f 8178 11840 11839
f 11840 11833 11839
f 7026 11841 11845
f 11841 11836 11845
f 8175 11843 11841
f 11843 11836 11841
f 8172 11837 11843
f 11837 11836 11843
f 8174 11845 11837
f 11845 11836 11837
f 7044 11847 11850
f 11847 11842 11850
f 8177 11848 11847
f 11848 11842 11847
f 8172 11843 11848
f 11843 11842 11848
f 8175 11850 11843
f 11850 11842 11843
f 7043 11852 11854
f 11852 11838 11854
f 8178 11839 11852
f 11839 11838 11852
f 8172 11848 11839
f 11848 11838 11839
f 8177 11854 11848
f 11854 11838 11848
f 7026 11742 11841
f 11742 11741 11841
f 8148 11855 11742
f 11855 11741 11742
f 8147 11856 11855
f 11856 11741 11855
f 8175 11841 11856
f 11841 11741 11856
f 7031 11857 11737
f 11857 11736 11737
f 8179 11859 11857
f 11859 11736 11857
f 8147 11855 11859
f 11855 11736 11859
f 8148 11737 11855
f 11737 11736 11855
f 7045 11861 11864
f 11861 11858 11864
f 8180 11862 11861
f 11862 11858 11861
f 8147 11859 11862
f 11859 11858 11862
f 8179 11864 11859
f 11864 11858 11859
f 7044 11850 11865
f 11850 11849 11865
f 8175 11856 11850
f 11856 11849 11850
f 8147 11862 11856
f 11862 11849 11856
f 8180 11865 11862
f 11865 11849 11862
f 7031 11715 11857
f 11715 11714 11857
f 8138 11866 11715
f 11866 11714 11715
f 8137 11867 11866
f 11867 11714 11866
f 8179 11857 11867
f 11857 11714 11867
f 7023 11869 11703
f 11869 11702 11703
f 8182 11871 11869
f 11871 11702 11869
f 8137 11866 11871
f 11866 11702 11871
f 8138 11703 11866
f 11703 11702 11866
f 7041 11873 11876
f 11873 11870 11876
f 8184 11874 11873
f 11874 11870 11873
f 8137 11871 11874
f 11871 11870 11874
f 8182 11876 11871
f 11876 11870 11871
f 7045 11864 11878
f 11864 11863 11878
f 8179 11867 11864
f 11867 11863 11864
f 8137 11874 11867
f 11874 11863 11867
f 8184 11878 11874
f 11878 11863 11874
f 7023 11880 11869
f 11880 11868 11869
f 8186 11882 11880
f 11882 11868 11880
f 8181 11883 11882
f 11883 11868 11882
f 8182 11869 11883
f 11869 11868 11883
f 7024 11884 11888
f 11884 11881 11888
f 8187 11886 11884
f 11886 11881 11884
f 8181 11882 11886
f 11882 11881 11886
f 8186 11888 11882
f 11888 11881 11882
f 7042 11890 11893
f 11890 11885 11893
f 8188 11891 11890
f 11891 11885 11890
f 8181 11886 11891
f 11886 11885 11891
f 8187 11893 11886
f 11893 11885 11886
f 7041 11876 11894
f 11876 11875 11894
f 8182 11883 11876
f 11883 11875 11876
f 8181 11891 11883
f 11891 11875 11883
f 8188 11894 11891
f 11894 11875 11891
f 7024 11700 11884
f 11700 11699 11884
f 8133 11895 11700
f 11895 11699 11700
f 8132 11896 11895
f 11896 11699 11895
f 8187 11884 11896
f 11884 11699 11896
f 7032 11897 11695
f 11897 11694 11695
f 8189 11899 11897
f 11899 11694 11897
f 8132 11895 11899
f 11895 11694 11899
f 8133 11695 11895
f 11695 11694 11895
f 7046 11901 11904
f 11901 11898 11904
f 8190 11902 11901
f 11902 11898 11901
f 8132 11899 11902
f 11899 11898 11902
f 8189 11904 11899
f 11904 11898 11899
f 7042 11893 11905
f 11893 11892 11905
f 8187 11896 11893
f 11896 11892 11893
f 8132 11902 11896
f 11902 11892 11896
f 8190 11905 11902
f 11905 11892 11902
f 7032 11673 11897
f 11673 11672 11897
f 8123 11906 11673
f 11906 11672 11673
f 8122 11907 11906
f 11907 11672 11906
f 8189 11897 11907
f 11897 11672 11907
f 7025 11840 11661
f 11840 11660 11661
f 8178 11908 11840
f 11908 11660 11840
f 8122 11906 11908
f 11906 11660 11908
f 8123 11661 11906
f 11661 11660 11906
f 7043 11909 11852
f 11909 11851 11852
f 8191 11910 11909
f 11910 11851 11909
f 8122 11908 11910
f 11908 11851 11910
f 8178 11852 11908
f 11852 11851 11908
f 7046 11904 11912
f 11904 11903 11912
f 8189 11907 11904
f 11907 11903 11904
f 8122 11910 11907
f 11910 11903 11907
f 8191 11912 11910
f 11912 11903 11910
f 7043 11854 11909
f 11854 11853 11909
f 8177 11913 11854
f 11913 11853 11854
f 8176 11914 11913
f 11914 11853 11913
f 8191 11909 11914
f 11909 11853 11914
f 7044 11865 11847
f 11865 11846 11847
f 8180 11915 11865
f 11915 11846 11865
f 8176 11913 11915
f 11913 11846 11915
f 8177 11847 11913
f 11847 11846 11913
f 7045 11916 11861
f 11916 11860 11861
f 8192 11917 11916
f 11917 11860 11916
f 8176 11915 11917
f 11915 11860 11917
f 8180 11861 11915
f 11861 11860 11915
f 7046 11912 11918
f 11912 11911 11918
f 8191 11914 11912
f 11914 11911 11912
f 8176 11917 11914
f 11917 11911 11914
f 8192 11918 11917
f 11918 11911 11917
f 7041 11894 11873
f 11894 11872 11873
f 8188 11919 11894
f 11919 11872 11894
f 8183 11920 11919
f 11920 11872 11919
f 8184 11873 11920
f 11873 11872 11920
f 7042 11905 11890
f 11905 11889 11890
f 8190 11921 11905
f 11921 11889 11905
f 8183 11919 11921
f 11919 11889 11921
f 8188 11890 11919
f 11890 11889 11919
f 7046 11918 11901
f 11918 11900 11901
f 8192 11922 11918
f 11922 11900 11918
f 8183 11921 11922
f 11921 11900 11922
f 8190 11901 11921
f 11901 11900 11921
f 7045 11878 11916
f 11878 11877 11916
f 8184 11920 11878
f 11920 11877 11878
f 8183 11922 11920
f 11922 11877 11920
f 8192 11916 11922
f 11916 11877 11922
f 7030 11732 11926
f 11732 11731 11926
f 8150 11923 11732
f 11923 11731 11732
f 8149 11925 11923
f 11925 11731 11923
f 8196 11926 11925
f 11926 11731 11925
f 7026 11927 11740
f 11927 11739 11740
f 8193 11929 11927
f 11929 11739 11927
f 8149 11923 11929
f 11923 11739 11929
f 8150 11740 11923
f 11740 11739 11923
f 7050 11931 11934
f 11931 11928 11934
f 8195 11932 11931
f 11932 11928 11931
f 8149 11929 11932
f 11929 11928 11932
f 8193 11934 11929
f 11934 11928 11929
f 7054 11936 11938
f 11936 11924 11938
f 8196 11925 11936
f 11925 11924 11936
f 8149 11932 11925
f 11932 11924 11925
f 8195 11938 11932
f 11938 11924 11932
f 7024 11888 11942
f 11888 11887 11942
f 8186 11939 11888
f 11939 11887 11888
f 8185 11941 11939
f 11941 11887 11939
f 8200 11942 11941
f 11942 11887 11941
f 7023 11943 11880
f 11943 11879 11880
f 8197 11945 11943
f 11945 11879 11943
f 8185 11939 11945
f 11939 11879 11945
f 8186 11880 11939
f 11880 11879 11939
f 7047 11947 11950
f 11947 11944 11950
f 8199 11948 11947
f 11948 11944 11947
f 8185 11945 11948
f 11945 11944 11948
f 8197 11950 11945
f 11950 11944 11945
f 7048 11952 11954
f 11952 11940 11954
f 8200 11941 11952
f 11941 11940 11952
f 8185 11948 11941
f 11948 11940 11941
f 8199 11954 11948
f 11954 11940 11948
f 7026 11845 11927
f 11845 11844 11927
f 8174 11955 11845
f 11955 11844 11845
f 8173 11956 11955
f 11956 11844 11955
f 8193 11927 11956
f 11927 11844 11956
f 7025 11957 11835
f 11957 11834 11835
f 8201 11959 11957
f 11959 11834 11957
f 8173 11955 11959
f 11955 11834 11959
f 8174 11835 11955
f 11835 11834 11955
f 7049 11961 11964
f 11961 11958 11964
f 8202 11962 11961
f 11962 11958 11961
f 8173 11959 11962
f 11959 11958 11962
f 8201 11964 11959
f 11964 11958 11959
f 7050 11934 11965
f 11934 11933 11965
f 8193 11956 11934
f 11956 11933 11934
f 8173 11962 11956
f 11962 11933 11956
f 8202 11965 11962
f 11965 11933 11962
f 7027 11755 11969
f 11755 11754 11969
f 8153 11966 11755
f 11966 11754 11755
f 8152 11968 11966
f 11968 11754 11966
f 8205 11969 11968
f 11969 11754 11968
f 7028 11970 11745
f 11970 11744 11745
f 8203 11972 11970
f 11972 11744 11970
f 8152 11966 11972
f 11966 11744 11972
f 8153 11745 11966
f 11745 11744 11966
f 7052 11974 11977
f 11974 11971 11977
f 8204 11975 11974
f 11975 11971 11974
f 8152 11972 11975
f 11972 11971 11975
f 8203 11977 11972
f 11977 11971 11972
f 7051 11979 11981
f 11979 11967 11981
f 8205 11968 11979
f 11968 11967 11979
f 8152 11975 11968
f 11975 11967 11968
f 8204 11981 11975
f 11981 11967 11975
f 7029 11798 11985
f 11798 11797 11985
f 8165 11982 11798
f 11982 11797 11798
f 8164 11984 11982
f 11984 11797 11982
f 8207 11985 11984
f 11985 11797 11984
f 7030 11926 11790
f 11926 11789 11790
f 8196 11986 11926
f 11986 11789 11926
f 8164 11982 11986
f 11982 11789 11986
f 8165 11790 11982
f 11790 11789 11982
f 7054 11987 11936
f 11987 11935 11936
f 8206 11988 11987
f 11988 11935 11987
f 8164 11986 11988
f 11986 11935 11988
f 8196 11936 11986
f 11936 11935 11986
f 7053 11990 11992
f 11990 11983 11992
f 8207 11984 11990
f 11984 11983 11990
f 8164 11988 11984
f 11988 11983 11984
f 8206 11992 11988
f 11992 11983 11988
f 7023 11709 11943
f 11709 11708 11943
f 8144 11993 11709
f 11993 11708 11709
f 8143 11994 11993
f 11994 11708 11993
f 8197 11943 11994
f 11943 11708 11994
f 7027 11969 11722
f 11969 11721 11722
f 8205 11995 11969
f 11995 11721 11969
f 8143 11993 11995
f 11993 11721 11995
f 8144 11722 11993
f 11722 11721 11993
f 7051 11996 11979
f 11996 11978 11979
f 8208 11997 11996
f 11997 11978 11996
f 8143 11995 11997
f 11995 11978 11997
f 8205 11979 11995
f 11979 11978 11995
f 7047 11950 11998
f 11950 11949 11998
f 8197 11994 11950
f 11994 11949 11950
f 8143 11997 11994
f 11997 11949 11994
f 8208 11998 11997
f 11998 11949 11997
f 7028 11690 11970
f 11690 11689 11970
f 8135 11999 11690
f 11999 11689 11690
f 8134 12000 11999
f 12000 11689 11999
f 8203 11970 12000
f 11970 11689 12000
f 7024 11942 11698
f 11942 11697 11698
f 8200 12001 11942
f 12001 11697 11942
f 8134 11999 12001
f 11999 11697 12001
f 8135 11698 11999
f 11698 11697 11999
f 7048 12002 11952
f 12002 11951 11952
f 8209 12003 12002
f 12003 11951 12002
f 8134 12001 12003
f 12001 11951 12003
f 8200 11952 12001
f 11952 11951 12001
f 7052 11977 12004
f 11977 11976 12004
f 8203 12000 11977
f 12000 11976 11977
f 8134 12003 12000
f 12003 11976 12000
f 8209 12004 12003
f 12004 11976 12003
f 7025 11667 11957
f 11667 11666 11957
f 8129 12005 11667
f 12005 11666 11667
f 8128 12006 12005
f 12006 11666 12005
f 8201 11957 12006
f 11957 11666 12006
f 7029 11985 11680
f 11985 11679 11680
f 8207 12007 11985
f 12007 11679 11985
f 8128 12005 12007
f 12005 11679 12007
f 8129 11680 12005
f 11680 11679 12005
f 7053 12008 11990
f 12008 11989 11990
f 8210 12009 12008
f 12009 11989 12008
f 8128 12007 12009
f 12007 11989 12009
f 8207 11990 12007
f 11990 11989 12007
f 7049 11964 12010
f 11964 11963 12010
f 8201 12006 11964
f 12006 11963 11964
f 8128 12009 12006
f 12009 11963 12006
f 8210 12010 12009
f 12010 11963 12009
f 7051 11981 11996
f 11981 11980 11996
f 8204 12011 11981
f 12011 11980 11981
f 8198 12012 12011
f 12012 11980 12011
f 8208 11996 12012
f 11996 11980 12012
f 7052 12004 11974
f 12004 11973 11974
f 8209 12013 12004
f 12013 11973 12004
f 8198 12011 12013
f 12011 11973 12013
f 8204 11974 12011
f 11974 11973 12011
f 7048 11954 12002
f 11954 11953 12002
f 8199 12014 11954
f 12014 11953 11954
f 8198 12013 12014
f 12013 11953 12014
f 8209 12002 12013
f 12002 11953 12013
f 7047 11998 11947
f 11998 11946 11947
f 8208 12012 11998
f 12012 11946 11998
f 8198 12014 12012
f 12014 11946 12012
f 8199 11947 12014
f 11947 11946 12014
f 7053 11992 12008
f 11992 11991 12008
f 8206 12015 11992
f 12015 11991 11992
f 8194 12016 12015
f 12016 11991 12015
f 8210 12008 12016
f 12008 11991 12016
f 7054 11938 11987
f 11938 11937 11987
f 8195 12017 11938
f 12017 11937 11938
f 8194 12015 12017
f 12015 11937 12017
f 8206 11987 12015
f 11987 11937 12015
f 7050 11965 11931
f 11965 11930 11931
f 8202 12018 11965
f 12018 11930 11965
f 8194 12017 12018
f 12017 11930 12018
f 8195 11931 12017
f 11931 11930 12017
f 7049 12010 11961
f 12010 11960 11961
f 8210 12016 12010
f 12016 11960 12010
f 8194 12018 12016
f 12018 11960 12016
f 8202 11961 12018
f 11961 11960 12018
